sha,time,app,project,backend,freq,mappirlog,runpirlog,genpsimlog,gentracelog,runpsimlog,psimsh,runproutelog,proutesh,prouteSummary,AccelMain,logpath,gentst,maketst,runp2p,genpir,genpir_err,runpir_time,runpir_err,notFit,MC,DAG,PMU,PCU,row,col,p2p,asic,scheduled,fifo_depth,mappir_err,mappir_time,genpsim_err,gentrace_err,psimcycle,lbw,sbw,psim_deadlock,algo,pattern,slink,vlink,prtime,vcLimit,DynHopsVec,DynHopsScal,StatHopsVec,StatHopsScal,Score,NetVC,TotPkts,LinkLim,InjectLim,EjectLim,LongRoute,Q0Pct,Q0Lim,gentst_err,gentst_time,maketst_err,runp2p_cycle,runtst_err,runtst_pass,runp2p_deadlock,succeeded
0223c4af,2019-05-09 15:56:05,BlackScholes_0,pirTest,Tst,1000000000.0,gen/Tst_pirTest/BlackScholes_0/log/mappir.log,gen/Tst_pirTest/BlackScholes_0/log/runpir.log,gen/Tst_pirTest/BlackScholes_0/log/genpsim.log,gen/Tst_pirTest/BlackScholes_0/log/gentrace.log,gen/Tst_pirTest/BlackScholes_0/log/runpsim.log,gen/Tst_pirTest/BlackScholes_0/log/runpsim.sh,gen/Tst_pirTest/BlackScholes_0/log/runproute.log,gen/Tst_pirTest/BlackScholes_0/log/runproute.sh,gen/Tst_pirTest/BlackScholes_0/plastisim/summary.csv,gen/Tst_pirTest/BlackScholes_0/pir/AccelMain.scala,gen/Tst_pirTest/BlackScholes_0/log/,gen/Tst_pirTest/BlackScholes_0/log/gentst.log,gen/Tst_pirTest/BlackScholes_0/log/maketst.log,gen/Tst_pirTest/BlackScholes_0/log/runtst.log,True,,,,,,,,,,,False,False,False,100,,,,,,,,False,,,,,,,,,,,,,,,,,,,,,24.063575933,,2934,,True,False,True
0223c4af,2019-05-09 15:56:05,BlackScholes_1,pirTest,Tst,1000000000.0,gen/Tst_pirTest/BlackScholes_1/log/mappir.log,gen/Tst_pirTest/BlackScholes_1/log/runpir.log,gen/Tst_pirTest/BlackScholes_1/log/genpsim.log,gen/Tst_pirTest/BlackScholes_1/log/gentrace.log,gen/Tst_pirTest/BlackScholes_1/log/runpsim.log,gen/Tst_pirTest/BlackScholes_1/log/runpsim.sh,gen/Tst_pirTest/BlackScholes_1/log/runproute.log,gen/Tst_pirTest/BlackScholes_1/log/runproute.sh,gen/Tst_pirTest/BlackScholes_1/plastisim/summary.csv,gen/Tst_pirTest/BlackScholes_1/pir/AccelMain.scala,gen/Tst_pirTest/BlackScholes_1/log/,gen/Tst_pirTest/BlackScholes_1/log/gentst.log,gen/Tst_pirTest/BlackScholes_1/log/maketst.log,gen/Tst_pirTest/BlackScholes_1/log/runtst.log,True,,,,,,,,,,,False,False,False,100,,,,,,,,False,,,,,,,,,,,,,,,,,,,,,23.884586157,,30243,,True,False,True
0223c4af,2019-05-09 15:56:05,DotProduct_0,pirTest,Tst,1000000000.0,gen/Tst_pirTest/DotProduct_0/log/mappir.log,gen/Tst_pirTest/DotProduct_0/log/runpir.log,gen/Tst_pirTest/DotProduct_0/log/genpsim.log,gen/Tst_pirTest/DotProduct_0/log/gentrace.log,gen/Tst_pirTest/DotProduct_0/log/runpsim.log,gen/Tst_pirTest/DotProduct_0/log/runpsim.sh,gen/Tst_pirTest/DotProduct_0/log/runproute.log,gen/Tst_pirTest/DotProduct_0/log/runproute.sh,gen/Tst_pirTest/DotProduct_0/plastisim/summary.csv,gen/Tst_pirTest/DotProduct_0/pir/AccelMain.scala,gen/Tst_pirTest/DotProduct_0/log/,gen/Tst_pirTest/DotProduct_0/log/gentst.log,gen/Tst_pirTest/DotProduct_0/log/maketst.log,gen/Tst_pirTest/DotProduct_0/log/runtst.log,True,,,,,,,,,,,False,False,False,100,,,,,,,,False,,,,,,,,,,,,,,,,,,,,,9.3975737,,322,,True,False,True
0223c4af,2019-05-09 15:56:05,DotProduct_1,pirTest,Tst,1000000000.0,gen/Tst_pirTest/DotProduct_1/log/mappir.log,gen/Tst_pirTest/DotProduct_1/log/runpir.log,gen/Tst_pirTest/DotProduct_1/log/genpsim.log,gen/Tst_pirTest/DotProduct_1/log/gentrace.log,gen/Tst_pirTest/DotProduct_1/log/runpsim.log,gen/Tst_pirTest/DotProduct_1/log/runpsim.sh,gen/Tst_pirTest/DotProduct_1/log/runproute.log,gen/Tst_pirTest/DotProduct_1/log/runproute.sh,gen/Tst_pirTest/DotProduct_1/plastisim/summary.csv,gen/Tst_pirTest/DotProduct_1/pir/AccelMain.scala,gen/Tst_pirTest/DotProduct_1/log/,gen/Tst_pirTest/DotProduct_1/log/gentst.log,gen/Tst_pirTest/DotProduct_1/log/maketst.log,gen/Tst_pirTest/DotProduct_1/log/runtst.log,True,,,,,,,,,,,False,False,False,100,,,,,,,,False,,,,,,,,,,,,,,,,,,,,,8.803924269,,1157,,True,False,True
0223c4af,2019-05-09 15:56:05,DotProduct_2,pirTest,Tst,1000000000.0,gen/Tst_pirTest/DotProduct_2/log/mappir.log,gen/Tst_pirTest/DotProduct_2/log/runpir.log,gen/Tst_pirTest/DotProduct_2/log/genpsim.log,gen/Tst_pirTest/DotProduct_2/log/gentrace.log,gen/Tst_pirTest/DotProduct_2/log/runpsim.log,gen/Tst_pirTest/DotProduct_2/log/runpsim.sh,gen/Tst_pirTest/DotProduct_2/log/runproute.log,gen/Tst_pirTest/DotProduct_2/log/runproute.sh,gen/Tst_pirTest/DotProduct_2/plastisim/summary.csv,gen/Tst_pirTest/DotProduct_2/pir/AccelMain.scala,gen/Tst_pirTest/DotProduct_2/log/,gen/Tst_pirTest/DotProduct_2/log/gentst.log,gen/Tst_pirTest/DotProduct_2/log/maketst.log,gen/Tst_pirTest/DotProduct_2/log/runtst.log,True,,,,,,,,,,,False,False,False,100,,,,,,,,False,,,,,,,,,,,,,,,,,,,,,12.266253283,,658,,True,False,True
0223c4af,2019-05-09 15:56:05,DotProduct_3,pirTest,Tst,1000000000.0,gen/Tst_pirTest/DotProduct_3/log/mappir.log,gen/Tst_pirTest/DotProduct_3/log/runpir.log,gen/Tst_pirTest/DotProduct_3/log/genpsim.log,gen/Tst_pirTest/DotProduct_3/log/gentrace.log,gen/Tst_pirTest/DotProduct_3/log/runpsim.log,gen/Tst_pirTest/DotProduct_3/log/runpsim.sh,gen/Tst_pirTest/DotProduct_3/log/runproute.log,gen/Tst_pirTest/DotProduct_3/log/runproute.sh,gen/Tst_pirTest/DotProduct_3/plastisim/summary.csv,gen/Tst_pirTest/DotProduct_3/pir/AccelMain.scala,gen/Tst_pirTest/DotProduct_3/log/,gen/Tst_pirTest/DotProduct_3/log/gentst.log,gen/Tst_pirTest/DotProduct_3/log/maketst.log,gen/Tst_pirTest/DotProduct_3/log/runtst.log,True,,,,,,,,,,,False,False,False,100,,,,,,,,False,,,,,,,,,,,,,,,,,,,,,12.448650234,,296,,True,False,True
0223c4af,2019-05-09 15:56:05,GDA_0,pirTest,Tst,1000000000.0,gen/Tst_pirTest/GDA_0/log/mappir.log,gen/Tst_pirTest/GDA_0/log/runpir.log,gen/Tst_pirTest/GDA_0/log/genpsim.log,gen/Tst_pirTest/GDA_0/log/gentrace.log,gen/Tst_pirTest/GDA_0/log/runpsim.log,gen/Tst_pirTest/GDA_0/log/runpsim.sh,gen/Tst_pirTest/GDA_0/log/runproute.log,gen/Tst_pirTest/GDA_0/log/runproute.sh,gen/Tst_pirTest/GDA_0/plastisim/summary.csv,gen/Tst_pirTest/GDA_0/pir/AccelMain.scala,gen/Tst_pirTest/GDA_0/log/,gen/Tst_pirTest/GDA_0/log/gentst.log,gen/Tst_pirTest/GDA_0/log/maketst.log,gen/Tst_pirTest/GDA_0/log/runtst.log,True,,,,,,,,,,,False,False,False,100,,,,,,,,False,,,,,,,,,,,,,,,,,,,,,19.571489617,,1078971,,True,False,True
0223c4af,2019-05-09 15:56:05,GDA_1,pirTest,Tst,1000000000.0,gen/Tst_pirTest/GDA_1/log/mappir.log,gen/Tst_pirTest/GDA_1/log/runpir.log,gen/Tst_pirTest/GDA_1/log/genpsim.log,gen/Tst_pirTest/GDA_1/log/gentrace.log,gen/Tst_pirTest/GDA_1/log/runpsim.log,gen/Tst_pirTest/GDA_1/log/runpsim.sh,gen/Tst_pirTest/GDA_1/log/runproute.log,gen/Tst_pirTest/GDA_1/log/runproute.sh,gen/Tst_pirTest/GDA_1/plastisim/summary.csv,gen/Tst_pirTest/GDA_1/pir/AccelMain.scala,gen/Tst_pirTest/GDA_1/log/,gen/Tst_pirTest/GDA_1/log/gentst.log,gen/Tst_pirTest/GDA_1/log/maketst.log,gen/Tst_pirTest/GDA_1/log/runtst.log,True,,,,,,,,,,,False,False,False,100,,,,,,,,False,,,,,,,,,,,,,,,,,,,,,24.077498825,,6016,,True,False,True
0223c4af,2019-05-09 15:56:05,GDA_14,pirTest,Tst,1000000000.0,gen/Tst_pirTest/GDA_14/log/mappir.log,gen/Tst_pirTest/GDA_14/log/runpir.log,gen/Tst_pirTest/GDA_14/log/genpsim.log,gen/Tst_pirTest/GDA_14/log/gentrace.log,gen/Tst_pirTest/GDA_14/log/runpsim.log,gen/Tst_pirTest/GDA_14/log/runpsim.sh,gen/Tst_pirTest/GDA_14/log/runproute.log,gen/Tst_pirTest/GDA_14/log/runproute.sh,gen/Tst_pirTest/GDA_14/plastisim/summary.csv,gen/Tst_pirTest/GDA_14/pir/AccelMain.scala,gen/Tst_pirTest/GDA_14/log/,gen/Tst_pirTest/GDA_14/log/gentst.log,gen/Tst_pirTest/GDA_14/log/maketst.log,gen/Tst_pirTest/GDA_14/log/runtst.log,True,,,,,,,,,,,False,False,False,100,,,,,,,,False,,,,,,,,,,,,,,,,,,,,,56.729612892,,999371,,True,False,True
0223c4af,2019-05-09 15:56:05,GDA_2,pirTest,Tst,1000000000.0,gen/Tst_pirTest/GDA_2/log/mappir.log,gen/Tst_pirTest/GDA_2/log/runpir.log,gen/Tst_pirTest/GDA_2/log/genpsim.log,gen/Tst_pirTest/GDA_2/log/gentrace.log,gen/Tst_pirTest/GDA_2/log/runpsim.log,gen/Tst_pirTest/GDA_2/log/runpsim.sh,gen/Tst_pirTest/GDA_2/log/runproute.log,gen/Tst_pirTest/GDA_2/log/runproute.sh,gen/Tst_pirTest/GDA_2/plastisim/summary.csv,gen/Tst_pirTest/GDA_2/pir/AccelMain.scala,gen/Tst_pirTest/GDA_2/log/,gen/Tst_pirTest/GDA_2/log/gentst.log,gen/Tst_pirTest/GDA_2/log/maketst.log,gen/Tst_pirTest/GDA_2/log/runtst.log,True,,,,,,,,,,,False,False,False,100,,,,,,,,False,,,,,,,,,,,,,,,,,,,,,37.796038749,,3322,,True,False,True
0223c4af,2019-05-09 15:56:05,GDA_3,pirTest,Tst,1000000000.0,gen/Tst_pirTest/GDA_3/log/mappir.log,gen/Tst_pirTest/GDA_3/log/runpir.log,gen/Tst_pirTest/GDA_3/log/genpsim.log,gen/Tst_pirTest/GDA_3/log/gentrace.log,gen/Tst_pirTest/GDA_3/log/runpsim.log,gen/Tst_pirTest/GDA_3/log/runpsim.sh,gen/Tst_pirTest/GDA_3/log/runproute.log,gen/Tst_pirTest/GDA_3/log/runproute.sh,gen/Tst_pirTest/GDA_3/plastisim/summary.csv,gen/Tst_pirTest/GDA_3/pir/AccelMain.scala,gen/Tst_pirTest/GDA_3/log/,gen/Tst_pirTest/GDA_3/log/gentst.log,gen/Tst_pirTest/GDA_3/log/maketst.log,gen/Tst_pirTest/GDA_3/log/runtst.log,True,,,,,,,,,,,False,False,False,100,,,,,,,,False,,,,,,,,,,,,,,,,,,,,,31.246437005,,7367,,True,False,True
0223c4af,2019-05-09 15:56:05,GDA_4,pirTest,Tst,1000000000.0,gen/Tst_pirTest/GDA_4/log/mappir.log,gen/Tst_pirTest/GDA_4/log/runpir.log,gen/Tst_pirTest/GDA_4/log/genpsim.log,gen/Tst_pirTest/GDA_4/log/gentrace.log,gen/Tst_pirTest/GDA_4/log/runpsim.log,gen/Tst_pirTest/GDA_4/log/runpsim.sh,gen/Tst_pirTest/GDA_4/log/runproute.log,gen/Tst_pirTest/GDA_4/log/runproute.sh,gen/Tst_pirTest/GDA_4/plastisim/summary.csv,gen/Tst_pirTest/GDA_4/pir/AccelMain.scala,gen/Tst_pirTest/GDA_4/log/,gen/Tst_pirTest/GDA_4/log/gentst.log,gen/Tst_pirTest/GDA_4/log/maketst.log,gen/Tst_pirTest/GDA_4/log/runtst.log,True,,,,,,,,,,,False,False,False,100,,,,,,,,False,,,,,,,,,,,,,,,,,,,,,55.59698403,,3948,,True,False,True
0223c4af,2019-05-09 15:56:05,GDA_5,pirTest,Tst,1000000000.0,gen/Tst_pirTest/GDA_5/log/mappir.log,gen/Tst_pirTest/GDA_5/log/runpir.log,gen/Tst_pirTest/GDA_5/log/genpsim.log,gen/Tst_pirTest/GDA_5/log/gentrace.log,gen/Tst_pirTest/GDA_5/log/runpsim.log,gen/Tst_pirTest/GDA_5/log/runpsim.sh,gen/Tst_pirTest/GDA_5/log/runproute.log,gen/Tst_pirTest/GDA_5/log/runproute.sh,gen/Tst_pirTest/GDA_5/plastisim/summary.csv,gen/Tst_pirTest/GDA_5/pir/AccelMain.scala,gen/Tst_pirTest/GDA_5/log/,gen/Tst_pirTest/GDA_5/log/gentst.log,gen/Tst_pirTest/GDA_5/log/maketst.log,gen/Tst_pirTest/GDA_5/log/runtst.log,True,,,,,,,,,,,False,False,False,100,,,,,,,,False,,,,,,,,,,,,,,,,,,,,,26.56920958,,21785,,True,False,True
0223c4af,2019-05-09 15:56:05,GDA_6,pirTest,Tst,1000000000.0,gen/Tst_pirTest/GDA_6/log/mappir.log,gen/Tst_pirTest/GDA_6/log/runpir.log,gen/Tst_pirTest/GDA_6/log/genpsim.log,gen/Tst_pirTest/GDA_6/log/gentrace.log,gen/Tst_pirTest/GDA_6/log/runpsim.log,gen/Tst_pirTest/GDA_6/log/runpsim.sh,gen/Tst_pirTest/GDA_6/log/runproute.log,gen/Tst_pirTest/GDA_6/log/runproute.sh,gen/Tst_pirTest/GDA_6/plastisim/summary.csv,gen/Tst_pirTest/GDA_6/pir/AccelMain.scala,gen/Tst_pirTest/GDA_6/log/,gen/Tst_pirTest/GDA_6/log/gentst.log,gen/Tst_pirTest/GDA_6/log/maketst.log,gen/Tst_pirTest/GDA_6/log/runtst.log,True,,,,,,,,,,,False,False,False,100,,,,,,,,False,,,,,,,,,,,,,,,,,,,,,53.02179925,,2769263,,True,False,True
0223c4af,2019-05-09 15:56:05,GEMM_0,pirTest,Tst,1000000000.0,gen/Tst_pirTest/GEMM_0/log/mappir.log,gen/Tst_pirTest/GEMM_0/log/runpir.log,gen/Tst_pirTest/GEMM_0/log/genpsim.log,gen/Tst_pirTest/GEMM_0/log/gentrace.log,gen/Tst_pirTest/GEMM_0/log/runpsim.log,gen/Tst_pirTest/GEMM_0/log/runpsim.sh,gen/Tst_pirTest/GEMM_0/log/runproute.log,gen/Tst_pirTest/GEMM_0/log/runproute.sh,gen/Tst_pirTest/GEMM_0/plastisim/summary.csv,gen/Tst_pirTest/GEMM_0/pir/AccelMain.scala,gen/Tst_pirTest/GEMM_0/log/,gen/Tst_pirTest/GEMM_0/log/gentst.log,gen/Tst_pirTest/GEMM_0/log/maketst.log,gen/Tst_pirTest/GEMM_0/log/runtst.log,True,,,,,,,,,,,False,False,False,100,,,,,,,,False,,,,,,,,,,,,,,,,,,,,,20.104621363,,132904,,True,False,True
0223c4af,2019-05-09 15:56:05,GEMM_1,pirTest,Tst,1000000000.0,gen/Tst_pirTest/GEMM_1/log/mappir.log,gen/Tst_pirTest/GEMM_1/log/runpir.log,gen/Tst_pirTest/GEMM_1/log/genpsim.log,gen/Tst_pirTest/GEMM_1/log/gentrace.log,gen/Tst_pirTest/GEMM_1/log/runpsim.log,gen/Tst_pirTest/GEMM_1/log/runpsim.sh,gen/Tst_pirTest/GEMM_1/log/runproute.log,gen/Tst_pirTest/GEMM_1/log/runproute.sh,gen/Tst_pirTest/GEMM_1/plastisim/summary.csv,gen/Tst_pirTest/GEMM_1/pir/AccelMain.scala,gen/Tst_pirTest/GEMM_1/log/,gen/Tst_pirTest/GEMM_1/log/gentst.log,gen/Tst_pirTest/GEMM_1/log/maketst.log,gen/Tst_pirTest/GEMM_1/log/runtst.log,True,,,,,,,,,,,False,False,False,100,,,,,,,,False,,,,,,,,,,,,,,,,,,,,,19.188522099,,2109610,,True,False,True
0223c4af,2019-05-09 15:56:05,GEMM_10,pirTest,Tst,1000000000.0,gen/Tst_pirTest/GEMM_10/log/mappir.log,gen/Tst_pirTest/GEMM_10/log/runpir.log,gen/Tst_pirTest/GEMM_10/log/genpsim.log,gen/Tst_pirTest/GEMM_10/log/gentrace.log,gen/Tst_pirTest/GEMM_10/log/runpsim.log,gen/Tst_pirTest/GEMM_10/log/runpsim.sh,gen/Tst_pirTest/GEMM_10/log/runproute.log,gen/Tst_pirTest/GEMM_10/log/runproute.sh,gen/Tst_pirTest/GEMM_10/plastisim/summary.csv,gen/Tst_pirTest/GEMM_10/pir/AccelMain.scala,gen/Tst_pirTest/GEMM_10/log/,gen/Tst_pirTest/GEMM_10/log/gentst.log,gen/Tst_pirTest/GEMM_10/log/maketst.log,gen/Tst_pirTest/GEMM_10/log/runtst.log,True,,,,,,,,,,,False,False,False,100,,,,,,,,False,,,,,,,,,,,,,,,,,,,,,45.300300379,,19967,,True,False,True
0223c4af,2019-05-09 15:56:05,GEMM_11,pirTest,Tst,1000000000.0,gen/Tst_pirTest/GEMM_11/log/mappir.log,gen/Tst_pirTest/GEMM_11/log/runpir.log,gen/Tst_pirTest/GEMM_11/log/genpsim.log,gen/Tst_pirTest/GEMM_11/log/gentrace.log,gen/Tst_pirTest/GEMM_11/log/runpsim.log,gen/Tst_pirTest/GEMM_11/log/runpsim.sh,gen/Tst_pirTest/GEMM_11/log/runproute.log,gen/Tst_pirTest/GEMM_11/log/runproute.sh,gen/Tst_pirTest/GEMM_11/plastisim/summary.csv,gen/Tst_pirTest/GEMM_11/pir/AccelMain.scala,gen/Tst_pirTest/GEMM_11/log/,gen/Tst_pirTest/GEMM_11/log/gentst.log,gen/Tst_pirTest/GEMM_11/log/maketst.log,gen/Tst_pirTest/GEMM_11/log/runtst.log,True,,,,,,,,,,,False,False,False,100,,,,,,,,False,,,,,,,,,,,,,,,,,,,,,46.031689096,,9910,,True,False,True
0223c4af,2019-05-09 15:56:05,GEMM_12,pirTest,Tst,1000000000.0,gen/Tst_pirTest/GEMM_12/log/mappir.log,gen/Tst_pirTest/GEMM_12/log/runpir.log,gen/Tst_pirTest/GEMM_12/log/genpsim.log,gen/Tst_pirTest/GEMM_12/log/gentrace.log,gen/Tst_pirTest/GEMM_12/log/runpsim.log,gen/Tst_pirTest/GEMM_12/log/runpsim.sh,gen/Tst_pirTest/GEMM_12/log/runproute.log,gen/Tst_pirTest/GEMM_12/log/runproute.sh,gen/Tst_pirTest/GEMM_12/plastisim/summary.csv,gen/Tst_pirTest/GEMM_12/pir/AccelMain.scala,gen/Tst_pirTest/GEMM_12/log/,gen/Tst_pirTest/GEMM_12/log/gentst.log,gen/Tst_pirTest/GEMM_12/log/maketst.log,gen/Tst_pirTest/GEMM_12/log/runtst.log,True,,,,,,,,,,,False,False,False,100,,,,,,,,False,,,,,,,,,,,,,,,,,,,,,41.441137207,,21080,,True,False,True
0223c4af,2019-05-09 15:56:05,GEMM_13,pirTest,Tst,1000000000.0,gen/Tst_pirTest/GEMM_13/log/mappir.log,gen/Tst_pirTest/GEMM_13/log/runpir.log,gen/Tst_pirTest/GEMM_13/log/genpsim.log,gen/Tst_pirTest/GEMM_13/log/gentrace.log,gen/Tst_pirTest/GEMM_13/log/runpsim.log,gen/Tst_pirTest/GEMM_13/log/runpsim.sh,gen/Tst_pirTest/GEMM_13/log/runproute.log,gen/Tst_pirTest/GEMM_13/log/runproute.sh,gen/Tst_pirTest/GEMM_13/plastisim/summary.csv,gen/Tst_pirTest/GEMM_13/pir/AccelMain.scala,gen/Tst_pirTest/GEMM_13/log/,gen/Tst_pirTest/GEMM_13/log/gentst.log,gen/Tst_pirTest/GEMM_13/log/maketst.log,gen/Tst_pirTest/GEMM_13/log/runtst.log,True,,,,,,,,,,,False,False,False,100,,,,,,,,False,,,,,,,,,,,,,,,,,,,,,58.90370247,,9131,,True,False,True
0223c4af,2019-05-09 15:56:05,GEMM_14,pirTest,Tst,1000000000.0,gen/Tst_pirTest/GEMM_14/log/mappir.log,gen/Tst_pirTest/GEMM_14/log/runpir.log,gen/Tst_pirTest/GEMM_14/log/genpsim.log,gen/Tst_pirTest/GEMM_14/log/gentrace.log,gen/Tst_pirTest/GEMM_14/log/runpsim.log,gen/Tst_pirTest/GEMM_14/log/runpsim.sh,gen/Tst_pirTest/GEMM_14/log/runproute.log,gen/Tst_pirTest/GEMM_14/log/runproute.sh,gen/Tst_pirTest/GEMM_14/plastisim/summary.csv,gen/Tst_pirTest/GEMM_14/pir/AccelMain.scala,gen/Tst_pirTest/GEMM_14/log/,gen/Tst_pirTest/GEMM_14/log/gentst.log,gen/Tst_pirTest/GEMM_14/log/maketst.log,gen/Tst_pirTest/GEMM_14/log/runtst.log,True,,,,,,,,,,,False,False,False,100,,,,,,,,False,,,,,,,,,,,,,,,,,,,,,59.447993344,,9392,,True,False,True
0223c4af,2019-05-09 15:56:05,GEMM_15,pirTest,Tst,1000000000.0,gen/Tst_pirTest/GEMM_15/log/mappir.log,gen/Tst_pirTest/GEMM_15/log/runpir.log,gen/Tst_pirTest/GEMM_15/log/genpsim.log,gen/Tst_pirTest/GEMM_15/log/gentrace.log,gen/Tst_pirTest/GEMM_15/log/runpsim.log,gen/Tst_pirTest/GEMM_15/log/runpsim.sh,gen/Tst_pirTest/GEMM_15/log/runproute.log,gen/Tst_pirTest/GEMM_15/log/runproute.sh,gen/Tst_pirTest/GEMM_15/plastisim/summary.csv,gen/Tst_pirTest/GEMM_15/pir/AccelMain.scala,gen/Tst_pirTest/GEMM_15/log/,gen/Tst_pirTest/GEMM_15/log/gentst.log,gen/Tst_pirTest/GEMM_15/log/maketst.log,gen/Tst_pirTest/GEMM_15/log/runtst.log,True,,,,,,,,,,,False,False,False,100,,,,,,,,False,,,,,,,,,,,,,,,,,,,,,80.782601366,,12145,,True,False,True
0223c4af,2019-05-09 15:56:05,GEMM_16,pirTest,Tst,1000000000.0,gen/Tst_pirTest/GEMM_16/log/mappir.log,gen/Tst_pirTest/GEMM_16/log/runpir.log,gen/Tst_pirTest/GEMM_16/log/genpsim.log,gen/Tst_pirTest/GEMM_16/log/gentrace.log,gen/Tst_pirTest/GEMM_16/log/runpsim.log,gen/Tst_pirTest/GEMM_16/log/runpsim.sh,gen/Tst_pirTest/GEMM_16/log/runproute.log,gen/Tst_pirTest/GEMM_16/log/runproute.sh,gen/Tst_pirTest/GEMM_16/plastisim/summary.csv,gen/Tst_pirTest/GEMM_16/pir/AccelMain.scala,gen/Tst_pirTest/GEMM_16/log/,gen/Tst_pirTest/GEMM_16/log/gentst.log,gen/Tst_pirTest/GEMM_16/log/maketst.log,gen/Tst_pirTest/GEMM_16/log/runtst.log,True,,,,,,,,,,,False,False,False,100,,,,,,,,False,,,,,,,,,,,,,,,,,,,,,86.04157983,,5040,,True,False,True
0223c4af,2019-05-09 15:56:05,GEMM_17,pirTest,Tst,1000000000.0,gen/Tst_pirTest/GEMM_17/log/mappir.log,gen/Tst_pirTest/GEMM_17/log/runpir.log,gen/Tst_pirTest/GEMM_17/log/genpsim.log,gen/Tst_pirTest/GEMM_17/log/gentrace.log,gen/Tst_pirTest/GEMM_17/log/runpsim.log,gen/Tst_pirTest/GEMM_17/log/runpsim.sh,gen/Tst_pirTest/GEMM_17/log/runproute.log,gen/Tst_pirTest/GEMM_17/log/runproute.sh,gen/Tst_pirTest/GEMM_17/plastisim/summary.csv,gen/Tst_pirTest/GEMM_17/pir/AccelMain.scala,gen/Tst_pirTest/GEMM_17/log/,gen/Tst_pirTest/GEMM_17/log/gentst.log,gen/Tst_pirTest/GEMM_17/log/maketst.log,gen/Tst_pirTest/GEMM_17/log/runtst.log,True,,,,,,,,,,,False,False,False,100,,,,,,,,False,,,,,,,,,,,,,,,,,,,,,89.569235793,,4266,,True,False,True
0223c4af,2019-05-09 15:56:05,GEMM_18,pirTest,Tst,1000000000.0,gen/Tst_pirTest/GEMM_18/log/mappir.log,gen/Tst_pirTest/GEMM_18/log/runpir.log,gen/Tst_pirTest/GEMM_18/log/genpsim.log,gen/Tst_pirTest/GEMM_18/log/gentrace.log,gen/Tst_pirTest/GEMM_18/log/runpsim.log,gen/Tst_pirTest/GEMM_18/log/runpsim.sh,gen/Tst_pirTest/GEMM_18/log/runproute.log,gen/Tst_pirTest/GEMM_18/log/runproute.sh,gen/Tst_pirTest/GEMM_18/plastisim/summary.csv,gen/Tst_pirTest/GEMM_18/pir/AccelMain.scala,gen/Tst_pirTest/GEMM_18/log/,gen/Tst_pirTest/GEMM_18/log/gentst.log,gen/Tst_pirTest/GEMM_18/log/maketst.log,gen/Tst_pirTest/GEMM_18/log/runtst.log,True,,,,,,,,,,,False,False,False,100,,,,,,,,False,,,,,,,,,,,,,,,,,,,,,92.424351826,,3212,,True,False,True
0223c4af,2019-05-09 15:56:05,GEMM_2,pirTest,Tst,1000000000.0,gen/Tst_pirTest/GEMM_2/log/mappir.log,gen/Tst_pirTest/GEMM_2/log/runpir.log,gen/Tst_pirTest/GEMM_2/log/genpsim.log,gen/Tst_pirTest/GEMM_2/log/gentrace.log,gen/Tst_pirTest/GEMM_2/log/runpsim.log,gen/Tst_pirTest/GEMM_2/log/runpsim.sh,gen/Tst_pirTest/GEMM_2/log/runproute.log,gen/Tst_pirTest/GEMM_2/log/runproute.sh,gen/Tst_pirTest/GEMM_2/plastisim/summary.csv,gen/Tst_pirTest/GEMM_2/pir/AccelMain.scala,gen/Tst_pirTest/GEMM_2/log/,gen/Tst_pirTest/GEMM_2/log/gentst.log,gen/Tst_pirTest/GEMM_2/log/maketst.log,gen/Tst_pirTest/GEMM_2/log/runtst.log,True,,,,,,,,,,,False,False,False,100,,,,,,,,False,,,,,,,,,,,,,,,,,,,,,28.120602943,,67207,,True,False,True
0223c4af,2019-05-09 15:56:05,GEMM_3,pirTest,Tst,1000000000.0,gen/Tst_pirTest/GEMM_3/log/mappir.log,gen/Tst_pirTest/GEMM_3/log/runpir.log,gen/Tst_pirTest/GEMM_3/log/genpsim.log,gen/Tst_pirTest/GEMM_3/log/gentrace.log,gen/Tst_pirTest/GEMM_3/log/runpsim.log,gen/Tst_pirTest/GEMM_3/log/runpsim.sh,gen/Tst_pirTest/GEMM_3/log/runproute.log,gen/Tst_pirTest/GEMM_3/log/runproute.sh,gen/Tst_pirTest/GEMM_3/plastisim/summary.csv,gen/Tst_pirTest/GEMM_3/pir/AccelMain.scala,gen/Tst_pirTest/GEMM_3/log/,gen/Tst_pirTest/GEMM_3/log/gentst.log,gen/Tst_pirTest/GEMM_3/log/maketst.log,gen/Tst_pirTest/GEMM_3/log/runtst.log,True,,,,,,,,,,,False,False,False,100,,,,,,,,False,,,,,,,,,,,,,,,,,,,,,27.480914737,,70021,,True,False,True
0223c4af,2019-05-09 15:56:05,GEMM_4,pirTest,Tst,1000000000.0,gen/Tst_pirTest/GEMM_4/log/mappir.log,gen/Tst_pirTest/GEMM_4/log/runpir.log,gen/Tst_pirTest/GEMM_4/log/genpsim.log,gen/Tst_pirTest/GEMM_4/log/gentrace.log,gen/Tst_pirTest/GEMM_4/log/runpsim.log,gen/Tst_pirTest/GEMM_4/log/runpsim.sh,gen/Tst_pirTest/GEMM_4/log/runproute.log,gen/Tst_pirTest/GEMM_4/log/runproute.sh,gen/Tst_pirTest/GEMM_4/plastisim/summary.csv,gen/Tst_pirTest/GEMM_4/pir/AccelMain.scala,gen/Tst_pirTest/GEMM_4/log/,gen/Tst_pirTest/GEMM_4/log/gentst.log,gen/Tst_pirTest/GEMM_4/log/maketst.log,gen/Tst_pirTest/GEMM_4/log/runtst.log,True,,,,,,,,,,,False,False,False,100,,,,,,,,False,,,,,,,,,,,,,,,,,,,,,29.04081354,,67146,,True,False,True
0223c4af,2019-05-09 15:56:05,GEMM_6,pirTest,Tst,1000000000.0,gen/Tst_pirTest/GEMM_6/log/mappir.log,gen/Tst_pirTest/GEMM_6/log/runpir.log,gen/Tst_pirTest/GEMM_6/log/genpsim.log,gen/Tst_pirTest/GEMM_6/log/gentrace.log,gen/Tst_pirTest/GEMM_6/log/runpsim.log,gen/Tst_pirTest/GEMM_6/log/runpsim.sh,gen/Tst_pirTest/GEMM_6/log/runproute.log,gen/Tst_pirTest/GEMM_6/log/runproute.sh,gen/Tst_pirTest/GEMM_6/plastisim/summary.csv,gen/Tst_pirTest/GEMM_6/pir/AccelMain.scala,gen/Tst_pirTest/GEMM_6/log/,gen/Tst_pirTest/GEMM_6/log/gentst.log,gen/Tst_pirTest/GEMM_6/log/maketst.log,gen/Tst_pirTest/GEMM_6/log/runtst.log,True,,,,,,,,,,,False,False,False,100,,,,,,,,False,,,,,,,,,,,,,,,,,,,,,76.844141805,,27213,,True,False,True
0223c4af,2019-05-09 15:56:05,GEMM_7,pirTest,Tst,1000000000.0,gen/Tst_pirTest/GEMM_7/log/mappir.log,gen/Tst_pirTest/GEMM_7/log/runpir.log,gen/Tst_pirTest/GEMM_7/log/genpsim.log,gen/Tst_pirTest/GEMM_7/log/gentrace.log,gen/Tst_pirTest/GEMM_7/log/runpsim.log,gen/Tst_pirTest/GEMM_7/log/runpsim.sh,gen/Tst_pirTest/GEMM_7/log/runproute.log,gen/Tst_pirTest/GEMM_7/log/runproute.sh,gen/Tst_pirTest/GEMM_7/plastisim/summary.csv,gen/Tst_pirTest/GEMM_7/pir/AccelMain.scala,gen/Tst_pirTest/GEMM_7/log/,gen/Tst_pirTest/GEMM_7/log/gentst.log,gen/Tst_pirTest/GEMM_7/log/maketst.log,gen/Tst_pirTest/GEMM_7/log/runtst.log,True,,,,,,,,,,,False,False,False,100,,,,,,,,False,,,,,,,,,,,,,,,,,,,,,24.848227007,,38118,,True,False,True
0223c4af,2019-05-09 15:56:05,GEMM_8,pirTest,Tst,1000000000.0,gen/Tst_pirTest/GEMM_8/log/mappir.log,gen/Tst_pirTest/GEMM_8/log/runpir.log,gen/Tst_pirTest/GEMM_8/log/genpsim.log,gen/Tst_pirTest/GEMM_8/log/gentrace.log,gen/Tst_pirTest/GEMM_8/log/runpsim.log,gen/Tst_pirTest/GEMM_8/log/runpsim.sh,gen/Tst_pirTest/GEMM_8/log/runproute.log,gen/Tst_pirTest/GEMM_8/log/runproute.sh,gen/Tst_pirTest/GEMM_8/plastisim/summary.csv,gen/Tst_pirTest/GEMM_8/pir/AccelMain.scala,gen/Tst_pirTest/GEMM_8/log/,gen/Tst_pirTest/GEMM_8/log/gentst.log,gen/Tst_pirTest/GEMM_8/log/maketst.log,gen/Tst_pirTest/GEMM_8/log/runtst.log,True,,,,,,,,,,,False,False,False,100,,,,,,,,False,,,,,,,,,,,,,,,,,,,,,28.61600264,,3253,,True,False,True
0223c4af,2019-05-09 15:56:05,GEMM_9,pirTest,Tst,1000000000.0,gen/Tst_pirTest/GEMM_9/log/mappir.log,gen/Tst_pirTest/GEMM_9/log/runpir.log,gen/Tst_pirTest/GEMM_9/log/genpsim.log,gen/Tst_pirTest/GEMM_9/log/gentrace.log,gen/Tst_pirTest/GEMM_9/log/runpsim.log,gen/Tst_pirTest/GEMM_9/log/runpsim.sh,gen/Tst_pirTest/GEMM_9/log/runproute.log,gen/Tst_pirTest/GEMM_9/log/runproute.sh,gen/Tst_pirTest/GEMM_9/plastisim/summary.csv,gen/Tst_pirTest/GEMM_9/pir/AccelMain.scala,gen/Tst_pirTest/GEMM_9/log/,gen/Tst_pirTest/GEMM_9/log/gentst.log,gen/Tst_pirTest/GEMM_9/log/maketst.log,gen/Tst_pirTest/GEMM_9/log/runtst.log,True,,,,,,,,,,,False,False,False,100,,,,,,,,False,,,,,,,,,,,,,,,,,,,,,28.830696163,,8834,,True,False,True
0223c4af,2019-05-09 15:56:05,GRU_0,pirTest,Tst,1000000000.0,gen/Tst_pirTest/GRU_0/log/mappir.log,gen/Tst_pirTest/GRU_0/log/runpir.log,gen/Tst_pirTest/GRU_0/log/genpsim.log,gen/Tst_pirTest/GRU_0/log/gentrace.log,gen/Tst_pirTest/GRU_0/log/runpsim.log,gen/Tst_pirTest/GRU_0/log/runpsim.sh,gen/Tst_pirTest/GRU_0/log/runproute.log,gen/Tst_pirTest/GRU_0/log/runproute.sh,gen/Tst_pirTest/GRU_0/plastisim/summary.csv,gen/Tst_pirTest/GRU_0/pir/AccelMain.scala,gen/Tst_pirTest/GRU_0/log/,gen/Tst_pirTest/GRU_0/log/gentst.log,gen/Tst_pirTest/GRU_0/log/maketst.log,gen/Tst_pirTest/GRU_0/log/runtst.log,False,,,,,,,,,,,False,False,False,100,,,,,,,,False,,,,,,,,,,,,,,,,,,,,,,,,,,False,False
0223c4af,2019-05-09 15:56:05,GRU_1,pirTest,Tst,1000000000.0,gen/Tst_pirTest/GRU_1/log/mappir.log,gen/Tst_pirTest/GRU_1/log/runpir.log,gen/Tst_pirTest/GRU_1/log/genpsim.log,gen/Tst_pirTest/GRU_1/log/gentrace.log,gen/Tst_pirTest/GRU_1/log/runpsim.log,gen/Tst_pirTest/GRU_1/log/runpsim.sh,gen/Tst_pirTest/GRU_1/log/runproute.log,gen/Tst_pirTest/GRU_1/log/runproute.sh,gen/Tst_pirTest/GRU_1/plastisim/summary.csv,gen/Tst_pirTest/GRU_1/pir/AccelMain.scala,gen/Tst_pirTest/GRU_1/log/,gen/Tst_pirTest/GRU_1/log/gentst.log,gen/Tst_pirTest/GRU_1/log/maketst.log,gen/Tst_pirTest/GRU_1/log/runtst.log,False,,,,,,,,,,,False,False,False,100,,,,,,,,False,,,,,,,,,,,,,,,,,,,,,,,,,,False,False
0223c4af,2019-05-09 15:56:05,Kmeans_0,pirTest,Tst,1000000000.0,gen/Tst_pirTest/Kmeans_0/log/mappir.log,gen/Tst_pirTest/Kmeans_0/log/runpir.log,gen/Tst_pirTest/Kmeans_0/log/genpsim.log,gen/Tst_pirTest/Kmeans_0/log/gentrace.log,gen/Tst_pirTest/Kmeans_0/log/runpsim.log,gen/Tst_pirTest/Kmeans_0/log/runpsim.sh,gen/Tst_pirTest/Kmeans_0/log/runproute.log,gen/Tst_pirTest/Kmeans_0/log/runproute.sh,gen/Tst_pirTest/Kmeans_0/plastisim/summary.csv,gen/Tst_pirTest/Kmeans_0/pir/AccelMain.scala,gen/Tst_pirTest/Kmeans_0/log/,gen/Tst_pirTest/Kmeans_0/log/gentst.log,gen/Tst_pirTest/Kmeans_0/log/maketst.log,gen/Tst_pirTest/Kmeans_0/log/runtst.log,True,,,,,,,,,,,False,False,False,100,,,,,,,,False,,,,,,,,,,,,,,,,,,,,,31.447195282,,571298,,True,False,True
0223c4af,2019-05-09 15:56:05,Kmeans_1,pirTest,Tst,1000000000.0,gen/Tst_pirTest/Kmeans_1/log/mappir.log,gen/Tst_pirTest/Kmeans_1/log/runpir.log,gen/Tst_pirTest/Kmeans_1/log/genpsim.log,gen/Tst_pirTest/Kmeans_1/log/gentrace.log,gen/Tst_pirTest/Kmeans_1/log/runpsim.log,gen/Tst_pirTest/Kmeans_1/log/runpsim.sh,gen/Tst_pirTest/Kmeans_1/log/runproute.log,gen/Tst_pirTest/Kmeans_1/log/runproute.sh,gen/Tst_pirTest/Kmeans_1/plastisim/summary.csv,gen/Tst_pirTest/Kmeans_1/pir/AccelMain.scala,gen/Tst_pirTest/Kmeans_1/log/,gen/Tst_pirTest/Kmeans_1/log/gentst.log,gen/Tst_pirTest/Kmeans_1/log/maketst.log,gen/Tst_pirTest/Kmeans_1/log/runtst.log,True,,,,,,,,,,,False,False,False,100,,,,,,,,False,,,,,,,,,,,,,,,,,,,,,31.365693263,,8484303,,True,False,True
0223c4af,2019-05-09 15:56:05,Kmeans_2,pirTest,Tst,1000000000.0,gen/Tst_pirTest/Kmeans_2/log/mappir.log,gen/Tst_pirTest/Kmeans_2/log/runpir.log,gen/Tst_pirTest/Kmeans_2/log/genpsim.log,gen/Tst_pirTest/Kmeans_2/log/gentrace.log,gen/Tst_pirTest/Kmeans_2/log/runpsim.log,gen/Tst_pirTest/Kmeans_2/log/runpsim.sh,gen/Tst_pirTest/Kmeans_2/log/runproute.log,gen/Tst_pirTest/Kmeans_2/log/runproute.sh,gen/Tst_pirTest/Kmeans_2/plastisim/summary.csv,gen/Tst_pirTest/Kmeans_2/pir/AccelMain.scala,gen/Tst_pirTest/Kmeans_2/log/,gen/Tst_pirTest/Kmeans_2/log/gentst.log,gen/Tst_pirTest/Kmeans_2/log/maketst.log,gen/Tst_pirTest/Kmeans_2/log/runtst.log,True,,,,,,,,,,,False,False,False,100,,,,,,,,False,,,,,,,,,,,,,,,,,,,,,56.638064519,,594508,,True,False,True
0223c4af,2019-05-09 15:56:05,Kmeans_3,pirTest,Tst,1000000000.0,gen/Tst_pirTest/Kmeans_3/log/mappir.log,gen/Tst_pirTest/Kmeans_3/log/runpir.log,gen/Tst_pirTest/Kmeans_3/log/genpsim.log,gen/Tst_pirTest/Kmeans_3/log/gentrace.log,gen/Tst_pirTest/Kmeans_3/log/runpsim.log,gen/Tst_pirTest/Kmeans_3/log/runpsim.sh,gen/Tst_pirTest/Kmeans_3/log/runproute.log,gen/Tst_pirTest/Kmeans_3/log/runproute.sh,gen/Tst_pirTest/Kmeans_3/plastisim/summary.csv,gen/Tst_pirTest/Kmeans_3/pir/AccelMain.scala,gen/Tst_pirTest/Kmeans_3/log/,gen/Tst_pirTest/Kmeans_3/log/gentst.log,gen/Tst_pirTest/Kmeans_3/log/maketst.log,gen/Tst_pirTest/Kmeans_3/log/runtst.log,True,,,,,,,,,,,False,False,False,100,,,,,,,,False,,,,,,,,,,,,,,,,,,,,,44.655161028,,594355,,True,False,True
0223c4af,2019-05-09 15:56:05,Kmeans_4,pirTest,Tst,1000000000.0,gen/Tst_pirTest/Kmeans_4/log/mappir.log,gen/Tst_pirTest/Kmeans_4/log/runpir.log,gen/Tst_pirTest/Kmeans_4/log/genpsim.log,gen/Tst_pirTest/Kmeans_4/log/gentrace.log,gen/Tst_pirTest/Kmeans_4/log/runpsim.log,gen/Tst_pirTest/Kmeans_4/log/runpsim.sh,gen/Tst_pirTest/Kmeans_4/log/runproute.log,gen/Tst_pirTest/Kmeans_4/log/runproute.sh,gen/Tst_pirTest/Kmeans_4/plastisim/summary.csv,gen/Tst_pirTest/Kmeans_4/pir/AccelMain.scala,gen/Tst_pirTest/Kmeans_4/log/,gen/Tst_pirTest/Kmeans_4/log/gentst.log,gen/Tst_pirTest/Kmeans_4/log/maketst.log,gen/Tst_pirTest/Kmeans_4/log/runtst.log,True,,,,,,,,,,,False,False,False,100,,,,,,,,False,,,,,,,,,,,,,,,,,,,,,52.870644299,,726127,,True,False,True
0223c4af,2019-05-09 15:56:05,Kmeans_5,pirTest,Tst,1000000000.0,gen/Tst_pirTest/Kmeans_5/log/mappir.log,gen/Tst_pirTest/Kmeans_5/log/runpir.log,gen/Tst_pirTest/Kmeans_5/log/genpsim.log,gen/Tst_pirTest/Kmeans_5/log/gentrace.log,gen/Tst_pirTest/Kmeans_5/log/runpsim.log,gen/Tst_pirTest/Kmeans_5/log/runpsim.sh,gen/Tst_pirTest/Kmeans_5/log/runproute.log,gen/Tst_pirTest/Kmeans_5/log/runproute.sh,gen/Tst_pirTest/Kmeans_5/plastisim/summary.csv,gen/Tst_pirTest/Kmeans_5/pir/AccelMain.scala,gen/Tst_pirTest/Kmeans_5/log/,gen/Tst_pirTest/Kmeans_5/log/gentst.log,gen/Tst_pirTest/Kmeans_5/log/maketst.log,gen/Tst_pirTest/Kmeans_5/log/runtst.log,True,,,,,,,,,,,False,False,False,100,,,,,,,,False,,,,,,,,,,,,,,,,,,,,,78.876903486,,594691,,True,False,True
0223c4af,2019-05-09 15:56:05,Kmeans_6,pirTest,Tst,1000000000.0,gen/Tst_pirTest/Kmeans_6/log/mappir.log,gen/Tst_pirTest/Kmeans_6/log/runpir.log,gen/Tst_pirTest/Kmeans_6/log/genpsim.log,gen/Tst_pirTest/Kmeans_6/log/gentrace.log,gen/Tst_pirTest/Kmeans_6/log/runpsim.log,gen/Tst_pirTest/Kmeans_6/log/runpsim.sh,gen/Tst_pirTest/Kmeans_6/log/runproute.log,gen/Tst_pirTest/Kmeans_6/log/runproute.sh,gen/Tst_pirTest/Kmeans_6/plastisim/summary.csv,gen/Tst_pirTest/Kmeans_6/pir/AccelMain.scala,gen/Tst_pirTest/Kmeans_6/log/,gen/Tst_pirTest/Kmeans_6/log/gentst.log,gen/Tst_pirTest/Kmeans_6/log/maketst.log,gen/Tst_pirTest/Kmeans_6/log/runtst.log,True,,,,,,,,,,,False,False,False,100,,,,,,,,False,,,,,,,,,,,,,,,,,,,,,63.433358505,,594848,,True,False,True
0223c4af,2019-05-09 15:56:05,Kmeans_7,pirTest,Tst,1000000000.0,gen/Tst_pirTest/Kmeans_7/log/mappir.log,gen/Tst_pirTest/Kmeans_7/log/runpir.log,gen/Tst_pirTest/Kmeans_7/log/genpsim.log,gen/Tst_pirTest/Kmeans_7/log/gentrace.log,gen/Tst_pirTest/Kmeans_7/log/runpsim.log,gen/Tst_pirTest/Kmeans_7/log/runpsim.sh,gen/Tst_pirTest/Kmeans_7/log/runproute.log,gen/Tst_pirTest/Kmeans_7/log/runproute.sh,gen/Tst_pirTest/Kmeans_7/plastisim/summary.csv,gen/Tst_pirTest/Kmeans_7/pir/AccelMain.scala,gen/Tst_pirTest/Kmeans_7/log/,gen/Tst_pirTest/Kmeans_7/log/gentst.log,gen/Tst_pirTest/Kmeans_7/log/maketst.log,gen/Tst_pirTest/Kmeans_7/log/runtst.log,True,,,,,,,,,,,False,False,False,100,,,,,,,,False,,,,,,,,,,,,,,,,,,,,,86.879877494,,890218,,True,False,True
0223c4af,2019-05-09 15:56:05,Kmeans_8,pirTest,Tst,1000000000.0,gen/Tst_pirTest/Kmeans_8/log/mappir.log,gen/Tst_pirTest/Kmeans_8/log/runpir.log,gen/Tst_pirTest/Kmeans_8/log/genpsim.log,gen/Tst_pirTest/Kmeans_8/log/gentrace.log,gen/Tst_pirTest/Kmeans_8/log/runpsim.log,gen/Tst_pirTest/Kmeans_8/log/runpsim.sh,gen/Tst_pirTest/Kmeans_8/log/runproute.log,gen/Tst_pirTest/Kmeans_8/log/runproute.sh,gen/Tst_pirTest/Kmeans_8/plastisim/summary.csv,gen/Tst_pirTest/Kmeans_8/pir/AccelMain.scala,gen/Tst_pirTest/Kmeans_8/log/,gen/Tst_pirTest/Kmeans_8/log/gentst.log,gen/Tst_pirTest/Kmeans_8/log/maketst.log,gen/Tst_pirTest/Kmeans_8/log/runtst.log,True,,,,,,,,,,,False,False,False,100,,,,,,,,False,,,,,,,,,,,,,,,,,,,,,102.684326216,,595015,,True,False,True
0223c4af,2019-05-09 15:56:05,LSTM_0,pirTest,Tst,1000000000.0,gen/Tst_pirTest/LSTM_0/log/mappir.log,gen/Tst_pirTest/LSTM_0/log/runpir.log,gen/Tst_pirTest/LSTM_0/log/genpsim.log,gen/Tst_pirTest/LSTM_0/log/gentrace.log,gen/Tst_pirTest/LSTM_0/log/runpsim.log,gen/Tst_pirTest/LSTM_0/log/runpsim.sh,gen/Tst_pirTest/LSTM_0/log/runproute.log,gen/Tst_pirTest/LSTM_0/log/runproute.sh,gen/Tst_pirTest/LSTM_0/plastisim/summary.csv,gen/Tst_pirTest/LSTM_0/pir/AccelMain.scala,gen/Tst_pirTest/LSTM_0/log/,gen/Tst_pirTest/LSTM_0/log/gentst.log,gen/Tst_pirTest/LSTM_0/log/maketst.log,gen/Tst_pirTest/LSTM_0/log/runtst.log,False,[error] //TODO: Plasticine does not support unbanked unrolled access at the moment. ,,,,,,,,,,False,False,False,100,,,,,,,,False,,,,,,,,,,,,,,,,,,,,,,,,,,False,False
0223c4af,2019-05-09 15:56:05,LSTM_1,pirTest,Tst,1000000000.0,gen/Tst_pirTest/LSTM_1/log/mappir.log,gen/Tst_pirTest/LSTM_1/log/runpir.log,gen/Tst_pirTest/LSTM_1/log/genpsim.log,gen/Tst_pirTest/LSTM_1/log/gentrace.log,gen/Tst_pirTest/LSTM_1/log/runpsim.log,gen/Tst_pirTest/LSTM_1/log/runpsim.sh,gen/Tst_pirTest/LSTM_1/log/runproute.log,gen/Tst_pirTest/LSTM_1/log/runproute.sh,gen/Tst_pirTest/LSTM_1/plastisim/summary.csv,gen/Tst_pirTest/LSTM_1/pir/AccelMain.scala,gen/Tst_pirTest/LSTM_1/log/,gen/Tst_pirTest/LSTM_1/log/gentst.log,gen/Tst_pirTest/LSTM_1/log/maketst.log,gen/Tst_pirTest/LSTM_1/log/runtst.log,False,[error] //TODO: Plasticine does not support unbanked unrolled access at the moment. ,,,,,,,,,,False,False,False,100,,,,,,,,False,,,,,,,,,,,,,,,,,,,,,,,,,,False,False
0223c4af,2019-05-09 15:56:05,Lattice_0,pirTest,Tst,1000000000.0,gen/Tst_pirTest/Lattice_0/log/mappir.log,gen/Tst_pirTest/Lattice_0/log/runpir.log,gen/Tst_pirTest/Lattice_0/log/genpsim.log,gen/Tst_pirTest/Lattice_0/log/gentrace.log,gen/Tst_pirTest/Lattice_0/log/runpsim.log,gen/Tst_pirTest/Lattice_0/log/runpsim.sh,gen/Tst_pirTest/Lattice_0/log/runproute.log,gen/Tst_pirTest/Lattice_0/log/runproute.sh,gen/Tst_pirTest/Lattice_0/plastisim/summary.csv,gen/Tst_pirTest/Lattice_0/pir/AccelMain.scala,gen/Tst_pirTest/Lattice_0/log/,gen/Tst_pirTest/Lattice_0/log/gentst.log,gen/Tst_pirTest/Lattice_0/log/maketst.log,gen/Tst_pirTest/Lattice_0/log/runtst.log,False,[error] //TODO: Plasticine does not support unbanked unrolled access at the moment. ,,,,,,,,,,False,False,False,100,,,,,,,,False,,,,,,,,,,,,,,,,,,,,,,,,,,False,False
0223c4af,2019-05-09 15:56:05,LeNet_0,pirTest,Tst,1000000000.0,gen/Tst_pirTest/LeNet_0/log/mappir.log,gen/Tst_pirTest/LeNet_0/log/runpir.log,gen/Tst_pirTest/LeNet_0/log/genpsim.log,gen/Tst_pirTest/LeNet_0/log/gentrace.log,gen/Tst_pirTest/LeNet_0/log/runpsim.log,gen/Tst_pirTest/LeNet_0/log/runpsim.sh,gen/Tst_pirTest/LeNet_0/log/runproute.log,gen/Tst_pirTest/LeNet_0/log/runproute.sh,gen/Tst_pirTest/LeNet_0/plastisim/summary.csv,gen/Tst_pirTest/LeNet_0/pir/AccelMain.scala,gen/Tst_pirTest/LeNet_0/log/,gen/Tst_pirTest/LeNet_0/log/gentst.log,gen/Tst_pirTest/LeNet_0/log/maketst.log,gen/Tst_pirTest/LeNet_0/log/runtst.log,True,,,,,,,,,,,False,False,False,100,,,,,,,,False,,,,,,,,,,,,,,,,,,,,,67.006789169,,,"tungsten: src/main.cc:24: int main(int, char**): Assertion `x739_file.good() && ""File Const(/home/shadjis/spatial/DEVELOP_spatial-lang/csv_LeNetDNNW/data_in2.csv) does not exist""' failed.
",,False,False
0223c4af,2019-05-09 15:56:05,LeNet_4,pirTest,Tst,1000000000.0,gen/Tst_pirTest/LeNet_4/log/mappir.log,gen/Tst_pirTest/LeNet_4/log/runpir.log,gen/Tst_pirTest/LeNet_4/log/genpsim.log,gen/Tst_pirTest/LeNet_4/log/gentrace.log,gen/Tst_pirTest/LeNet_4/log/runpsim.log,gen/Tst_pirTest/LeNet_4/log/runpsim.sh,gen/Tst_pirTest/LeNet_4/log/runproute.log,gen/Tst_pirTest/LeNet_4/log/runproute.sh,gen/Tst_pirTest/LeNet_4/plastisim/summary.csv,gen/Tst_pirTest/LeNet_4/pir/AccelMain.scala,gen/Tst_pirTest/LeNet_4/log/,gen/Tst_pirTest/LeNet_4/log/gentst.log,gen/Tst_pirTest/LeNet_4/log/maketst.log,gen/Tst_pirTest/LeNet_4/log/runtst.log,True,,,,,,,,,,,False,False,False,100,,,,,,,,False,,,,,,,,,,,,,,,,,,,,,113.149559233,,,"tungsten: src/main.cc:24: int main(int, char**): Assertion `x739_file.good() && ""File Const(/home/shadjis/spatial/DEVELOP_spatial-lang/csv_LeNetDNNW/data_in2.csv) does not exist""' failed.
",,False,False
0223c4af,2019-05-09 15:56:05,LogReg_0,pirTest,Tst,1000000000.0,gen/Tst_pirTest/LogReg_0/log/mappir.log,gen/Tst_pirTest/LogReg_0/log/runpir.log,gen/Tst_pirTest/LogReg_0/log/genpsim.log,gen/Tst_pirTest/LogReg_0/log/gentrace.log,gen/Tst_pirTest/LogReg_0/log/runpsim.log,gen/Tst_pirTest/LogReg_0/log/runpsim.sh,gen/Tst_pirTest/LogReg_0/log/runproute.log,gen/Tst_pirTest/LogReg_0/log/runproute.sh,gen/Tst_pirTest/LogReg_0/plastisim/summary.csv,gen/Tst_pirTest/LogReg_0/pir/AccelMain.scala,gen/Tst_pirTest/LogReg_0/log/,gen/Tst_pirTest/LogReg_0/log/gentst.log,gen/Tst_pirTest/LogReg_0/log/maketst.log,gen/Tst_pirTest/LogReg_0/log/runtst.log,True,,,,,,,,,,,False,False,False,100,,,,,,,,False,,,,,,,,,,,,,,,,,,,,,25.635948354,,12248,,True,False,True
0223c4af,2019-05-09 15:56:05,LogReg_1,pirTest,Tst,1000000000.0,gen/Tst_pirTest/LogReg_1/log/mappir.log,gen/Tst_pirTest/LogReg_1/log/runpir.log,gen/Tst_pirTest/LogReg_1/log/genpsim.log,gen/Tst_pirTest/LogReg_1/log/gentrace.log,gen/Tst_pirTest/LogReg_1/log/runpsim.log,gen/Tst_pirTest/LogReg_1/log/runpsim.sh,gen/Tst_pirTest/LogReg_1/log/runproute.log,gen/Tst_pirTest/LogReg_1/log/runproute.sh,gen/Tst_pirTest/LogReg_1/plastisim/summary.csv,gen/Tst_pirTest/LogReg_1/pir/AccelMain.scala,gen/Tst_pirTest/LogReg_1/log/,gen/Tst_pirTest/LogReg_1/log/gentst.log,gen/Tst_pirTest/LogReg_1/log/maketst.log,gen/Tst_pirTest/LogReg_1/log/runtst.log,True,,,,,,,,,,,False,False,False,100,,,,,,,,False,,,,,,,,,,,,,,,,,,,,,40.759859748,,6371,,True,False,True
0223c4af,2019-05-09 15:56:05,LogReg_2,pirTest,Tst,1000000000.0,gen/Tst_pirTest/LogReg_2/log/mappir.log,gen/Tst_pirTest/LogReg_2/log/runpir.log,gen/Tst_pirTest/LogReg_2/log/genpsim.log,gen/Tst_pirTest/LogReg_2/log/gentrace.log,gen/Tst_pirTest/LogReg_2/log/runpsim.log,gen/Tst_pirTest/LogReg_2/log/runpsim.sh,gen/Tst_pirTest/LogReg_2/log/runproute.log,gen/Tst_pirTest/LogReg_2/log/runproute.sh,gen/Tst_pirTest/LogReg_2/plastisim/summary.csv,gen/Tst_pirTest/LogReg_2/pir/AccelMain.scala,gen/Tst_pirTest/LogReg_2/log/,gen/Tst_pirTest/LogReg_2/log/gentst.log,gen/Tst_pirTest/LogReg_2/log/maketst.log,gen/Tst_pirTest/LogReg_2/log/runtst.log,True,,,,,,,,,,,False,False,False,100,,,,,,,,False,,,,,,,,,,,,,,,,,,,,,46.551469432,,6378,,True,False,True
0223c4af,2019-05-09 15:56:05,LogReg_3,pirTest,Tst,1000000000.0,gen/Tst_pirTest/LogReg_3/log/mappir.log,gen/Tst_pirTest/LogReg_3/log/runpir.log,gen/Tst_pirTest/LogReg_3/log/genpsim.log,gen/Tst_pirTest/LogReg_3/log/gentrace.log,gen/Tst_pirTest/LogReg_3/log/runpsim.log,gen/Tst_pirTest/LogReg_3/log/runpsim.sh,gen/Tst_pirTest/LogReg_3/log/runproute.log,gen/Tst_pirTest/LogReg_3/log/runproute.sh,gen/Tst_pirTest/LogReg_3/plastisim/summary.csv,gen/Tst_pirTest/LogReg_3/pir/AccelMain.scala,gen/Tst_pirTest/LogReg_3/log/,gen/Tst_pirTest/LogReg_3/log/gentst.log,gen/Tst_pirTest/LogReg_3/log/maketst.log,gen/Tst_pirTest/LogReg_3/log/runtst.log,True,,,,,,,,,,,False,False,False,100,,,,,,,,False,,,,,,,,,,,,,,,,,,,,,88.437366119,,3445,,True,False,True
0223c4af,2019-05-09 15:56:05,LogReg_4,pirTest,Tst,1000000000.0,gen/Tst_pirTest/LogReg_4/log/mappir.log,gen/Tst_pirTest/LogReg_4/log/runpir.log,gen/Tst_pirTest/LogReg_4/log/genpsim.log,gen/Tst_pirTest/LogReg_4/log/gentrace.log,gen/Tst_pirTest/LogReg_4/log/runpsim.log,gen/Tst_pirTest/LogReg_4/log/runpsim.sh,gen/Tst_pirTest/LogReg_4/log/runproute.log,gen/Tst_pirTest/LogReg_4/log/runproute.sh,gen/Tst_pirTest/LogReg_4/plastisim/summary.csv,gen/Tst_pirTest/LogReg_4/pir/AccelMain.scala,gen/Tst_pirTest/LogReg_4/log/,gen/Tst_pirTest/LogReg_4/log/gentst.log,gen/Tst_pirTest/LogReg_4/log/maketst.log,gen/Tst_pirTest/LogReg_4/log/runtst.log,True,,,,,,,,,,,False,False,False,100,,,,,,,,False,,,,,,,,,,,,,,,,,,,,,179.428790434,,2002,,True,False,True
0223c4af,2019-05-09 15:56:05,LogReg_5,pirTest,Tst,1000000000.0,gen/Tst_pirTest/LogReg_5/log/mappir.log,gen/Tst_pirTest/LogReg_5/log/runpir.log,gen/Tst_pirTest/LogReg_5/log/genpsim.log,gen/Tst_pirTest/LogReg_5/log/gentrace.log,gen/Tst_pirTest/LogReg_5/log/runpsim.log,gen/Tst_pirTest/LogReg_5/log/runpsim.sh,gen/Tst_pirTest/LogReg_5/log/runproute.log,gen/Tst_pirTest/LogReg_5/log/runproute.sh,gen/Tst_pirTest/LogReg_5/plastisim/summary.csv,gen/Tst_pirTest/LogReg_5/pir/AccelMain.scala,gen/Tst_pirTest/LogReg_5/log/,gen/Tst_pirTest/LogReg_5/log/gentst.log,gen/Tst_pirTest/LogReg_5/log/maketst.log,gen/Tst_pirTest/LogReg_5/log/runtst.log,True,,,,,,,,,,,False,False,False,100,,,,,,,,False,,,,,,,,,,,,,,,,,,,,,178.511164719,,2153,,True,False,True
0223c4af,2019-05-09 15:56:05,OuterProduct_0,pirTest,Tst,1000000000.0,gen/Tst_pirTest/OuterProduct_0/log/mappir.log,gen/Tst_pirTest/OuterProduct_0/log/runpir.log,gen/Tst_pirTest/OuterProduct_0/log/genpsim.log,gen/Tst_pirTest/OuterProduct_0/log/gentrace.log,gen/Tst_pirTest/OuterProduct_0/log/runpsim.log,gen/Tst_pirTest/OuterProduct_0/log/runpsim.sh,gen/Tst_pirTest/OuterProduct_0/log/runproute.log,gen/Tst_pirTest/OuterProduct_0/log/runproute.sh,gen/Tst_pirTest/OuterProduct_0/plastisim/summary.csv,gen/Tst_pirTest/OuterProduct_0/pir/AccelMain.scala,gen/Tst_pirTest/OuterProduct_0/log/,gen/Tst_pirTest/OuterProduct_0/log/gentst.log,gen/Tst_pirTest/OuterProduct_0/log/maketst.log,gen/Tst_pirTest/OuterProduct_0/log/runtst.log,True,,,,,,,,,,,False,False,False,100,,,,,,,,False,,,,,,,,,,,,,,,,,,,,,11.85766778,,18655,,True,False,True
0223c4af,2019-05-09 15:56:05,OuterProduct_1,pirTest,Tst,1000000000.0,gen/Tst_pirTest/OuterProduct_1/log/mappir.log,gen/Tst_pirTest/OuterProduct_1/log/runpir.log,gen/Tst_pirTest/OuterProduct_1/log/genpsim.log,gen/Tst_pirTest/OuterProduct_1/log/gentrace.log,gen/Tst_pirTest/OuterProduct_1/log/runpsim.log,gen/Tst_pirTest/OuterProduct_1/log/runpsim.sh,gen/Tst_pirTest/OuterProduct_1/log/runproute.log,gen/Tst_pirTest/OuterProduct_1/log/runproute.sh,gen/Tst_pirTest/OuterProduct_1/plastisim/summary.csv,gen/Tst_pirTest/OuterProduct_1/pir/AccelMain.scala,gen/Tst_pirTest/OuterProduct_1/log/,gen/Tst_pirTest/OuterProduct_1/log/gentst.log,gen/Tst_pirTest/OuterProduct_1/log/maketst.log,gen/Tst_pirTest/OuterProduct_1/log/runtst.log,True,,,,,,,,,,,False,False,False,100,,,,,,,,False,,,,,,,,,,,,,,,,,,,,,12.66942362,,74066,,True,False,True
0223c4af,2019-05-09 15:56:05,OuterProduct_2,pirTest,Tst,1000000000.0,gen/Tst_pirTest/OuterProduct_2/log/mappir.log,gen/Tst_pirTest/OuterProduct_2/log/runpir.log,gen/Tst_pirTest/OuterProduct_2/log/genpsim.log,gen/Tst_pirTest/OuterProduct_2/log/gentrace.log,gen/Tst_pirTest/OuterProduct_2/log/runpsim.log,gen/Tst_pirTest/OuterProduct_2/log/runpsim.sh,gen/Tst_pirTest/OuterProduct_2/log/runproute.log,gen/Tst_pirTest/OuterProduct_2/log/runproute.sh,gen/Tst_pirTest/OuterProduct_2/plastisim/summary.csv,gen/Tst_pirTest/OuterProduct_2/pir/AccelMain.scala,gen/Tst_pirTest/OuterProduct_2/log/,gen/Tst_pirTest/OuterProduct_2/log/gentst.log,gen/Tst_pirTest/OuterProduct_2/log/maketst.log,gen/Tst_pirTest/OuterProduct_2/log/runtst.log,True,,,,,,,,,,,False,False,False,100,,,,,,,,False,,,,,,,,,,,,,,,,,,,,,20.864167544,,37202,,True,False,True
0223c4af,2019-05-09 15:56:05,OuterProduct_3,pirTest,Tst,1000000000.0,gen/Tst_pirTest/OuterProduct_3/log/mappir.log,gen/Tst_pirTest/OuterProduct_3/log/runpir.log,gen/Tst_pirTest/OuterProduct_3/log/genpsim.log,gen/Tst_pirTest/OuterProduct_3/log/gentrace.log,gen/Tst_pirTest/OuterProduct_3/log/runpsim.log,gen/Tst_pirTest/OuterProduct_3/log/runpsim.sh,gen/Tst_pirTest/OuterProduct_3/log/runproute.log,gen/Tst_pirTest/OuterProduct_3/log/runproute.sh,gen/Tst_pirTest/OuterProduct_3/plastisim/summary.csv,gen/Tst_pirTest/OuterProduct_3/pir/AccelMain.scala,gen/Tst_pirTest/OuterProduct_3/log/,gen/Tst_pirTest/OuterProduct_3/log/gentst.log,gen/Tst_pirTest/OuterProduct_3/log/maketst.log,gen/Tst_pirTest/OuterProduct_3/log/runtst.log,True,,,,,,,,,,,False,False,False,100,,,,,,,,False,,,,,,,,,,,,,,,,,,,,,22.774495116,,37207,,True,False,True
0223c4af,2019-05-09 15:56:05,OuterProduct_4,pirTest,Tst,1000000000.0,gen/Tst_pirTest/OuterProduct_4/log/mappir.log,gen/Tst_pirTest/OuterProduct_4/log/runpir.log,gen/Tst_pirTest/OuterProduct_4/log/genpsim.log,gen/Tst_pirTest/OuterProduct_4/log/gentrace.log,gen/Tst_pirTest/OuterProduct_4/log/runpsim.log,gen/Tst_pirTest/OuterProduct_4/log/runpsim.sh,gen/Tst_pirTest/OuterProduct_4/log/runproute.log,gen/Tst_pirTest/OuterProduct_4/log/runproute.sh,gen/Tst_pirTest/OuterProduct_4/plastisim/summary.csv,gen/Tst_pirTest/OuterProduct_4/pir/AccelMain.scala,gen/Tst_pirTest/OuterProduct_4/log/,gen/Tst_pirTest/OuterProduct_4/log/gentst.log,gen/Tst_pirTest/OuterProduct_4/log/maketst.log,gen/Tst_pirTest/OuterProduct_4/log/runtst.log,True,,,,,,,,,,,False,False,False,100,,,,,,,,False,,,,,,,,,,,,,,,,,,,,,42.439995399,,18775,,True,False,True
0223c4af,2019-05-09 15:56:05,OuterProduct_5,pirTest,Tst,1000000000.0,gen/Tst_pirTest/OuterProduct_5/log/mappir.log,gen/Tst_pirTest/OuterProduct_5/log/runpir.log,gen/Tst_pirTest/OuterProduct_5/log/genpsim.log,gen/Tst_pirTest/OuterProduct_5/log/gentrace.log,gen/Tst_pirTest/OuterProduct_5/log/runpsim.log,gen/Tst_pirTest/OuterProduct_5/log/runpsim.sh,gen/Tst_pirTest/OuterProduct_5/log/runproute.log,gen/Tst_pirTest/OuterProduct_5/log/runproute.sh,gen/Tst_pirTest/OuterProduct_5/plastisim/summary.csv,gen/Tst_pirTest/OuterProduct_5/pir/AccelMain.scala,gen/Tst_pirTest/OuterProduct_5/log/,gen/Tst_pirTest/OuterProduct_5/log/gentst.log,gen/Tst_pirTest/OuterProduct_5/log/maketst.log,gen/Tst_pirTest/OuterProduct_5/log/runtst.log,True,,,,,,,,,,,False,False,False,100,,,,,,,,False,,,,,,,,,,,,,,,,,,,,,39.436483033,,8847,,True,False,True
0223c4af,2019-05-09 15:56:05,OuterProduct_6,pirTest,Tst,1000000000.0,gen/Tst_pirTest/OuterProduct_6/log/mappir.log,gen/Tst_pirTest/OuterProduct_6/log/runpir.log,gen/Tst_pirTest/OuterProduct_6/log/genpsim.log,gen/Tst_pirTest/OuterProduct_6/log/gentrace.log,gen/Tst_pirTest/OuterProduct_6/log/runpsim.log,gen/Tst_pirTest/OuterProduct_6/log/runpsim.sh,gen/Tst_pirTest/OuterProduct_6/log/runproute.log,gen/Tst_pirTest/OuterProduct_6/log/runproute.sh,gen/Tst_pirTest/OuterProduct_6/plastisim/summary.csv,gen/Tst_pirTest/OuterProduct_6/pir/AccelMain.scala,gen/Tst_pirTest/OuterProduct_6/log/,gen/Tst_pirTest/OuterProduct_6/log/gentst.log,gen/Tst_pirTest/OuterProduct_6/log/maketst.log,gen/Tst_pirTest/OuterProduct_6/log/runtst.log,True,,,,,,,,,,,False,False,False,100,,,,,,,,False,,,,,,,,,,,,,,,,,,,,,13.082413271,,18585,,True,False,True
0223c4af,2019-05-09 15:56:05,OuterProduct_7,pirTest,Tst,1000000000.0,gen/Tst_pirTest/OuterProduct_7/log/mappir.log,gen/Tst_pirTest/OuterProduct_7/log/runpir.log,gen/Tst_pirTest/OuterProduct_7/log/genpsim.log,gen/Tst_pirTest/OuterProduct_7/log/gentrace.log,gen/Tst_pirTest/OuterProduct_7/log/runpsim.log,gen/Tst_pirTest/OuterProduct_7/log/runpsim.sh,gen/Tst_pirTest/OuterProduct_7/log/runproute.log,gen/Tst_pirTest/OuterProduct_7/log/runproute.sh,gen/Tst_pirTest/OuterProduct_7/plastisim/summary.csv,gen/Tst_pirTest/OuterProduct_7/pir/AccelMain.scala,gen/Tst_pirTest/OuterProduct_7/log/,gen/Tst_pirTest/OuterProduct_7/log/gentst.log,gen/Tst_pirTest/OuterProduct_7/log/maketst.log,gen/Tst_pirTest/OuterProduct_7/log/runtst.log,True,,,,,,,,,,,False,False,False,100,,,,,,,,False,,,,,,,,,,,,,,,,,,,,,21.721366813,,9441,,True,False,True
0223c4af,2019-05-09 15:56:05,OuterProduct_8,pirTest,Tst,1000000000.0,gen/Tst_pirTest/OuterProduct_8/log/mappir.log,gen/Tst_pirTest/OuterProduct_8/log/runpir.log,gen/Tst_pirTest/OuterProduct_8/log/genpsim.log,gen/Tst_pirTest/OuterProduct_8/log/gentrace.log,gen/Tst_pirTest/OuterProduct_8/log/runpsim.log,gen/Tst_pirTest/OuterProduct_8/log/runpsim.sh,gen/Tst_pirTest/OuterProduct_8/log/runproute.log,gen/Tst_pirTest/OuterProduct_8/log/runproute.sh,gen/Tst_pirTest/OuterProduct_8/plastisim/summary.csv,gen/Tst_pirTest/OuterProduct_8/pir/AccelMain.scala,gen/Tst_pirTest/OuterProduct_8/log/,gen/Tst_pirTest/OuterProduct_8/log/gentst.log,gen/Tst_pirTest/OuterProduct_8/log/maketst.log,gen/Tst_pirTest/OuterProduct_8/log/runtst.log,True,,,,,,,,,,,False,False,False,100,,,,,,,,False,,,,,,,,,,,,,,,,,,,,,21.970538002,,9441,,True,False,True
0223c4af,2019-05-09 15:56:05,SGD_0,pirTest,Tst,1000000000.0,gen/Tst_pirTest/SGD_0/log/mappir.log,gen/Tst_pirTest/SGD_0/log/runpir.log,gen/Tst_pirTest/SGD_0/log/genpsim.log,gen/Tst_pirTest/SGD_0/log/gentrace.log,gen/Tst_pirTest/SGD_0/log/runpsim.log,gen/Tst_pirTest/SGD_0/log/runpsim.sh,gen/Tst_pirTest/SGD_0/log/runproute.log,gen/Tst_pirTest/SGD_0/log/runproute.sh,gen/Tst_pirTest/SGD_0/plastisim/summary.csv,gen/Tst_pirTest/SGD_0/pir/AccelMain.scala,gen/Tst_pirTest/SGD_0/log/,gen/Tst_pirTest/SGD_0/log/gentst.log,gen/Tst_pirTest/SGD_0/log/maketst.log,gen/Tst_pirTest/SGD_0/log/runtst.log,True,,,,,,,,,,,False,False,False,100,,,,,,,,False,,,,,,,,,,,,,,,,,,,,,20.903204218,,15265,,True,False,True
0223c4af,2019-05-09 15:56:05,SGD_1,pirTest,Tst,1000000000.0,gen/Tst_pirTest/SGD_1/log/mappir.log,gen/Tst_pirTest/SGD_1/log/runpir.log,gen/Tst_pirTest/SGD_1/log/genpsim.log,gen/Tst_pirTest/SGD_1/log/gentrace.log,gen/Tst_pirTest/SGD_1/log/runpsim.log,gen/Tst_pirTest/SGD_1/log/runpsim.sh,gen/Tst_pirTest/SGD_1/log/runproute.log,gen/Tst_pirTest/SGD_1/log/runproute.sh,gen/Tst_pirTest/SGD_1/plastisim/summary.csv,gen/Tst_pirTest/SGD_1/pir/AccelMain.scala,gen/Tst_pirTest/SGD_1/log/,gen/Tst_pirTest/SGD_1/log/gentst.log,gen/Tst_pirTest/SGD_1/log/maketst.log,gen/Tst_pirTest/SGD_1/log/runtst.log,True,,,,,,,,,,,False,False,False,100,,,,,,,,False,,,,,,,,,,,,,,,,,,,,,25.676867243,,9393,,True,False,True
0223c4af,2019-05-09 15:56:05,SGD_2,pirTest,Tst,1000000000.0,gen/Tst_pirTest/SGD_2/log/mappir.log,gen/Tst_pirTest/SGD_2/log/runpir.log,gen/Tst_pirTest/SGD_2/log/genpsim.log,gen/Tst_pirTest/SGD_2/log/gentrace.log,gen/Tst_pirTest/SGD_2/log/runpsim.log,gen/Tst_pirTest/SGD_2/log/runpsim.sh,gen/Tst_pirTest/SGD_2/log/runproute.log,gen/Tst_pirTest/SGD_2/log/runproute.sh,gen/Tst_pirTest/SGD_2/plastisim/summary.csv,gen/Tst_pirTest/SGD_2/pir/AccelMain.scala,gen/Tst_pirTest/SGD_2/log/,gen/Tst_pirTest/SGD_2/log/gentst.log,gen/Tst_pirTest/SGD_2/log/maketst.log,gen/Tst_pirTest/SGD_2/log/runtst.log,True,,,,,,,,,,,False,False,False,100,,,,,,,,False,,,,,,,,,,,,,,,,,,,,,28.550040952,,15347,,True,False,True
0223c4af,2019-05-09 15:56:05,SGD_3,pirTest,Tst,1000000000.0,gen/Tst_pirTest/SGD_3/log/mappir.log,gen/Tst_pirTest/SGD_3/log/runpir.log,gen/Tst_pirTest/SGD_3/log/genpsim.log,gen/Tst_pirTest/SGD_3/log/gentrace.log,gen/Tst_pirTest/SGD_3/log/runpsim.log,gen/Tst_pirTest/SGD_3/log/runpsim.sh,gen/Tst_pirTest/SGD_3/log/runproute.log,gen/Tst_pirTest/SGD_3/log/runproute.sh,gen/Tst_pirTest/SGD_3/plastisim/summary.csv,gen/Tst_pirTest/SGD_3/pir/AccelMain.scala,gen/Tst_pirTest/SGD_3/log/,gen/Tst_pirTest/SGD_3/log/gentst.log,gen/Tst_pirTest/SGD_3/log/maketst.log,gen/Tst_pirTest/SGD_3/log/runtst.log,True,,,,,,,,,,,False,False,False,100,,,,,,,,False,,,,,,,,,,,,,,,,,,,,,34.954797205,,9475,,True,False,True
0223c4af,2019-05-09 15:56:05,SimpleDotProduct_0,pirTest,Tst,1000000000.0,gen/Tst_pirTest/SimpleDotProduct_0/log/mappir.log,gen/Tst_pirTest/SimpleDotProduct_0/log/runpir.log,gen/Tst_pirTest/SimpleDotProduct_0/log/genpsim.log,gen/Tst_pirTest/SimpleDotProduct_0/log/gentrace.log,gen/Tst_pirTest/SimpleDotProduct_0/log/runpsim.log,gen/Tst_pirTest/SimpleDotProduct_0/log/runpsim.sh,gen/Tst_pirTest/SimpleDotProduct_0/log/runproute.log,gen/Tst_pirTest/SimpleDotProduct_0/log/runproute.sh,gen/Tst_pirTest/SimpleDotProduct_0/plastisim/summary.csv,gen/Tst_pirTest/SimpleDotProduct_0/pir/AccelMain.scala,gen/Tst_pirTest/SimpleDotProduct_0/log/,gen/Tst_pirTest/SimpleDotProduct_0/log/gentst.log,gen/Tst_pirTest/SimpleDotProduct_0/log/maketst.log,gen/Tst_pirTest/SimpleDotProduct_0/log/runtst.log,True,,,,,,,,,,,False,False,False,100,,,,,,,,False,,,,,,,,,,,,,,,,,,,,,8.720652469,,1104,,True,False,True
0223c4af,2019-05-09 15:56:05,SimpleDotProduct_1,pirTest,Tst,1000000000.0,gen/Tst_pirTest/SimpleDotProduct_1/log/mappir.log,gen/Tst_pirTest/SimpleDotProduct_1/log/runpir.log,gen/Tst_pirTest/SimpleDotProduct_1/log/genpsim.log,gen/Tst_pirTest/SimpleDotProduct_1/log/gentrace.log,gen/Tst_pirTest/SimpleDotProduct_1/log/runpsim.log,gen/Tst_pirTest/SimpleDotProduct_1/log/runpsim.sh,gen/Tst_pirTest/SimpleDotProduct_1/log/runproute.log,gen/Tst_pirTest/SimpleDotProduct_1/log/runproute.sh,gen/Tst_pirTest/SimpleDotProduct_1/plastisim/summary.csv,gen/Tst_pirTest/SimpleDotProduct_1/pir/AccelMain.scala,gen/Tst_pirTest/SimpleDotProduct_1/log/,gen/Tst_pirTest/SimpleDotProduct_1/log/gentst.log,gen/Tst_pirTest/SimpleDotProduct_1/log/maketst.log,gen/Tst_pirTest/SimpleDotProduct_1/log/runtst.log,True,,,,,,,,,,,False,False,False,100,,,,,,,,False,,,,,,,,,,,,,,,,,,,,,8.613507783,,592,,True,False,True
0223c4af,2019-05-09 15:56:05,SplitStream,pirTest,Tst,1000000000.0,gen/Tst_pirTest/SplitStream/log/mappir.log,gen/Tst_pirTest/SplitStream/log/runpir.log,gen/Tst_pirTest/SplitStream/log/genpsim.log,gen/Tst_pirTest/SplitStream/log/gentrace.log,gen/Tst_pirTest/SplitStream/log/runpsim.log,gen/Tst_pirTest/SplitStream/log/runpsim.sh,gen/Tst_pirTest/SplitStream/log/runproute.log,gen/Tst_pirTest/SplitStream/log/runproute.sh,gen/Tst_pirTest/SplitStream/plastisim/summary.csv,gen/Tst_pirTest/SplitStream/pir/AccelMain.scala,gen/Tst_pirTest/SplitStream/log/,gen/Tst_pirTest/SplitStream/log/gentst.log,gen/Tst_pirTest/SplitStream/log/maketst.log,gen/Tst_pirTest/SplitStream/log/runtst.log,True,,,,,,,,,,,False,False,False,100,,,,,,,,False,,,,,,,,,,,,,,,,,,,,"[[31merror[0m] 04-GraphInitialization throw [pir] Don't know how to infer vec of MemWrite9
",27.0627301,,,,,False,False
0223c4af,2019-05-09 15:56:05,SplitStream2,pirTest,Tst,1000000000.0,gen/Tst_pirTest/SplitStream2/log/mappir.log,gen/Tst_pirTest/SplitStream2/log/runpir.log,gen/Tst_pirTest/SplitStream2/log/genpsim.log,gen/Tst_pirTest/SplitStream2/log/gentrace.log,gen/Tst_pirTest/SplitStream2/log/runpsim.log,gen/Tst_pirTest/SplitStream2/log/runpsim.sh,gen/Tst_pirTest/SplitStream2/log/runproute.log,gen/Tst_pirTest/SplitStream2/log/runproute.sh,gen/Tst_pirTest/SplitStream2/plastisim/summary.csv,gen/Tst_pirTest/SplitStream2/pir/AccelMain.scala,gen/Tst_pirTest/SplitStream2/log/,gen/Tst_pirTest/SplitStream2/log/gentst.log,gen/Tst_pirTest/SplitStream2/log/maketst.log,gen/Tst_pirTest/SplitStream2/log/runtst.log,True,,,,,,,,,,,False,False,False,100,,,,,,,,False,,,,,,,,,,,,,,,,,,,,"[[31merror[0m] 04-GraphInitialization throw [pir] Don't know how to infer vec of MemWrite9
",17.659536001,,,,,False,False
0223c4af,2019-05-09 15:56:05,SumSquare_0,pirTest,Tst,1000000000.0,gen/Tst_pirTest/SumSquare_0/log/mappir.log,gen/Tst_pirTest/SumSquare_0/log/runpir.log,gen/Tst_pirTest/SumSquare_0/log/genpsim.log,gen/Tst_pirTest/SumSquare_0/log/gentrace.log,gen/Tst_pirTest/SumSquare_0/log/runpsim.log,gen/Tst_pirTest/SumSquare_0/log/runpsim.sh,gen/Tst_pirTest/SumSquare_0/log/runproute.log,gen/Tst_pirTest/SumSquare_0/log/runproute.sh,gen/Tst_pirTest/SumSquare_0/plastisim/summary.csv,gen/Tst_pirTest/SumSquare_0/pir/AccelMain.scala,gen/Tst_pirTest/SumSquare_0/log/,gen/Tst_pirTest/SumSquare_0/log/gentst.log,gen/Tst_pirTest/SumSquare_0/log/maketst.log,gen/Tst_pirTest/SumSquare_0/log/runtst.log,True,,,,,,,,,,,False,False,False,100,,,,,,,,False,,,,,,,,,,,,,,,,,,,,,4.745375352,,246,,True,False,True
0223c4af,2019-05-09 15:56:05,SumSquare_1,pirTest,Tst,1000000000.0,gen/Tst_pirTest/SumSquare_1/log/mappir.log,gen/Tst_pirTest/SumSquare_1/log/runpir.log,gen/Tst_pirTest/SumSquare_1/log/genpsim.log,gen/Tst_pirTest/SumSquare_1/log/gentrace.log,gen/Tst_pirTest/SumSquare_1/log/runpsim.log,gen/Tst_pirTest/SumSquare_1/log/runpsim.sh,gen/Tst_pirTest/SumSquare_1/log/runproute.log,gen/Tst_pirTest/SumSquare_1/log/runproute.sh,gen/Tst_pirTest/SumSquare_1/plastisim/summary.csv,gen/Tst_pirTest/SumSquare_1/pir/AccelMain.scala,gen/Tst_pirTest/SumSquare_1/log/,gen/Tst_pirTest/SumSquare_1/log/gentst.log,gen/Tst_pirTest/SumSquare_1/log/maketst.log,gen/Tst_pirTest/SumSquare_1/log/runtst.log,True,,,,,,,,,,,False,False,False,100,,,,,,,,False,,,,,,,,,,,,,,,,,,,,,5.170611971,,1051,,True,False,True
0223c4af,2019-05-09 15:56:05,SumSquare_2,pirTest,Tst,1000000000.0,gen/Tst_pirTest/SumSquare_2/log/mappir.log,gen/Tst_pirTest/SumSquare_2/log/runpir.log,gen/Tst_pirTest/SumSquare_2/log/genpsim.log,gen/Tst_pirTest/SumSquare_2/log/gentrace.log,gen/Tst_pirTest/SumSquare_2/log/runpsim.log,gen/Tst_pirTest/SumSquare_2/log/runpsim.sh,gen/Tst_pirTest/SumSquare_2/log/runproute.log,gen/Tst_pirTest/SumSquare_2/log/runproute.sh,gen/Tst_pirTest/SumSquare_2/plastisim/summary.csv,gen/Tst_pirTest/SumSquare_2/pir/AccelMain.scala,gen/Tst_pirTest/SumSquare_2/log/,gen/Tst_pirTest/SumSquare_2/log/gentst.log,gen/Tst_pirTest/SumSquare_2/log/maketst.log,gen/Tst_pirTest/SumSquare_2/log/runtst.log,True,,,,,,,,,,,False,False,False,100,,,,,,,,False,,,,,,,,,,,,,,,,,,,,,5.094600541,,379,,True,False,True
0223c4af,2019-05-09 15:56:05,SumSquare_3,pirTest,Tst,1000000000.0,gen/Tst_pirTest/SumSquare_3/log/mappir.log,gen/Tst_pirTest/SumSquare_3/log/runpir.log,gen/Tst_pirTest/SumSquare_3/log/genpsim.log,gen/Tst_pirTest/SumSquare_3/log/gentrace.log,gen/Tst_pirTest/SumSquare_3/log/runpsim.log,gen/Tst_pirTest/SumSquare_3/log/runpsim.sh,gen/Tst_pirTest/SumSquare_3/log/runproute.log,gen/Tst_pirTest/SumSquare_3/log/runproute.sh,gen/Tst_pirTest/SumSquare_3/plastisim/summary.csv,gen/Tst_pirTest/SumSquare_3/pir/AccelMain.scala,gen/Tst_pirTest/SumSquare_3/log/,gen/Tst_pirTest/SumSquare_3/log/gentst.log,gen/Tst_pirTest/SumSquare_3/log/maketst.log,gen/Tst_pirTest/SumSquare_3/log/runtst.log,True,,,,,,,,,,,False,False,False,100,,,,,,,,False,,,,,,,,,,,,,,,,,,,,,6.202517871,,539,,True,False,True
0223c4af,2019-05-09 15:56:05,SumSquare_5,pirTest,Tst,1000000000.0,gen/Tst_pirTest/SumSquare_5/log/mappir.log,gen/Tst_pirTest/SumSquare_5/log/runpir.log,gen/Tst_pirTest/SumSquare_5/log/genpsim.log,gen/Tst_pirTest/SumSquare_5/log/gentrace.log,gen/Tst_pirTest/SumSquare_5/log/runpsim.log,gen/Tst_pirTest/SumSquare_5/log/runpsim.sh,gen/Tst_pirTest/SumSquare_5/log/runproute.log,gen/Tst_pirTest/SumSquare_5/log/runproute.sh,gen/Tst_pirTest/SumSquare_5/plastisim/summary.csv,gen/Tst_pirTest/SumSquare_5/pir/AccelMain.scala,gen/Tst_pirTest/SumSquare_5/log/,gen/Tst_pirTest/SumSquare_5/log/gentst.log,gen/Tst_pirTest/SumSquare_5/log/maketst.log,gen/Tst_pirTest/SumSquare_5/log/runtst.log,True,,,,,,,,,,,False,False,False,100,,,,,,,,False,,,,,,,,,,,,,,,,,,,,,5.731461641,,203,,True,False,True
0223c4af,2019-05-09 15:56:05,TPCHQ6_0,pirTest,Tst,1000000000.0,gen/Tst_pirTest/TPCHQ6_0/log/mappir.log,gen/Tst_pirTest/TPCHQ6_0/log/runpir.log,gen/Tst_pirTest/TPCHQ6_0/log/genpsim.log,gen/Tst_pirTest/TPCHQ6_0/log/gentrace.log,gen/Tst_pirTest/TPCHQ6_0/log/runpsim.log,gen/Tst_pirTest/TPCHQ6_0/log/runpsim.sh,gen/Tst_pirTest/TPCHQ6_0/log/runproute.log,gen/Tst_pirTest/TPCHQ6_0/log/runproute.sh,gen/Tst_pirTest/TPCHQ6_0/plastisim/summary.csv,gen/Tst_pirTest/TPCHQ6_0/pir/AccelMain.scala,gen/Tst_pirTest/TPCHQ6_0/log/,gen/Tst_pirTest/TPCHQ6_0/log/gentst.log,gen/Tst_pirTest/TPCHQ6_0/log/maketst.log,gen/Tst_pirTest/TPCHQ6_0/log/runtst.log,True,,,,,,,,,,,False,False,False,100,,,,,,,,False,,,,,,,,,,,,,,,,,,,,,11.942944372,,426,,True,False,True
0223c4af,2019-05-09 15:56:05,TPCHQ6_1,pirTest,Tst,1000000000.0,gen/Tst_pirTest/TPCHQ6_1/log/mappir.log,gen/Tst_pirTest/TPCHQ6_1/log/runpir.log,gen/Tst_pirTest/TPCHQ6_1/log/genpsim.log,gen/Tst_pirTest/TPCHQ6_1/log/gentrace.log,gen/Tst_pirTest/TPCHQ6_1/log/runpsim.log,gen/Tst_pirTest/TPCHQ6_1/log/runpsim.sh,gen/Tst_pirTest/TPCHQ6_1/log/runproute.log,gen/Tst_pirTest/TPCHQ6_1/log/runproute.sh,gen/Tst_pirTest/TPCHQ6_1/plastisim/summary.csv,gen/Tst_pirTest/TPCHQ6_1/pir/AccelMain.scala,gen/Tst_pirTest/TPCHQ6_1/log/,gen/Tst_pirTest/TPCHQ6_1/log/gentst.log,gen/Tst_pirTest/TPCHQ6_1/log/maketst.log,gen/Tst_pirTest/TPCHQ6_1/log/runtst.log,True,,,,,,,,,,,False,False,False,100,,,,,,,,False,,,,,,,,,,,,,,,,,,,,,12.444943541,,3922,,True,False,True
0223c4af,2019-05-09 15:56:05,TPCHQ6_2,pirTest,Tst,1000000000.0,gen/Tst_pirTest/TPCHQ6_2/log/mappir.log,gen/Tst_pirTest/TPCHQ6_2/log/runpir.log,gen/Tst_pirTest/TPCHQ6_2/log/genpsim.log,gen/Tst_pirTest/TPCHQ6_2/log/gentrace.log,gen/Tst_pirTest/TPCHQ6_2/log/runpsim.log,gen/Tst_pirTest/TPCHQ6_2/log/runpsim.sh,gen/Tst_pirTest/TPCHQ6_2/log/runproute.log,gen/Tst_pirTest/TPCHQ6_2/log/runproute.sh,gen/Tst_pirTest/TPCHQ6_2/plastisim/summary.csv,gen/Tst_pirTest/TPCHQ6_2/pir/AccelMain.scala,gen/Tst_pirTest/TPCHQ6_2/log/,gen/Tst_pirTest/TPCHQ6_2/log/gentst.log,gen/Tst_pirTest/TPCHQ6_2/log/maketst.log,gen/Tst_pirTest/TPCHQ6_2/log/runtst.log,True,,,,,,,,,,,False,False,False,100,,,,,,,,False,,,,,,,,,,,,,,,,,,,,,20.068621622,,450,,True,False,True
0223c4af,2019-05-09 15:56:05,TPCHQ6_3,pirTest,Tst,1000000000.0,gen/Tst_pirTest/TPCHQ6_3/log/mappir.log,gen/Tst_pirTest/TPCHQ6_3/log/runpir.log,gen/Tst_pirTest/TPCHQ6_3/log/genpsim.log,gen/Tst_pirTest/TPCHQ6_3/log/gentrace.log,gen/Tst_pirTest/TPCHQ6_3/log/runpsim.log,gen/Tst_pirTest/TPCHQ6_3/log/runpsim.sh,gen/Tst_pirTest/TPCHQ6_3/log/runproute.log,gen/Tst_pirTest/TPCHQ6_3/log/runproute.sh,gen/Tst_pirTest/TPCHQ6_3/plastisim/summary.csv,gen/Tst_pirTest/TPCHQ6_3/pir/AccelMain.scala,gen/Tst_pirTest/TPCHQ6_3/log/,gen/Tst_pirTest/TPCHQ6_3/log/gentst.log,gen/Tst_pirTest/TPCHQ6_3/log/maketst.log,gen/Tst_pirTest/TPCHQ6_3/log/runtst.log,True,,,,,,,,,,,False,False,False,100,,,,,,,,False,,,,,,,,,,,,,,,,,,,,,20.129695189,,2060,,True,False,True
0223c4af,2019-05-09 15:56:05,TPCHQ6_4,pirTest,Tst,1000000000.0,gen/Tst_pirTest/TPCHQ6_4/log/mappir.log,gen/Tst_pirTest/TPCHQ6_4/log/runpir.log,gen/Tst_pirTest/TPCHQ6_4/log/genpsim.log,gen/Tst_pirTest/TPCHQ6_4/log/gentrace.log,gen/Tst_pirTest/TPCHQ6_4/log/runpsim.log,gen/Tst_pirTest/TPCHQ6_4/log/runpsim.sh,gen/Tst_pirTest/TPCHQ6_4/log/runproute.log,gen/Tst_pirTest/TPCHQ6_4/log/runproute.sh,gen/Tst_pirTest/TPCHQ6_4/plastisim/summary.csv,gen/Tst_pirTest/TPCHQ6_4/pir/AccelMain.scala,gen/Tst_pirTest/TPCHQ6_4/log/,gen/Tst_pirTest/TPCHQ6_4/log/gentst.log,gen/Tst_pirTest/TPCHQ6_4/log/maketst.log,gen/Tst_pirTest/TPCHQ6_4/log/runtst.log,True,,,,,,,,,,,False,False,False,100,,,,,,,,False,,,,,,,,,,,,,,,,,,,,,41.694578136,,444,,True,False,True
0223c4af,2019-05-09 15:56:05,VecTest,pirTest,Tst,1000000000.0,gen/Tst_pirTest/VecTest/log/mappir.log,gen/Tst_pirTest/VecTest/log/runpir.log,gen/Tst_pirTest/VecTest/log/genpsim.log,gen/Tst_pirTest/VecTest/log/gentrace.log,gen/Tst_pirTest/VecTest/log/runpsim.log,gen/Tst_pirTest/VecTest/log/runpsim.sh,gen/Tst_pirTest/VecTest/log/runproute.log,gen/Tst_pirTest/VecTest/log/runproute.sh,gen/Tst_pirTest/VecTest/plastisim/summary.csv,gen/Tst_pirTest/VecTest/pir/AccelMain.scala,gen/Tst_pirTest/VecTest/log/,gen/Tst_pirTest/VecTest/log/gentst.log,gen/Tst_pirTest/VecTest/log/maketst.log,gen/Tst_pirTest/VecTest/log/runtst.log,True,,,,,,,,,,,False,False,False,100,,,,,,,,False,,,,,,,,,,,,,,,,,,,,,13.171224732,,588,,True,False,True
