spatial_sha,time,app,project,backend,freq,runproute,proutesh,prouteSummary,AccelMain,logpath,gentst,maketst,runp2p,runhybrid,genpir,genpir_err,gentst_err,gentst_time,gentst_notFit,gentst_MC,gentst_DAG,gentst_PMU,gentst_PCU,gentst_row,gentst_col,proutesh_algo,proutesh_pattern,proutesh_slink,proutesh_vlink,proutesh_prtime,proutesh_vcLimit,runproute_err,runproute_time,DynHopsVec,DynHopsScal,StatHopsVec,StatHopsScal,Score,NetVC,TotPkts,LinkLim,InjectLim,EjectLim,LongRoute,Q0Pct,Q0Lim,maketst_err,maketst_time,runp2p_cycle,runp2p_err,runp2p_pass,runp2p_deadlock,runp2p_complete,runp2p_dram_power,runp2p_rbw,runp2p_wbw,runp2p_time,runhybrid_cycle,runhybrid_err,runhybrid_pass,runhybrid_deadlock,runhybrid_complete,runhybrid_dram_power,runhybrid_rbw,runhybrid_wbw,runhybrid_time,succeeded
a3853c4f,2019-07-14 19:28:01,BankEnable_0,pirTest,Tst,1000000000.0,../gen/Tst_pirTest/BankEnable_0/log/runproute.log,../gen/Tst_pirTest/BankEnable_0/log/runproute.sh,../gen/Tst_pirTest/BankEnable_0/plastisim/summary.csv,../gen/Tst_pirTest/BankEnable_0/pir/AccelMain.scala,../gen/Tst_pirTest/BankEnable_0/log/,../gen/Tst_pirTest/BankEnable_0/log/gentst.log,../gen/Tst_pirTest/BankEnable_0/log/maketst.log,../gen/Tst_pirTest/BankEnable_0/log/runp2p.log,../gen/Tst_pirTest/BankEnable_0/log/runhybrid.log,True,,,9.220576343,,,,,,18,18,route_min_directed_valient,checkerboard,4,3,-1,4,,1:52.75,0,0,82,164,4.50,0,105,0.0000,0.0000,0.0000,9,-nan,0.0000,,0:26.08,107,,True,False,True,0.0,0.0,1.196,0:00.22,293,,True,False,True,0.0,0.0,0.437,0:02.95,True
a3853c4f,2019-07-14 19:28:01,BlackScholes_0,pirTest,Tst,1000000000.0,../gen/Tst_pirTest/BlackScholes_0/log/runproute.log,../gen/Tst_pirTest/BlackScholes_0/log/runproute.sh,../gen/Tst_pirTest/BlackScholes_0/plastisim/summary.csv,../gen/Tst_pirTest/BlackScholes_0/pir/AccelMain.scala,../gen/Tst_pirTest/BlackScholes_0/log/,../gen/Tst_pirTest/BlackScholes_0/log/gentst.log,../gen/Tst_pirTest/BlackScholes_0/log/maketst.log,../gen/Tst_pirTest/BlackScholes_0/log/runp2p.log,../gen/Tst_pirTest/BlackScholes_0/log/runhybrid.log,True,,,26.094446448,,,,,,18,18,,,,,,,,,,,,,,,,,,,,,,"Makefile:23: recipe for target 'tungsten' failed
",1:11.24,,,,False,False,,,,,,,,False,False,,,,,False
a3853c4f,2019-07-14 19:28:01,BlackScholes_1,pirTest,Tst,1000000000.0,../gen/Tst_pirTest/BlackScholes_1/log/runproute.log,../gen/Tst_pirTest/BlackScholes_1/log/runproute.sh,../gen/Tst_pirTest/BlackScholes_1/plastisim/summary.csv,../gen/Tst_pirTest/BlackScholes_1/pir/AccelMain.scala,../gen/Tst_pirTest/BlackScholes_1/log/,../gen/Tst_pirTest/BlackScholes_1/log/gentst.log,../gen/Tst_pirTest/BlackScholes_1/log/maketst.log,../gen/Tst_pirTest/BlackScholes_1/log/runp2p.log,../gen/Tst_pirTest/BlackScholes_1/log/runhybrid.log,True,,,,,,,,,,,,,,,,,,,,,,,,,,,,,,,,,,,,,False,False,,,,,,,,False,False,,,,,False
a3853c4f,2019-07-14 19:28:01,BreakTest,pirTest,Tst,1000000000.0,../gen/Tst_pirTest/BreakTest/log/runproute.log,../gen/Tst_pirTest/BreakTest/log/runproute.sh,../gen/Tst_pirTest/BreakTest/plastisim/summary.csv,../gen/Tst_pirTest/BreakTest/pir/AccelMain.scala,../gen/Tst_pirTest/BreakTest/log/,../gen/Tst_pirTest/BreakTest/log/gentst.log,../gen/Tst_pirTest/BreakTest/log/maketst.log,../gen/Tst_pirTest/BreakTest/log/runp2p.log,../gen/Tst_pirTest/BreakTest/log/runhybrid.log,True,,,6.895064934,,,,,,18,18,route_min_directed_valient,checkerboard,4,3,-1,4,,0:48.61,0,0,3000000,0,0.50,0,3000000,0.0000,0.0000,0.0000,1,-nan,0.0000,,0:20.70,21,,True,False,True,0.0,0.0,0.0,0:00.25,44,,True,False,True,0.0,0.0,0.0,0:00.61,True
a3853c4f,2019-07-14 19:28:01,BroadcastTest,pirTest,Tst,1000000000.0,../gen/Tst_pirTest/BroadcastTest/log/runproute.log,../gen/Tst_pirTest/BroadcastTest/log/runproute.sh,../gen/Tst_pirTest/BroadcastTest/plastisim/summary.csv,../gen/Tst_pirTest/BroadcastTest/pir/AccelMain.scala,../gen/Tst_pirTest/BroadcastTest/log/,../gen/Tst_pirTest/BroadcastTest/log/gentst.log,../gen/Tst_pirTest/BroadcastTest/log/maketst.log,../gen/Tst_pirTest/BroadcastTest/log/runp2p.log,../gen/Tst_pirTest/BroadcastTest/log/runhybrid.log,True,,,15.960700056,,,,,,18,18,,,,,,,,,,,,,,,,,,,,,,,0:34.22,,"Assertion fail:
",True,False,False,0.0,0.0,0.0,0:00.55,,,,False,False,,,,,False
a3853c4f,2019-07-14 19:28:01,DotProduct_0,pirTest,Tst,1000000000.0,../gen/Tst_pirTest/DotProduct_0/log/runproute.log,../gen/Tst_pirTest/DotProduct_0/log/runproute.sh,../gen/Tst_pirTest/DotProduct_0/plastisim/summary.csv,../gen/Tst_pirTest/DotProduct_0/pir/AccelMain.scala,../gen/Tst_pirTest/DotProduct_0/log/,../gen/Tst_pirTest/DotProduct_0/log/gentst.log,../gen/Tst_pirTest/DotProduct_0/log/maketst.log,../gen/Tst_pirTest/DotProduct_0/log/runp2p.log,../gen/Tst_pirTest/DotProduct_0/log/runhybrid.log,True,,,11.415500507,,,,,,18,18,route_min_directed_valient,checkerboard,4,3,-1,4,,1:56.75,0,0,213,448,5.00,0,419,0.0000,0.0000,0.0000,10,-nan,0.0000,,0:27.37,311,,True,False,True,0.0,26.341,0.0,0:00.31,465,,True,False,True,0.0,17.617,0.0,0:03.07,True
a3853c4f,2019-07-14 19:28:01,DotProduct_3,pirTest,Tst,1000000000.0,../gen/Tst_pirTest/DotProduct_3/log/runproute.log,../gen/Tst_pirTest/DotProduct_3/log/runproute.sh,../gen/Tst_pirTest/DotProduct_3/plastisim/summary.csv,../gen/Tst_pirTest/DotProduct_3/pir/AccelMain.scala,../gen/Tst_pirTest/DotProduct_3/log/,../gen/Tst_pirTest/DotProduct_3/log/gentst.log,../gen/Tst_pirTest/DotProduct_3/log/maketst.log,../gen/Tst_pirTest/DotProduct_3/log/runp2p.log,../gen/Tst_pirTest/DotProduct_3/log/runhybrid.log,True,,,15.081107446,,,,,,18,18,route_min_directed_valient,checkerboard,4,3,-1,4,,,,,,,,,,,,,,,,,0:35.83,244,,True,False,True,0.0,33.574,0.0,0:00.28,,,,False,False,,,,,False
a3853c4f,2019-07-14 19:28:01,GDA_0,pirTest,Tst,1000000000.0,../gen/Tst_pirTest/GDA_0/log/runproute.log,../gen/Tst_pirTest/GDA_0/log/runproute.sh,../gen/Tst_pirTest/GDA_0/plastisim/summary.csv,../gen/Tst_pirTest/GDA_0/pir/AccelMain.scala,../gen/Tst_pirTest/GDA_0/log/,../gen/Tst_pirTest/GDA_0/log/gentst.log,../gen/Tst_pirTest/GDA_0/log/maketst.log,../gen/Tst_pirTest/GDA_0/log/runp2p.log,../gen/Tst_pirTest/GDA_0/log/runhybrid.log,True,,,23.229358762,,,,,,18,18,route_min_directed_valient,checkerboard,4,3,-1,4,,,,,,,,,,,,,,,,,0:54.09,274356,,True,False,True,1.696,0.485,0.239,1:04.06,,,,False,False,,,,,False
a3853c4f,2019-07-14 19:28:01,GDA_1,pirTest,Tst,1000000000.0,../gen/Tst_pirTest/GDA_1/log/runproute.log,../gen/Tst_pirTest/GDA_1/log/runproute.sh,../gen/Tst_pirTest/GDA_1/plastisim/summary.csv,../gen/Tst_pirTest/GDA_1/pir/AccelMain.scala,../gen/Tst_pirTest/GDA_1/log/,../gen/Tst_pirTest/GDA_1/log/gentst.log,../gen/Tst_pirTest/GDA_1/log/maketst.log,../gen/Tst_pirTest/GDA_1/log/runp2p.log,../gen/Tst_pirTest/GDA_1/log/runhybrid.log,True,,,23.085052415,,,,,,18,18,route_min_directed_valient,checkerboard,4,3,-1,4,,,,,,,,,,,,,,,,,0:55.05,5996,,True,False,True,0.0,1.452,0.683,0:01.59,,,,False,False,,,,,False
a3853c4f,2019-07-14 19:28:01,GDA_14,pirTest,Tst,1000000000.0,../gen/Tst_pirTest/GDA_14/log/runproute.log,../gen/Tst_pirTest/GDA_14/log/runproute.sh,../gen/Tst_pirTest/GDA_14/plastisim/summary.csv,../gen/Tst_pirTest/GDA_14/pir/AccelMain.scala,../gen/Tst_pirTest/GDA_14/log/,../gen/Tst_pirTest/GDA_14/log/gentst.log,../gen/Tst_pirTest/GDA_14/log/maketst.log,../gen/Tst_pirTest/GDA_14/log/runp2p.log,../gen/Tst_pirTest/GDA_14/log/runhybrid.log,True,,,,,,,,,,,,,,,,,,,,,,,,,,,,,,,,,,,,,False,False,,,,,,,,False,False,,,,,False
a3853c4f,2019-07-14 19:28:01,GDA_4,pirTest,Tst,1000000000.0,../gen/Tst_pirTest/GDA_4/log/runproute.log,../gen/Tst_pirTest/GDA_4/log/runproute.sh,../gen/Tst_pirTest/GDA_4/plastisim/summary.csv,../gen/Tst_pirTest/GDA_4/pir/AccelMain.scala,../gen/Tst_pirTest/GDA_4/log/,../gen/Tst_pirTest/GDA_4/log/gentst.log,../gen/Tst_pirTest/GDA_4/log/maketst.log,../gen/Tst_pirTest/GDA_4/log/runp2p.log,../gen/Tst_pirTest/GDA_4/log/runhybrid.log,False,,,,,,,,,,,,,,,,,,,,,,,,,,,,,,,,,,,,,False,False,,,,,,,,False,False,,,,,False
a3853c4f,2019-07-14 19:28:01,GDA_5,pirTest,Tst,1000000000.0,../gen/Tst_pirTest/GDA_5/log/runproute.log,../gen/Tst_pirTest/GDA_5/log/runproute.sh,../gen/Tst_pirTest/GDA_5/plastisim/summary.csv,../gen/Tst_pirTest/GDA_5/pir/AccelMain.scala,../gen/Tst_pirTest/GDA_5/log/,../gen/Tst_pirTest/GDA_5/log/gentst.log,../gen/Tst_pirTest/GDA_5/log/maketst.log,../gen/Tst_pirTest/GDA_5/log/runp2p.log,../gen/Tst_pirTest/GDA_5/log/runhybrid.log,True,,,27.859463926,,,,,,18,18,,,,,,,,,,,,,,,,,,,,,,,0:56.97,,"Assertion fail:
",True,False,False,0.0,0.0,0.0,0:00.57,,,,False,False,,,,,False
a3853c4f,2019-07-14 19:28:01,GDA_6,pirTest,Tst,1000000000.0,../gen/Tst_pirTest/GDA_6/log/runproute.log,../gen/Tst_pirTest/GDA_6/log/runproute.sh,../gen/Tst_pirTest/GDA_6/plastisim/summary.csv,../gen/Tst_pirTest/GDA_6/pir/AccelMain.scala,../gen/Tst_pirTest/GDA_6/log/,../gen/Tst_pirTest/GDA_6/log/gentst.log,../gen/Tst_pirTest/GDA_6/log/maketst.log,../gen/Tst_pirTest/GDA_6/log/runp2p.log,../gen/Tst_pirTest/GDA_6/log/runhybrid.log,True,,,,,,,,,18,18,,,,,,,,,,,,,,,,,,,,,,,,,,,False,False,,,,,,,,False,False,,,,,False
a3853c4f,2019-07-14 19:28:01,GEMM_0,pirTest,Tst,1000000000.0,../gen/Tst_pirTest/GEMM_0/log/runproute.log,../gen/Tst_pirTest/GEMM_0/log/runproute.sh,../gen/Tst_pirTest/GEMM_0/plastisim/summary.csv,../gen/Tst_pirTest/GEMM_0/pir/AccelMain.scala,../gen/Tst_pirTest/GEMM_0/log/,../gen/Tst_pirTest/GEMM_0/log/gentst.log,../gen/Tst_pirTest/GEMM_0/log/maketst.log,../gen/Tst_pirTest/GEMM_0/log/runp2p.log,../gen/Tst_pirTest/GEMM_0/log/runhybrid.log,True,,,21.946119518,,,,,,18,18,,,,,,,,,,,,,,,,,,,,,,,0:42.42,,"Assertion fail:
",True,False,False,0.0,12.0,0.0,0:00.56,,,,False,False,,,,,False
a3853c4f,2019-07-14 19:28:01,GEMM_1,pirTest,Tst,1000000000.0,../gen/Tst_pirTest/GEMM_1/log/runproute.log,../gen/Tst_pirTest/GEMM_1/log/runproute.sh,../gen/Tst_pirTest/GEMM_1/plastisim/summary.csv,../gen/Tst_pirTest/GEMM_1/pir/AccelMain.scala,../gen/Tst_pirTest/GEMM_1/log/,../gen/Tst_pirTest/GEMM_1/log/gentst.log,../gen/Tst_pirTest/GEMM_1/log/maketst.log,../gen/Tst_pirTest/GEMM_1/log/runp2p.log,../gen/Tst_pirTest/GEMM_1/log/runhybrid.log,True,,,19.597408485,,,,,,18,18,route_min_directed_valient,checkerboard,4,3,-1,4,,,,,,,,,,,,,,,,,0:38.29,265438,,True,False,True,1.819,0.247,0.062,0:28.54,,,,False,False,,,,,False
a3853c4f,2019-07-14 19:28:01,GEMM_10,pirTest,Tst,1000000000.0,../gen/Tst_pirTest/GEMM_10/log/runproute.log,../gen/Tst_pirTest/GEMM_10/log/runproute.sh,../gen/Tst_pirTest/GEMM_10/plastisim/summary.csv,../gen/Tst_pirTest/GEMM_10/pir/AccelMain.scala,../gen/Tst_pirTest/GEMM_10/log/,../gen/Tst_pirTest/GEMM_10/log/gentst.log,../gen/Tst_pirTest/GEMM_10/log/maketst.log,../gen/Tst_pirTest/GEMM_10/log/runp2p.log,../gen/Tst_pirTest/GEMM_10/log/runhybrid.log,True,,"[[31merror[0m] 54-TungstenPIRGen throw java.util.NoSuchElementException
",32.517927586,,,,,,18,18,,,,,,,,,,,,,,,,,,,,,,,,,,,False,False,,,,,,,,False,False,,,,,False
a3853c4f,2019-07-14 19:28:01,GEMM_11,pirTest,Tst,1000000000.0,../gen/Tst_pirTest/GEMM_11/log/runproute.log,../gen/Tst_pirTest/GEMM_11/log/runproute.sh,../gen/Tst_pirTest/GEMM_11/plastisim/summary.csv,../gen/Tst_pirTest/GEMM_11/pir/AccelMain.scala,../gen/Tst_pirTest/GEMM_11/log/,../gen/Tst_pirTest/GEMM_11/log/gentst.log,../gen/Tst_pirTest/GEMM_11/log/maketst.log,../gen/Tst_pirTest/GEMM_11/log/runp2p.log,../gen/Tst_pirTest/GEMM_11/log/runhybrid.log,True,,,35.621625835,,,,,,18,18,,,,,,,,,,,,,,,,,,,,,,"Makefile:27: recipe for target 'build/main.o' failed
",0:17.72,,,,False,False,,,,,,,,False,False,,,,,False
a3853c4f,2019-07-14 19:28:01,GEMM_13,pirTest,Tst,1000000000.0,../gen/Tst_pirTest/GEMM_13/log/runproute.log,../gen/Tst_pirTest/GEMM_13/log/runproute.sh,../gen/Tst_pirTest/GEMM_13/plastisim/summary.csv,../gen/Tst_pirTest/GEMM_13/pir/AccelMain.scala,../gen/Tst_pirTest/GEMM_13/log/,../gen/Tst_pirTest/GEMM_13/log/gentst.log,../gen/Tst_pirTest/GEMM_13/log/maketst.log,../gen/Tst_pirTest/GEMM_13/log/runp2p.log,../gen/Tst_pirTest/GEMM_13/log/runhybrid.log,True,,,,,,,,,18,18,,,,,,,,,,,,,,,,,,,,,,,,,,,False,False,,,,,,,,False,False,,,,,False
a3853c4f,2019-07-14 19:28:01,GEMM_2,pirTest,Tst,1000000000.0,../gen/Tst_pirTest/GEMM_2/log/runproute.log,../gen/Tst_pirTest/GEMM_2/log/runproute.sh,../gen/Tst_pirTest/GEMM_2/plastisim/summary.csv,../gen/Tst_pirTest/GEMM_2/pir/AccelMain.scala,../gen/Tst_pirTest/GEMM_2/log/,../gen/Tst_pirTest/GEMM_2/log/gentst.log,../gen/Tst_pirTest/GEMM_2/log/maketst.log,../gen/Tst_pirTest/GEMM_2/log/runp2p.log,../gen/Tst_pirTest/GEMM_2/log/runhybrid.log,True,,,,,,,,,,,,,,,,,,,,,,,,,,,,,,,,,,,,,False,False,,,,,,,,False,False,,,,,False
a3853c4f,2019-07-14 19:28:01,GEMM_3,pirTest,Tst,1000000000.0,../gen/Tst_pirTest/GEMM_3/log/runproute.log,../gen/Tst_pirTest/GEMM_3/log/runproute.sh,../gen/Tst_pirTest/GEMM_3/plastisim/summary.csv,../gen/Tst_pirTest/GEMM_3/pir/AccelMain.scala,../gen/Tst_pirTest/GEMM_3/log/,../gen/Tst_pirTest/GEMM_3/log/gentst.log,../gen/Tst_pirTest/GEMM_3/log/maketst.log,../gen/Tst_pirTest/GEMM_3/log/runp2p.log,../gen/Tst_pirTest/GEMM_3/log/runhybrid.log,True,,,28.452094935,,,,,,18,18,,,,,,,,,,,,,,,,,,,,,,,0:50.17,,"Assertion fail:
",True,False,False,0.0,12.0,0.0,0:00.60,,,,False,False,,,,,False
a3853c4f,2019-07-14 19:28:01,GEMM_7,pirTest,Tst,1000000000.0,../gen/Tst_pirTest/GEMM_7/log/runproute.log,../gen/Tst_pirTest/GEMM_7/log/runproute.sh,../gen/Tst_pirTest/GEMM_7/plastisim/summary.csv,../gen/Tst_pirTest/GEMM_7/pir/AccelMain.scala,../gen/Tst_pirTest/GEMM_7/log/,../gen/Tst_pirTest/GEMM_7/log/gentst.log,../gen/Tst_pirTest/GEMM_7/log/maketst.log,../gen/Tst_pirTest/GEMM_7/log/runp2p.log,../gen/Tst_pirTest/GEMM_7/log/runhybrid.log,True,,,24.9301006,,,,,,18,18,,,,,,,,,,,,,,,,,,,,,,"Makefile:23: recipe for target 'tungsten' failed
",0:31.78,,,,False,False,,,,,,,,False,False,,,,,False
a3853c4f,2019-07-14 19:28:01,GEMM_8,pirTest,Tst,1000000000.0,../gen/Tst_pirTest/GEMM_8/log/runproute.log,../gen/Tst_pirTest/GEMM_8/log/runproute.sh,../gen/Tst_pirTest/GEMM_8/plastisim/summary.csv,../gen/Tst_pirTest/GEMM_8/pir/AccelMain.scala,../gen/Tst_pirTest/GEMM_8/log/,../gen/Tst_pirTest/GEMM_8/log/gentst.log,../gen/Tst_pirTest/GEMM_8/log/maketst.log,../gen/Tst_pirTest/GEMM_8/log/runp2p.log,../gen/Tst_pirTest/GEMM_8/log/runhybrid.log,True,,,26.635609444,,,,,,18,18,,,,,,,,,,,,,,,,,,,,,,,0:45.84,,"Assertion fail:
",True,False,False,0.0,6.0,0.0,0:00.66,,,,False,False,,,,,False
a3853c4f,2019-07-14 19:28:01,Kmeans_0,pirTest,Tst,1000000000.0,../gen/Tst_pirTest/Kmeans_0/log/runproute.log,../gen/Tst_pirTest/Kmeans_0/log/runproute.sh,../gen/Tst_pirTest/Kmeans_0/plastisim/summary.csv,../gen/Tst_pirTest/Kmeans_0/pir/AccelMain.scala,../gen/Tst_pirTest/Kmeans_0/log/,../gen/Tst_pirTest/Kmeans_0/log/gentst.log,../gen/Tst_pirTest/Kmeans_0/log/maketst.log,../gen/Tst_pirTest/Kmeans_0/log/runp2p.log,../gen/Tst_pirTest/Kmeans_0/log/runhybrid.log,True,,,,,,,,,,,,,,,,,,,,,,,,,,,,,,,,,,,,,False,False,,,,,,,,False,False,,,,,False
a3853c4f,2019-07-14 19:28:01,Kmeans_2,pirTest,Tst,1000000000.0,../gen/Tst_pirTest/Kmeans_2/log/runproute.log,../gen/Tst_pirTest/Kmeans_2/log/runproute.sh,../gen/Tst_pirTest/Kmeans_2/plastisim/summary.csv,../gen/Tst_pirTest/Kmeans_2/pir/AccelMain.scala,../gen/Tst_pirTest/Kmeans_2/log/,../gen/Tst_pirTest/Kmeans_2/log/gentst.log,../gen/Tst_pirTest/Kmeans_2/log/maketst.log,../gen/Tst_pirTest/Kmeans_2/log/runp2p.log,../gen/Tst_pirTest/Kmeans_2/log/runhybrid.log,True,,,53.837513132,,,,,,18,18,,,,,,,,,,,,,,,,,,,,,,"Makefile:23: recipe for target 'tungsten' failed
",1:04.86,,,,False,False,,,,,,,,False,False,,,,,False
a3853c4f,2019-07-14 19:28:01,Kmeans_3,pirTest,Tst,1000000000.0,../gen/Tst_pirTest/Kmeans_3/log/runproute.log,../gen/Tst_pirTest/Kmeans_3/log/runproute.sh,../gen/Tst_pirTest/Kmeans_3/plastisim/summary.csv,../gen/Tst_pirTest/Kmeans_3/pir/AccelMain.scala,../gen/Tst_pirTest/Kmeans_3/log/,../gen/Tst_pirTest/Kmeans_3/log/gentst.log,../gen/Tst_pirTest/Kmeans_3/log/maketst.log,../gen/Tst_pirTest/Kmeans_3/log/runp2p.log,../gen/Tst_pirTest/Kmeans_3/log/runhybrid.log,True,,,44.240227832,,,,,,18,18,,,,,,,,,,,,,,,,,,,,,,,1:48.95,,"Assertion fail:
",True,False,False,0.0,29.681,0.0,0:00.71,,,,False,False,,,,,False
a3853c4f,2019-07-14 19:28:01,Kmeans_6,pirTest,Tst,1000000000.0,../gen/Tst_pirTest/Kmeans_6/log/runproute.log,../gen/Tst_pirTest/Kmeans_6/log/runproute.sh,../gen/Tst_pirTest/Kmeans_6/plastisim/summary.csv,../gen/Tst_pirTest/Kmeans_6/pir/AccelMain.scala,../gen/Tst_pirTest/Kmeans_6/log/,../gen/Tst_pirTest/Kmeans_6/log/gentst.log,../gen/Tst_pirTest/Kmeans_6/log/maketst.log,../gen/Tst_pirTest/Kmeans_6/log/runp2p.log,../gen/Tst_pirTest/Kmeans_6/log/runhybrid.log,True,,,,,,,,,18,18,,,,,,,,,,,,,,,,,,,,,,,,,,,False,False,,,,,,,,False,False,,,,,False
a3853c4f,2019-07-14 19:28:01,Kmeans_8,pirTest,Tst,1000000000.0,../gen/Tst_pirTest/Kmeans_8/log/runproute.log,../gen/Tst_pirTest/Kmeans_8/log/runproute.sh,../gen/Tst_pirTest/Kmeans_8/plastisim/summary.csv,../gen/Tst_pirTest/Kmeans_8/pir/AccelMain.scala,../gen/Tst_pirTest/Kmeans_8/log/,../gen/Tst_pirTest/Kmeans_8/log/gentst.log,../gen/Tst_pirTest/Kmeans_8/log/maketst.log,../gen/Tst_pirTest/Kmeans_8/log/runp2p.log,../gen/Tst_pirTest/Kmeans_8/log/runhybrid.log,True,,,,,,,,,18,18,,,,,,,,,,,,,,,,,,,,,,,,,,,False,False,,,,,,,,False,False,,,,,False
a3853c4f,2019-07-14 19:28:01,LUTTest_0,pirTest,Tst,1000000000.0,../gen/Tst_pirTest/LUTTest_0/log/runproute.log,../gen/Tst_pirTest/LUTTest_0/log/runproute.sh,../gen/Tst_pirTest/LUTTest_0/plastisim/summary.csv,../gen/Tst_pirTest/LUTTest_0/pir/AccelMain.scala,../gen/Tst_pirTest/LUTTest_0/log/,../gen/Tst_pirTest/LUTTest_0/log/gentst.log,../gen/Tst_pirTest/LUTTest_0/log/maketst.log,../gen/Tst_pirTest/LUTTest_0/log/runp2p.log,../gen/Tst_pirTest/LUTTest_0/log/runhybrid.log,True,,,,,,,,,,,,,,,,,,,,,,,,,,,,,,,,,,,,,False,False,,,,,,,,False,False,,,,,False
a3853c4f,2019-07-14 19:28:01,LUTTest_1,pirTest,Tst,1000000000.0,../gen/Tst_pirTest/LUTTest_1/log/runproute.log,../gen/Tst_pirTest/LUTTest_1/log/runproute.sh,../gen/Tst_pirTest/LUTTest_1/plastisim/summary.csv,../gen/Tst_pirTest/LUTTest_1/pir/AccelMain.scala,../gen/Tst_pirTest/LUTTest_1/log/,../gen/Tst_pirTest/LUTTest_1/log/gentst.log,../gen/Tst_pirTest/LUTTest_1/log/maketst.log,../gen/Tst_pirTest/LUTTest_1/log/runp2p.log,../gen/Tst_pirTest/LUTTest_1/log/runhybrid.log,True,,,9.313777596,,,,,,18,18,route_min_directed_valient,checkerboard,4,3,-1,4,,,,,,,,,,,,,,,,,0:24.41,158,,True,False,True,0.0,0.0,0.0,0:00.33,,,,False,False,,,,,False
a3853c4f,2019-07-14 19:28:01,LUTTest_3,pirTest,Tst,1000000000.0,../gen/Tst_pirTest/LUTTest_3/log/runproute.log,../gen/Tst_pirTest/LUTTest_3/log/runproute.sh,../gen/Tst_pirTest/LUTTest_3/plastisim/summary.csv,../gen/Tst_pirTest/LUTTest_3/pir/AccelMain.scala,../gen/Tst_pirTest/LUTTest_3/log/,../gen/Tst_pirTest/LUTTest_3/log/gentst.log,../gen/Tst_pirTest/LUTTest_3/log/maketst.log,../gen/Tst_pirTest/LUTTest_3/log/runp2p.log,../gen/Tst_pirTest/LUTTest_3/log/runhybrid.log,True,,,12.638696301,,,,,,18,18,route_min_directed_valient,checkerboard,4,3,-1,4,,,,,,,,,,,,,,,,,0:30.21,46,,True,False,True,0.0,0.0,0.0,0:00.28,,,,False,False,,,,,False
a3853c4f,2019-07-14 19:28:01,LogReg_0,pirTest,Tst,1000000000.0,../gen/Tst_pirTest/LogReg_0/log/runproute.log,../gen/Tst_pirTest/LogReg_0/log/runproute.sh,../gen/Tst_pirTest/LogReg_0/plastisim/summary.csv,../gen/Tst_pirTest/LogReg_0/pir/AccelMain.scala,../gen/Tst_pirTest/LogReg_0/log/,../gen/Tst_pirTest/LogReg_0/log/gentst.log,../gen/Tst_pirTest/LogReg_0/log/maketst.log,../gen/Tst_pirTest/LogReg_0/log/runp2p.log,../gen/Tst_pirTest/LogReg_0/log/runhybrid.log,True,,,25.35091674,,,,,,18,18,route_min_directed_valient,checkerboard,4,3,-1,4,,,,,,,,,,,,,,,,,0:55.61,12229,,True,False,True,0.0,5.537,0.01,0:03.48,,,,False,False,,,,,False
a3853c4f,2019-07-14 19:28:01,LogReg_4,pirTest,Tst,1000000000.0,../gen/Tst_pirTest/LogReg_4/log/runproute.log,../gen/Tst_pirTest/LogReg_4/log/runproute.sh,../gen/Tst_pirTest/LogReg_4/plastisim/summary.csv,../gen/Tst_pirTest/LogReg_4/pir/AccelMain.scala,../gen/Tst_pirTest/LogReg_4/log/,../gen/Tst_pirTest/LogReg_4/log/gentst.log,../gen/Tst_pirTest/LogReg_4/log/maketst.log,../gen/Tst_pirTest/LogReg_4/log/runp2p.log,../gen/Tst_pirTest/LogReg_4/log/runhybrid.log,True,,,,,,,,,18,18,,,,,,,,,,,,,,,,,,,,,,,,,,,False,False,,,,,,,,False,False,,,,,False
a3853c4f,2019-07-14 19:28:01,LogReg_5,pirTest,Tst,1000000000.0,../gen/Tst_pirTest/LogReg_5/log/runproute.log,../gen/Tst_pirTest/LogReg_5/log/runproute.sh,../gen/Tst_pirTest/LogReg_5/plastisim/summary.csv,../gen/Tst_pirTest/LogReg_5/pir/AccelMain.scala,../gen/Tst_pirTest/LogReg_5/log/,../gen/Tst_pirTest/LogReg_5/log/gentst.log,../gen/Tst_pirTest/LogReg_5/log/maketst.log,../gen/Tst_pirTest/LogReg_5/log/runp2p.log,../gen/Tst_pirTest/LogReg_5/log/runhybrid.log,True,,,,,,,,,18,18,,,,,,,,,,,,,,,,,,,,,,,,,,,False,False,,,,,,,,False,False,,,,,False
a3853c4f,2019-07-14 19:28:01,OuterProduct_1,pirTest,Tst,1000000000.0,../gen/Tst_pirTest/OuterProduct_1/log/runproute.log,../gen/Tst_pirTest/OuterProduct_1/log/runproute.sh,../gen/Tst_pirTest/OuterProduct_1/plastisim/summary.csv,../gen/Tst_pirTest/OuterProduct_1/pir/AccelMain.scala,../gen/Tst_pirTest/OuterProduct_1/log/,../gen/Tst_pirTest/OuterProduct_1/log/gentst.log,../gen/Tst_pirTest/OuterProduct_1/log/maketst.log,../gen/Tst_pirTest/OuterProduct_1/log/runp2p.log,../gen/Tst_pirTest/OuterProduct_1/log/runhybrid.log,True,,,,,,,,,,,,,,,,,,,,,,,,,,,,,,,,,,,,,False,False,,,,,,,,False,False,,,,,False
a3853c4f,2019-07-14 19:28:01,OuterProduct_3,pirTest,Tst,1000000000.0,../gen/Tst_pirTest/OuterProduct_3/log/runproute.log,../gen/Tst_pirTest/OuterProduct_3/log/runproute.sh,../gen/Tst_pirTest/OuterProduct_3/plastisim/summary.csv,../gen/Tst_pirTest/OuterProduct_3/pir/AccelMain.scala,../gen/Tst_pirTest/OuterProduct_3/log/,../gen/Tst_pirTest/OuterProduct_3/log/gentst.log,../gen/Tst_pirTest/OuterProduct_3/log/maketst.log,../gen/Tst_pirTest/OuterProduct_3/log/runp2p.log,../gen/Tst_pirTest/OuterProduct_3/log/runhybrid.log,True,,,23.312847032,,,,,,18,18,route_min_directed_valient,checkerboard,4,3,-1,4,,,,,,,,,,,,,,,,,0:45.33,33097,,True,False,True,0.0,0.155,7.92,0:06.69,,,,False,False,,,,,False
a3853c4f,2019-07-14 19:28:01,OuterProduct_7,pirTest,Tst,1000000000.0,../gen/Tst_pirTest/OuterProduct_7/log/runproute.log,../gen/Tst_pirTest/OuterProduct_7/log/runproute.sh,../gen/Tst_pirTest/OuterProduct_7/plastisim/summary.csv,../gen/Tst_pirTest/OuterProduct_7/pir/AccelMain.scala,../gen/Tst_pirTest/OuterProduct_7/log/,../gen/Tst_pirTest/OuterProduct_7/log/gentst.log,../gen/Tst_pirTest/OuterProduct_7/log/maketst.log,../gen/Tst_pirTest/OuterProduct_7/log/runp2p.log,../gen/Tst_pirTest/OuterProduct_7/log/runhybrid.log,True,,,22.523223099,,,,,,18,18,,,,,,,,,,,,,,,,,,,,,,,0:48.78,,"Assertion fail:
",True,False,False,0.0,32.0,0.0,0:00.57,,,,False,False,,,,,False
a3853c4f,2019-07-14 19:28:01,SGD_0,pirTest,Tst,1000000000.0,../gen/Tst_pirTest/SGD_0/log/runproute.log,../gen/Tst_pirTest/SGD_0/log/runproute.sh,../gen/Tst_pirTest/SGD_0/plastisim/summary.csv,../gen/Tst_pirTest/SGD_0/pir/AccelMain.scala,../gen/Tst_pirTest/SGD_0/log/,../gen/Tst_pirTest/SGD_0/log/gentst.log,../gen/Tst_pirTest/SGD_0/log/maketst.log,../gen/Tst_pirTest/SGD_0/log/runp2p.log,../gen/Tst_pirTest/SGD_0/log/runhybrid.log,True,,,20.728454364,,,,,,18,18,route_min_directed_valient,checkerboard,4,3,-1,4,,,,,,,,,,,,,,,,,0:48.33,15203,,True,False,True,0.0,2.223,0.008,0:02.99,,,,False,False,,,,,False
a3853c4f,2019-07-14 19:28:01,SGD_1,pirTest,Tst,1000000000.0,../gen/Tst_pirTest/SGD_1/log/runproute.log,../gen/Tst_pirTest/SGD_1/log/runproute.sh,../gen/Tst_pirTest/SGD_1/plastisim/summary.csv,../gen/Tst_pirTest/SGD_1/pir/AccelMain.scala,../gen/Tst_pirTest/SGD_1/log/,../gen/Tst_pirTest/SGD_1/log/gentst.log,../gen/Tst_pirTest/SGD_1/log/maketst.log,../gen/Tst_pirTest/SGD_1/log/runp2p.log,../gen/Tst_pirTest/SGD_1/log/runhybrid.log,True,,,30.038748246,,,,,,18,18,,,,,,,,,,,,,,,,,,,,,,,0:58.81,,"Assertion fail:
",True,False,False,0.0,22.588,0.0,0:00.53,,,,False,False,,,,,False
a3853c4f,2019-07-14 19:28:01,SGD_2,pirTest,Tst,1000000000.0,../gen/Tst_pirTest/SGD_2/log/runproute.log,../gen/Tst_pirTest/SGD_2/log/runproute.sh,../gen/Tst_pirTest/SGD_2/plastisim/summary.csv,../gen/Tst_pirTest/SGD_2/pir/AccelMain.scala,../gen/Tst_pirTest/SGD_2/log/,../gen/Tst_pirTest/SGD_2/log/gentst.log,../gen/Tst_pirTest/SGD_2/log/maketst.log,../gen/Tst_pirTest/SGD_2/log/runp2p.log,../gen/Tst_pirTest/SGD_2/log/runhybrid.log,True,,,29.95130882,,,,,,18,18,,,,,,,,,,,,,,,,,,,,,,,1:00.51,,"Assertion fail:
",True,False,False,0.0,22.588,0.0,0:00.52,,,,False,False,,,,,False
a3853c4f,2019-07-14 19:28:01,SGD_3,pirTest,Tst,1000000000.0,../gen/Tst_pirTest/SGD_3/log/runproute.log,../gen/Tst_pirTest/SGD_3/log/runproute.sh,../gen/Tst_pirTest/SGD_3/plastisim/summary.csv,../gen/Tst_pirTest/SGD_3/pir/AccelMain.scala,../gen/Tst_pirTest/SGD_3/log/,../gen/Tst_pirTest/SGD_3/log/gentst.log,../gen/Tst_pirTest/SGD_3/log/maketst.log,../gen/Tst_pirTest/SGD_3/log/runp2p.log,../gen/Tst_pirTest/SGD_3/log/runhybrid.log,True,,,37.244212958,,,,,,18,18,,,,,,,,,,,,,,,,,,,,,,,1:11.26,,"Assertion fail:
",True,False,False,0.0,22.588,0.0,0:00.59,,,,False,False,,,,,False
a3853c4f,2019-07-14 19:28:01,SimpleDotProduct_1,pirTest,Tst,1000000000.0,../gen/Tst_pirTest/SimpleDotProduct_1/log/runproute.log,../gen/Tst_pirTest/SimpleDotProduct_1/log/runproute.sh,../gen/Tst_pirTest/SimpleDotProduct_1/plastisim/summary.csv,../gen/Tst_pirTest/SimpleDotProduct_1/pir/AccelMain.scala,../gen/Tst_pirTest/SimpleDotProduct_1/log/,../gen/Tst_pirTest/SimpleDotProduct_1/log/gentst.log,../gen/Tst_pirTest/SimpleDotProduct_1/log/maketst.log,../gen/Tst_pirTest/SimpleDotProduct_1/log/runp2p.log,../gen/Tst_pirTest/SimpleDotProduct_1/log/runhybrid.log,True,,,11.183648703,,,,,,18,18,route_min_directed_valient,checkerboard,4,3,-1,4,,,,,,,,,,,,,,,,,0:26.69,577,,True,False,True,0.0,0.0,0.0,0:00.27,,,,False,False,,,,,False
a3853c4f,2019-07-14 19:28:01,StreamInOutStop,pirTest,Tst,1000000000.0,../gen/Tst_pirTest/StreamInOutStop/log/runproute.log,../gen/Tst_pirTest/StreamInOutStop/log/runproute.sh,../gen/Tst_pirTest/StreamInOutStop/plastisim/summary.csv,../gen/Tst_pirTest/StreamInOutStop/pir/AccelMain.scala,../gen/Tst_pirTest/StreamInOutStop/log/,../gen/Tst_pirTest/StreamInOutStop/log/gentst.log,../gen/Tst_pirTest/StreamInOutStop/log/maketst.log,../gen/Tst_pirTest/StreamInOutStop/log/runp2p.log,../gen/Tst_pirTest/StreamInOutStop/log/runhybrid.log,True,,,7.788663465,,,,,,18,18,,,,,,,,,,,,,,,,,,,,,,"Makefile:27: recipe for target 'build/main.o' failed
",,,,,False,False,,,,,,,,False,False,,,,,False
a3853c4f,2019-07-14 19:28:01,StreamInfDotProduct_1,pirTest,Tst,1000000000.0,../gen/Tst_pirTest/StreamInfDotProduct_1/log/runproute.log,../gen/Tst_pirTest/StreamInfDotProduct_1/log/runproute.sh,../gen/Tst_pirTest/StreamInfDotProduct_1/plastisim/summary.csv,../gen/Tst_pirTest/StreamInfDotProduct_1/pir/AccelMain.scala,../gen/Tst_pirTest/StreamInfDotProduct_1/log/,../gen/Tst_pirTest/StreamInfDotProduct_1/log/gentst.log,../gen/Tst_pirTest/StreamInfDotProduct_1/log/maketst.log,../gen/Tst_pirTest/StreamInfDotProduct_1/log/runp2p.log,../gen/Tst_pirTest/StreamInfDotProduct_1/log/runhybrid.log,True,,,15.500353267,,,,,,18,18,,,,,,,,,,,,,,,,,,,,,,,0:31.81,,"[0;31mCaught exception on cycle 8: /DUT/Top/go614: push to backpressured interface[0m
",,False,False,0.0,0.0,0.0,0:00.53,,,,False,False,,,,,False
a3853c4f,2019-07-14 19:28:01,StreamInfDotProduct_4,pirTest,Tst,1000000000.0,../gen/Tst_pirTest/StreamInfDotProduct_4/log/runproute.log,../gen/Tst_pirTest/StreamInfDotProduct_4/log/runproute.sh,../gen/Tst_pirTest/StreamInfDotProduct_4/plastisim/summary.csv,../gen/Tst_pirTest/StreamInfDotProduct_4/pir/AccelMain.scala,../gen/Tst_pirTest/StreamInfDotProduct_4/log/,../gen/Tst_pirTest/StreamInfDotProduct_4/log/gentst.log,../gen/Tst_pirTest/StreamInfDotProduct_4/log/maketst.log,../gen/Tst_pirTest/StreamInfDotProduct_4/log/runp2p.log,../gen/Tst_pirTest/StreamInfDotProduct_4/log/runhybrid.log,True,,,18.187177741,,,,,,18,18,route_min_directed_valient,checkerboard,4,3,-1,4,,,,,,,,,,,,,,,,,0:38.75,188,,True,False,True,0.0,0.0,0.0,0:00.32,,,,False,False,,,,,False
a3853c4f,2019-07-14 19:28:01,StreamInfKmeans_0,pirTest,Tst,1000000000.0,../gen/Tst_pirTest/StreamInfKmeans_0/log/runproute.log,../gen/Tst_pirTest/StreamInfKmeans_0/log/runproute.sh,../gen/Tst_pirTest/StreamInfKmeans_0/plastisim/summary.csv,../gen/Tst_pirTest/StreamInfKmeans_0/pir/AccelMain.scala,../gen/Tst_pirTest/StreamInfKmeans_0/log/,../gen/Tst_pirTest/StreamInfKmeans_0/log/gentst.log,../gen/Tst_pirTest/StreamInfKmeans_0/log/maketst.log,../gen/Tst_pirTest/StreamInfKmeans_0/log/runp2p.log,../gen/Tst_pirTest/StreamInfKmeans_0/log/runhybrid.log,True,,,15.804001604,,,,,,18,18,,,,,,,,,,,,,,,,,,,,,,,0:34.90,,"[0;31mCaught exception on cycle 38: /DUT/Top/go731: push to backpressured interface[0m
",,False,False,0.0,0.0,0.0,0:00.51,,,,False,False,,,,,False
a3853c4f,2019-07-14 19:28:01,StreamInfKmeans_3,pirTest,Tst,1000000000.0,../gen/Tst_pirTest/StreamInfKmeans_3/log/runproute.log,../gen/Tst_pirTest/StreamInfKmeans_3/log/runproute.sh,../gen/Tst_pirTest/StreamInfKmeans_3/plastisim/summary.csv,../gen/Tst_pirTest/StreamInfKmeans_3/pir/AccelMain.scala,../gen/Tst_pirTest/StreamInfKmeans_3/log/,../gen/Tst_pirTest/StreamInfKmeans_3/log/gentst.log,../gen/Tst_pirTest/StreamInfKmeans_3/log/maketst.log,../gen/Tst_pirTest/StreamInfKmeans_3/log/runp2p.log,../gen/Tst_pirTest/StreamInfKmeans_3/log/runhybrid.log,True,,,15.052982146,,,,,,18,18,,,,,,,,,,,,,,,,,,,,,,,0:35.68,,"[0;31mCaught exception on cycle 38: /DUT/Top/go760: push to backpressured interface[0m
",,False,False,0.0,0.0,0.0,0:00.54,,,,False,False,,,,,False
a3853c4f,2019-07-14 19:28:01,StreamInfKmeans_4,pirTest,Tst,1000000000.0,../gen/Tst_pirTest/StreamInfKmeans_4/log/runproute.log,../gen/Tst_pirTest/StreamInfKmeans_4/log/runproute.sh,../gen/Tst_pirTest/StreamInfKmeans_4/plastisim/summary.csv,../gen/Tst_pirTest/StreamInfKmeans_4/pir/AccelMain.scala,../gen/Tst_pirTest/StreamInfKmeans_4/log/,../gen/Tst_pirTest/StreamInfKmeans_4/log/gentst.log,../gen/Tst_pirTest/StreamInfKmeans_4/log/maketst.log,../gen/Tst_pirTest/StreamInfKmeans_4/log/runp2p.log,../gen/Tst_pirTest/StreamInfKmeans_4/log/runhybrid.log,True,,,,,,,,,,,,,,,,,,,,,,,,,,,,,,,,,,,,,False,False,,,,,,,,False,False,,,,,False
a3853c4f,2019-07-14 19:28:01,StreamInfLogReg_0,pirTest,Tst,1000000000.0,../gen/Tst_pirTest/StreamInfLogReg_0/log/runproute.log,../gen/Tst_pirTest/StreamInfLogReg_0/log/runproute.sh,../gen/Tst_pirTest/StreamInfLogReg_0/plastisim/summary.csv,../gen/Tst_pirTest/StreamInfLogReg_0/pir/AccelMain.scala,../gen/Tst_pirTest/StreamInfLogReg_0/log/,../gen/Tst_pirTest/StreamInfLogReg_0/log/gentst.log,../gen/Tst_pirTest/StreamInfLogReg_0/log/maketst.log,../gen/Tst_pirTest/StreamInfLogReg_0/log/runp2p.log,../gen/Tst_pirTest/StreamInfLogReg_0/log/runhybrid.log,True,,,11.962057701,,,,,,18,18,route_min_directed_valient,checkerboard,4,3,-1,4,,1:53.33,0,0,25000000,10000000,4.50,0,12000000,0.0000,0.0000,0.0000,9,-nan,0.0000,,0:28.33,186,,True,False,True,0.0,0.0,0.0,0:00.27,,"[0;31mCaught exception on cycle 4: /DUT/Top/go371: push to backpressured interface[0m
",,False,False,0.0,0.0,0.0,0:00.67,False
a3853c4f,2019-07-14 19:28:01,StreamInfLogReg_3,pirTest,Tst,1000000000.0,../gen/Tst_pirTest/StreamInfLogReg_3/log/runproute.log,../gen/Tst_pirTest/StreamInfLogReg_3/log/runproute.sh,../gen/Tst_pirTest/StreamInfLogReg_3/plastisim/summary.csv,../gen/Tst_pirTest/StreamInfLogReg_3/pir/AccelMain.scala,../gen/Tst_pirTest/StreamInfLogReg_3/log/,../gen/Tst_pirTest/StreamInfLogReg_3/log/gentst.log,../gen/Tst_pirTest/StreamInfLogReg_3/log/maketst.log,../gen/Tst_pirTest/StreamInfLogReg_3/log/runp2p.log,../gen/Tst_pirTest/StreamInfLogReg_3/log/runhybrid.log,True,,"[[31merror[0m] 54-TungstenPIRGen throw java.util.NoSuchElementException
",17.397139729,,,,,,18,18,,,,,,,,,,,,,,,,,,,,,,,,,,,False,False,,,,,,,,False,False,,,,,False
a3853c4f,2019-07-14 19:28:01,StreamInfNN_0,pirTest,Tst,1000000000.0,../gen/Tst_pirTest/StreamInfNN_0/log/runproute.log,../gen/Tst_pirTest/StreamInfNN_0/log/runproute.sh,../gen/Tst_pirTest/StreamInfNN_0/plastisim/summary.csv,../gen/Tst_pirTest/StreamInfNN_0/pir/AccelMain.scala,../gen/Tst_pirTest/StreamInfNN_0/log/,../gen/Tst_pirTest/StreamInfNN_0/log/gentst.log,../gen/Tst_pirTest/StreamInfNN_0/log/maketst.log,../gen/Tst_pirTest/StreamInfNN_0/log/runp2p.log,../gen/Tst_pirTest/StreamInfNN_0/log/runhybrid.log,True,,,16.002680397,,,,,,18,18,,,,,,,,,,,,,,,,,,,,,,,0:36.38,,"[0;31mCaught exception on cycle 38: /DUT/Top/go770: push to backpressured interface[0m
",,False,False,0.0,0.0,0.0,0:00.57,,,,False,False,,,,,False
a3853c4f,2019-07-14 19:28:01,StreamInfNN_1,pirTest,Tst,1000000000.0,../gen/Tst_pirTest/StreamInfNN_1/log/runproute.log,../gen/Tst_pirTest/StreamInfNN_1/log/runproute.sh,../gen/Tst_pirTest/StreamInfNN_1/plastisim/summary.csv,../gen/Tst_pirTest/StreamInfNN_1/pir/AccelMain.scala,../gen/Tst_pirTest/StreamInfNN_1/log/,../gen/Tst_pirTest/StreamInfNN_1/log/gentst.log,../gen/Tst_pirTest/StreamInfNN_1/log/maketst.log,../gen/Tst_pirTest/StreamInfNN_1/log/runp2p.log,../gen/Tst_pirTest/StreamInfNN_1/log/runhybrid.log,True,,"[[31merror[0m] 54-TungstenPIRGen throw java.util.NoSuchElementException
",23.1954749,,,,,,18,18,,,,,,,,,,,,,,,,,,,,,,,,,,,False,False,,,,,,,,False,False,,,,,False
a3853c4f,2019-07-14 19:28:01,StreamInfNN_3,pirTest,Tst,1000000000.0,../gen/Tst_pirTest/StreamInfNN_3/log/runproute.log,../gen/Tst_pirTest/StreamInfNN_3/log/runproute.sh,../gen/Tst_pirTest/StreamInfNN_3/plastisim/summary.csv,../gen/Tst_pirTest/StreamInfNN_3/pir/AccelMain.scala,../gen/Tst_pirTest/StreamInfNN_3/log/,../gen/Tst_pirTest/StreamInfNN_3/log/gentst.log,../gen/Tst_pirTest/StreamInfNN_3/log/maketst.log,../gen/Tst_pirTest/StreamInfNN_3/log/runp2p.log,../gen/Tst_pirTest/StreamInfNN_3/log/runhybrid.log,True,,,25.649382386,,,,,,18,18,,,,,,,,,,,,,,,,,,,,,,"Makefile:23: recipe for target 'tungsten' failed
",0:38.65,,,,False,False,,,,,,,,False,False,,,,,False
a3853c4f,2019-07-14 19:28:01,StreamInfSVM_0,pirTest,Tst,1000000000.0,../gen/Tst_pirTest/StreamInfSVM_0/log/runproute.log,../gen/Tst_pirTest/StreamInfSVM_0/log/runproute.sh,../gen/Tst_pirTest/StreamInfSVM_0/plastisim/summary.csv,../gen/Tst_pirTest/StreamInfSVM_0/pir/AccelMain.scala,../gen/Tst_pirTest/StreamInfSVM_0/log/,../gen/Tst_pirTest/StreamInfSVM_0/log/gentst.log,../gen/Tst_pirTest/StreamInfSVM_0/log/maketst.log,../gen/Tst_pirTest/StreamInfSVM_0/log/runp2p.log,../gen/Tst_pirTest/StreamInfSVM_0/log/runhybrid.log,True,,,,,,,,,,,,,,,,,,,,,,,,,,,,,,,,,,,,,False,False,,,,,,,,False,False,,,,,False
a3853c4f,2019-07-14 19:28:01,StreamInfSVM_5,pirTest,Tst,1000000000.0,../gen/Tst_pirTest/StreamInfSVM_5/log/runproute.log,../gen/Tst_pirTest/StreamInfSVM_5/log/runproute.sh,../gen/Tst_pirTest/StreamInfSVM_5/plastisim/summary.csv,../gen/Tst_pirTest/StreamInfSVM_5/pir/AccelMain.scala,../gen/Tst_pirTest/StreamInfSVM_5/log/,../gen/Tst_pirTest/StreamInfSVM_5/log/gentst.log,../gen/Tst_pirTest/StreamInfSVM_5/log/maketst.log,../gen/Tst_pirTest/StreamInfSVM_5/log/runp2p.log,../gen/Tst_pirTest/StreamInfSVM_5/log/runhybrid.log,True,,"[[31merror[0m] 54-TungstenPIRGen throw java.util.NoSuchElementException
",22.770466517,,,,,,18,18,,,,,,,,,,,,,,,,,,,,,,,,,,,False,False,,,,,,,,False,False,,,,,False
a3853c4f,2019-07-14 19:28:01,StreamSumFields_1,pirTest,Tst,1000000000.0,../gen/Tst_pirTest/StreamSumFields_1/log/runproute.log,../gen/Tst_pirTest/StreamSumFields_1/log/runproute.sh,../gen/Tst_pirTest/StreamSumFields_1/plastisim/summary.csv,../gen/Tst_pirTest/StreamSumFields_1/pir/AccelMain.scala,../gen/Tst_pirTest/StreamSumFields_1/log/,../gen/Tst_pirTest/StreamSumFields_1/log/gentst.log,../gen/Tst_pirTest/StreamSumFields_1/log/maketst.log,../gen/Tst_pirTest/StreamSumFields_1/log/runp2p.log,../gen/Tst_pirTest/StreamSumFields_1/log/runhybrid.log,True,,,15.058882698,,,,,,18,18,,,,,,,,,,,,,,,,,,,,,,,0:31.45,,"[0;31mCaught exception on cycle 8: /DUT/Top/go608: push to backpressured interface[0m
",,False,False,0.0,0.0,0.0,0:00.56,,,,False,False,,,,,False
a3853c4f,2019-07-14 19:28:01,SumSquare_0,pirTest,Tst,1000000000.0,../gen/Tst_pirTest/SumSquare_0/log/runproute.log,../gen/Tst_pirTest/SumSquare_0/log/runproute.sh,../gen/Tst_pirTest/SumSquare_0/plastisim/summary.csv,../gen/Tst_pirTest/SumSquare_0/pir/AccelMain.scala,../gen/Tst_pirTest/SumSquare_0/log/,../gen/Tst_pirTest/SumSquare_0/log/gentst.log,../gen/Tst_pirTest/SumSquare_0/log/maketst.log,../gen/Tst_pirTest/SumSquare_0/log/runp2p.log,../gen/Tst_pirTest/SumSquare_0/log/runhybrid.log,True,,,,,,,,,,,,,,,,,,,,,,,,,,,,,,,,,,,,,False,False,,,,,,,,False,False,,,,,False
a3853c4f,2019-07-14 19:28:01,SumSquare_2,pirTest,Tst,1000000000.0,../gen/Tst_pirTest/SumSquare_2/log/runproute.log,../gen/Tst_pirTest/SumSquare_2/log/runproute.sh,../gen/Tst_pirTest/SumSquare_2/plastisim/summary.csv,../gen/Tst_pirTest/SumSquare_2/pir/AccelMain.scala,../gen/Tst_pirTest/SumSquare_2/log/,../gen/Tst_pirTest/SumSquare_2/log/gentst.log,../gen/Tst_pirTest/SumSquare_2/log/maketst.log,../gen/Tst_pirTest/SumSquare_2/log/runp2p.log,../gen/Tst_pirTest/SumSquare_2/log/runhybrid.log,True,,,8.381018843,,,,,,18,18,,,,,,,,,,,,,,,,,,,,,,"Makefile:27: recipe for target 'build/main.o' failed
",,,,,False,False,,,,,,,,False,False,,,,,False
a3853c4f,2019-07-14 19:28:01,SumSquare_3,pirTest,Tst,1000000000.0,../gen/Tst_pirTest/SumSquare_3/log/runproute.log,../gen/Tst_pirTest/SumSquare_3/log/runproute.sh,../gen/Tst_pirTest/SumSquare_3/plastisim/summary.csv,../gen/Tst_pirTest/SumSquare_3/pir/AccelMain.scala,../gen/Tst_pirTest/SumSquare_3/log/,../gen/Tst_pirTest/SumSquare_3/log/gentst.log,../gen/Tst_pirTest/SumSquare_3/log/maketst.log,../gen/Tst_pirTest/SumSquare_3/log/runp2p.log,../gen/Tst_pirTest/SumSquare_3/log/runhybrid.log,True,,,8.42270178,,,,,,18,18,route_min_directed_valient,checkerboard,4,3,-1,4,,0:51.08,0,0,65,0,1.00,0,33,0.0000,0.0000,0.0000,2,-nan,0.0000,,0:21.79,530,,True,False,True,0.0,0.0,0.0,0:00.27,561,,True,False,True,0.0,0.0,0.0,0:03.16,True
a3853c4f,2019-07-14 19:28:01,SumSquare_5,pirTest,Tst,1000000000.0,../gen/Tst_pirTest/SumSquare_5/log/runproute.log,../gen/Tst_pirTest/SumSquare_5/log/runproute.sh,../gen/Tst_pirTest/SumSquare_5/plastisim/summary.csv,../gen/Tst_pirTest/SumSquare_5/pir/AccelMain.scala,../gen/Tst_pirTest/SumSquare_5/log/,../gen/Tst_pirTest/SumSquare_5/log/gentst.log,../gen/Tst_pirTest/SumSquare_5/log/maketst.log,../gen/Tst_pirTest/SumSquare_5/log/runp2p.log,../gen/Tst_pirTest/SumSquare_5/log/runhybrid.log,True,,,9.184046026,,,,,,18,18,route_min_directed_valient,checkerboard,4,3,-1,4,,,,,,,,,,,,,,,,,0:22.68,194,,True,False,True,0.0,0.0,0.0,0:00.30,,,,False,False,,,,,False
a3853c4f,2019-07-14 19:28:01,TPCHQ6_4,pirTest,Tst,1000000000.0,../gen/Tst_pirTest/TPCHQ6_4/log/runproute.log,../gen/Tst_pirTest/TPCHQ6_4/log/runproute.sh,../gen/Tst_pirTest/TPCHQ6_4/plastisim/summary.csv,../gen/Tst_pirTest/TPCHQ6_4/pir/AccelMain.scala,../gen/Tst_pirTest/TPCHQ6_4/log/,../gen/Tst_pirTest/TPCHQ6_4/log/gentst.log,../gen/Tst_pirTest/TPCHQ6_4/log/maketst.log,../gen/Tst_pirTest/TPCHQ6_4/log/runp2p.log,../gen/Tst_pirTest/TPCHQ6_4/log/runhybrid.log,True,,,39.563193565,,,,,,18,18,,,,,,,,,,,,,,,,,,,,,,,1:32.09,,"Assertion fail:
",True,False,False,0.0,34.254,0.0,0:00.71,,,,False,False,,,,,False
a3853c4f,2019-07-14 19:28:01,VecTest,pirTest,Tst,1000000000.0,../gen/Tst_pirTest/VecTest/log/runproute.log,../gen/Tst_pirTest/VecTest/log/runproute.sh,../gen/Tst_pirTest/VecTest/plastisim/summary.csv,../gen/Tst_pirTest/VecTest/pir/AccelMain.scala,../gen/Tst_pirTest/VecTest/log/,../gen/Tst_pirTest/VecTest/log/gentst.log,../gen/Tst_pirTest/VecTest/log/maketst.log,../gen/Tst_pirTest/VecTest/log/runp2p.log,../gen/Tst_pirTest/VecTest/log/runhybrid.log,True,,,16.412533585,,,,,,18,18,,,,,,,,,,,,,,,,,,,,,,,0:37.05,,"Assertion fail:
",True,False,False,nan,nan,nan,0:00.56,,,,False,False,,,,,False
