spatial_sha,pir_sha,time,app,project,backend,freq,runproute,proutesh,prouteSummary,AccelMain,logpath,gentst,resreport,maketst,runp2p,runhybrid,genpir,genpir_err,gentst_err,gentst_time,notFit,row,col,MC,DAG,PMU,PCU,MC_Total,DAG_Total,PMU_Total,PCU_Total,algo,pattern,slink,vlink,prtime,vcLimit,runproute_err,runproute_time,DynHopsVec,DynHopsScal,StatHopsVec,StatHopsScal,Score,NetVC,TotPkts,LinkLim,InjectLim,EjectLim,LongRoute,Q0Pct,Q0Lim,maketst_err,maketst_time,runp2p_cycle,runp2p_err,runp2p_pass,runp2p_deadlock,runp2p_complete,runp2p_dram_power,runp2p_rbw,runp2p_wbw,runp2p_time,runhybrid_cycle,runhybrid_err,runhybrid_pass,runhybrid_deadlock,runhybrid_complete,runhybrid_dram_power,runhybrid_rbw,runhybrid_wbw,runhybrid_time,succeeded
a7afe0f7,874666b5,2019-07-28 21:54:47,BankEnable_0,pirTest,Tst,1000000000.0,../gen/Tst_pirTest/BankEnable_0/log/runproute.log,../gen/Tst_pirTest/BankEnable_0/log/runproute.sh,../gen/Tst_pirTest/BankEnable_0/plastisim/summary.csv,../gen/Tst_pirTest/BankEnable_0/pir/AccelMain.scala,../gen/Tst_pirTest/BankEnable_0/log/,../gen/Tst_pirTest/BankEnable_0/log/gentst.log,../gen/Tst_pirTest/BankEnable_0/pir/out/resource.csv,../gen/Tst_pirTest/BankEnable_0/log/maketst.log,../gen/Tst_pirTest/BankEnable_0/log/runp2p.log,../gen/Tst_pirTest/BankEnable_0/log/runhybrid.log,True,,,8.413084656,,18,18,1,1,2,2,36,36,162,162,,,,,,,,,,,,,,,,,,,,,,,0:26.70,76,,True,False,True,,0.0,1.68421,0:00.21,,,,False,False,,,,,True
a7afe0f7,874666b5,2019-07-28 21:54:47,BlackScholes_0,pirTest,Tst,1000000000.0,../gen/Tst_pirTest/BlackScholes_0/log/runproute.log,../gen/Tst_pirTest/BlackScholes_0/log/runproute.sh,../gen/Tst_pirTest/BlackScholes_0/plastisim/summary.csv,../gen/Tst_pirTest/BlackScholes_0/pir/AccelMain.scala,../gen/Tst_pirTest/BlackScholes_0/log/,../gen/Tst_pirTest/BlackScholes_0/log/gentst.log,../gen/Tst_pirTest/BlackScholes_0/pir/out/resource.csv,../gen/Tst_pirTest/BlackScholes_0/log/maketst.log,../gen/Tst_pirTest/BlackScholes_0/log/runp2p.log,../gen/Tst_pirTest/BlackScholes_0/log/runhybrid.log,True,,,22.562652131,,18,18,7,8,8,36,36,36,162,162,,,,,,,,,,,,,,,,,,,,,,,1:25.23,1656,,True,False,True,,14.8406,2.47343,0:00.84,,,,False,False,,,,,True
a7afe0f7,874666b5,2019-07-28 21:54:47,BlackScholes_1,pirTest,Tst,1000000000.0,../gen/Tst_pirTest/BlackScholes_1/log/runproute.log,../gen/Tst_pirTest/BlackScholes_1/log/runproute.sh,../gen/Tst_pirTest/BlackScholes_1/plastisim/summary.csv,../gen/Tst_pirTest/BlackScholes_1/pir/AccelMain.scala,../gen/Tst_pirTest/BlackScholes_1/log/,../gen/Tst_pirTest/BlackScholes_1/log/gentst.log,../gen/Tst_pirTest/BlackScholes_1/pir/out/resource.csv,../gen/Tst_pirTest/BlackScholes_1/log/maketst.log,../gen/Tst_pirTest/BlackScholes_1/log/runp2p.log,../gen/Tst_pirTest/BlackScholes_1/log/runhybrid.log,True,,,23.440544549,,18,18,7,9,7,32,36,36,162,162,,,,,,,,,,,,,,,,,,,,,,,1:11.20,22545,,True,False,True,,1.09009,0.181681,0:06.76,,,,False,False,,,,,True
a7afe0f7,874666b5,2019-07-28 21:54:47,BreakTest,pirTest,Tst,1000000000.0,../gen/Tst_pirTest/BreakTest/log/runproute.log,../gen/Tst_pirTest/BreakTest/log/runproute.sh,../gen/Tst_pirTest/BreakTest/plastisim/summary.csv,../gen/Tst_pirTest/BreakTest/pir/AccelMain.scala,../gen/Tst_pirTest/BreakTest/log/,../gen/Tst_pirTest/BreakTest/log/gentst.log,../gen/Tst_pirTest/BreakTest/pir/out/resource.csv,../gen/Tst_pirTest/BreakTest/log/maketst.log,../gen/Tst_pirTest/BreakTest/log/runp2p.log,../gen/Tst_pirTest/BreakTest/log/runhybrid.log,True,,,5.854026035,,18,18,0,0,0,1,36,36,162,162,,,,,,,,,,,,,,,,,,,,,,,0:23.02,87,,True,False,True,,0.0,0.0,0:00.24,,,,False,False,,,,,True
a7afe0f7,874666b5,2019-07-28 21:54:47,BreakTest2,pirTest,Tst,1000000000.0,../gen/Tst_pirTest/BreakTest2/log/runproute.log,../gen/Tst_pirTest/BreakTest2/log/runproute.sh,../gen/Tst_pirTest/BreakTest2/plastisim/summary.csv,../gen/Tst_pirTest/BreakTest2/pir/AccelMain.scala,../gen/Tst_pirTest/BreakTest2/log/,../gen/Tst_pirTest/BreakTest2/log/gentst.log,../gen/Tst_pirTest/BreakTest2/pir/out/resource.csv,../gen/Tst_pirTest/BreakTest2/log/maketst.log,../gen/Tst_pirTest/BreakTest2/log/runp2p.log,../gen/Tst_pirTest/BreakTest2/log/runhybrid.log,True,,,6.610566786,,18,18,0,0,0,2,36,36,162,162,,,,,,,,,,,,,,,,,,,,,,,0:22.25,23,,True,False,True,,0.0,0.0,0:00.27,,,,False,False,,,,,True
a7afe0f7,874666b5,2019-07-28 21:54:47,BroadcastTest,pirTest,Tst,1000000000.0,../gen/Tst_pirTest/BroadcastTest/log/runproute.log,../gen/Tst_pirTest/BroadcastTest/log/runproute.sh,../gen/Tst_pirTest/BroadcastTest/plastisim/summary.csv,../gen/Tst_pirTest/BroadcastTest/pir/AccelMain.scala,../gen/Tst_pirTest/BroadcastTest/log/,../gen/Tst_pirTest/BroadcastTest/log/gentst.log,../gen/Tst_pirTest/BroadcastTest/pir/out/resource.csv,../gen/Tst_pirTest/BroadcastTest/log/maketst.log,../gen/Tst_pirTest/BroadcastTest/log/runp2p.log,../gen/Tst_pirTest/BroadcastTest/log/runhybrid.log,True,,,13.856489468,,18,18,2,3,2,8,36,36,162,162,,,,,,,,,,,,,,,,,,,,,,,0:35.24,545,,True,False,True,,0.234862,7.5156,0:00.26,,,,False,False,,,,,True
a7afe0f7,874666b5,2019-07-28 21:54:47,DotProduct_0,pirTest,Tst,1000000000.0,../gen/Tst_pirTest/DotProduct_0/log/runproute.log,../gen/Tst_pirTest/DotProduct_0/log/runproute.sh,../gen/Tst_pirTest/DotProduct_0/plastisim/summary.csv,../gen/Tst_pirTest/DotProduct_0/pir/AccelMain.scala,../gen/Tst_pirTest/DotProduct_0/log/,../gen/Tst_pirTest/DotProduct_0/log/gentst.log,../gen/Tst_pirTest/DotProduct_0/pir/out/resource.csv,../gen/Tst_pirTest/DotProduct_0/log/maketst.log,../gen/Tst_pirTest/DotProduct_0/log/runp2p.log,../gen/Tst_pirTest/DotProduct_0/log/runhybrid.log,True,,,9.909651375,,18,18,2,2,2,2,36,36,162,162,,,,,,,,,,,,,,,,,,,,,,,0:29.69,296,,True,False,True,,27.6757,0.0,0:00.24,,,,False,False,,,,,True
a7afe0f7,874666b5,2019-07-28 21:54:47,DotProduct_1,pirTest,Tst,1000000000.0,../gen/Tst_pirTest/DotProduct_1/log/runproute.log,../gen/Tst_pirTest/DotProduct_1/log/runproute.sh,../gen/Tst_pirTest/DotProduct_1/plastisim/summary.csv,../gen/Tst_pirTest/DotProduct_1/pir/AccelMain.scala,../gen/Tst_pirTest/DotProduct_1/log/,../gen/Tst_pirTest/DotProduct_1/log/gentst.log,../gen/Tst_pirTest/DotProduct_1/pir/out/resource.csv,../gen/Tst_pirTest/DotProduct_1/log/maketst.log,../gen/Tst_pirTest/DotProduct_1/log/runp2p.log,../gen/Tst_pirTest/DotProduct_1/log/runhybrid.log,True,,,10.198138849,,18,18,2,2,2,2,36,36,162,162,,,,,,,,,,,,,,,,,,,,,,,0:27.63,1131,,True,False,True,,7.24315,0.0,0:00.30,,,,False,False,,,,,True
a7afe0f7,874666b5,2019-07-28 21:54:47,DotProduct_2,pirTest,Tst,1000000000.0,../gen/Tst_pirTest/DotProduct_2/log/runproute.log,../gen/Tst_pirTest/DotProduct_2/log/runproute.sh,../gen/Tst_pirTest/DotProduct_2/plastisim/summary.csv,../gen/Tst_pirTest/DotProduct_2/pir/AccelMain.scala,../gen/Tst_pirTest/DotProduct_2/log/,../gen/Tst_pirTest/DotProduct_2/log/gentst.log,../gen/Tst_pirTest/DotProduct_2/pir/out/resource.csv,../gen/Tst_pirTest/DotProduct_2/log/maketst.log,../gen/Tst_pirTest/DotProduct_2/log/runp2p.log,../gen/Tst_pirTest/DotProduct_2/log/runhybrid.log,True,,,13.639935553,,18,18,4,4,4,3,36,36,162,162,,,,,,,,,,,,,,,,,,,,,,,0:31.27,624,,True,False,True,,13.1282,0.0,0:00.23,,,,False,False,,,,,True
a7afe0f7,874666b5,2019-07-28 21:54:47,DotProduct_3,pirTest,Tst,1000000000.0,../gen/Tst_pirTest/DotProduct_3/log/runproute.log,../gen/Tst_pirTest/DotProduct_3/log/runproute.sh,../gen/Tst_pirTest/DotProduct_3/plastisim/summary.csv,../gen/Tst_pirTest/DotProduct_3/pir/AccelMain.scala,../gen/Tst_pirTest/DotProduct_3/log/,../gen/Tst_pirTest/DotProduct_3/log/gentst.log,../gen/Tst_pirTest/DotProduct_3/pir/out/resource.csv,../gen/Tst_pirTest/DotProduct_3/log/maketst.log,../gen/Tst_pirTest/DotProduct_3/log/runp2p.log,../gen/Tst_pirTest/DotProduct_3/log/runhybrid.log,True,,,12.330541108,,18,18,4,4,4,3,36,36,162,162,,,,,,,,,,,,,,,,,,,,,,,0:34.28,234,,True,False,True,,35.0085,0.0,0:00.26,,,,False,False,,,,,True
a7afe0f7,874666b5,2019-07-28 21:54:47,DotProduct_4,pirTest,Tst,1000000000.0,../gen/Tst_pirTest/DotProduct_4/log/runproute.log,../gen/Tst_pirTest/DotProduct_4/log/runproute.sh,../gen/Tst_pirTest/DotProduct_4/plastisim/summary.csv,../gen/Tst_pirTest/DotProduct_4/pir/AccelMain.scala,../gen/Tst_pirTest/DotProduct_4/log/,../gen/Tst_pirTest/DotProduct_4/log/gentst.log,../gen/Tst_pirTest/DotProduct_4/pir/out/resource.csv,../gen/Tst_pirTest/DotProduct_4/log/maketst.log,../gen/Tst_pirTest/DotProduct_4/log/runp2p.log,../gen/Tst_pirTest/DotProduct_4/log/runhybrid.log,True,,,41.197539215,,18,18,16,16,16,11,36,36,162,162,,,,,,,,,,,,,,,,,,,,,,,1:17.50,243,,True,False,True,,33.7119,0.0,0:00.27,,,,False,False,,,,,True
a7afe0f7,874666b5,2019-07-28 21:54:47,DotProduct_5,pirTest,Tst,1000000000.0,../gen/Tst_pirTest/DotProduct_5/log/runproute.log,../gen/Tst_pirTest/DotProduct_5/log/runproute.sh,../gen/Tst_pirTest/DotProduct_5/plastisim/summary.csv,../gen/Tst_pirTest/DotProduct_5/pir/AccelMain.scala,../gen/Tst_pirTest/DotProduct_5/log/,../gen/Tst_pirTest/DotProduct_5/log/gentst.log,../gen/Tst_pirTest/DotProduct_5/pir/out/resource.csv,../gen/Tst_pirTest/DotProduct_5/log/maketst.log,../gen/Tst_pirTest/DotProduct_5/log/runp2p.log,../gen/Tst_pirTest/DotProduct_5/log/runhybrid.log,True,,,16.396537589,,18,18,6,6,6,4,36,36,162,162,,,,,,,,,,,,,,,,,,,,,,,0:40.37,239,,True,False,True,,35.3473,0.0,0:00.26,,,,False,False,,,,,True
a7afe0f7,874666b5,2019-07-28 21:54:47,GDA_0,pirTest,Tst,1000000000.0,../gen/Tst_pirTest/GDA_0/log/runproute.log,../gen/Tst_pirTest/GDA_0/log/runproute.sh,../gen/Tst_pirTest/GDA_0/plastisim/summary.csv,../gen/Tst_pirTest/GDA_0/pir/AccelMain.scala,../gen/Tst_pirTest/GDA_0/log/,../gen/Tst_pirTest/GDA_0/log/gentst.log,../gen/Tst_pirTest/GDA_0/pir/out/resource.csv,../gen/Tst_pirTest/GDA_0/log/maketst.log,../gen/Tst_pirTest/GDA_0/log/runp2p.log,../gen/Tst_pirTest/GDA_0/log/runhybrid.log,True,,,18.866619452,,18,18,5,5,11,6,36,36,162,162,,,,,,,,,,,,,,,,,,,,,,,0:51.29,270581,,True,False,True,,0.491978,0.242205,0:25.31,,,,False,False,,,,,True
a7afe0f7,874666b5,2019-07-28 21:54:47,GDA_1,pirTest,Tst,1000000000.0,../gen/Tst_pirTest/GDA_1/log/runproute.log,../gen/Tst_pirTest/GDA_1/log/runproute.sh,../gen/Tst_pirTest/GDA_1/plastisim/summary.csv,../gen/Tst_pirTest/GDA_1/pir/AccelMain.scala,../gen/Tst_pirTest/GDA_1/log/,../gen/Tst_pirTest/GDA_1/log/gentst.log,../gen/Tst_pirTest/GDA_1/pir/out/resource.csv,../gen/Tst_pirTest/GDA_1/log/maketst.log,../gen/Tst_pirTest/GDA_1/log/runp2p.log,../gen/Tst_pirTest/GDA_1/log/runhybrid.log,True,,,19.93205098,,18,18,5,5,11,6,36,36,162,162,,,,,,,,,,,,,,,,,,,,,,,0:50.60,5397,,True,False,True,,1.61275,0.75894,0:00.83,,,,False,False,,,,,True
a7afe0f7,874666b5,2019-07-28 21:54:47,GDA_14,pirTest,Tst,1000000000.0,../gen/Tst_pirTest/GDA_14/log/runproute.log,../gen/Tst_pirTest/GDA_14/log/runproute.sh,../gen/Tst_pirTest/GDA_14/plastisim/summary.csv,../gen/Tst_pirTest/GDA_14/pir/AccelMain.scala,../gen/Tst_pirTest/GDA_14/log/,../gen/Tst_pirTest/GDA_14/log/gentst.log,../gen/Tst_pirTest/GDA_14/pir/out/resource.csv,../gen/Tst_pirTest/GDA_14/log/maketst.log,../gen/Tst_pirTest/GDA_14/log/runp2p.log,../gen/Tst_pirTest/GDA_14/log/runhybrid.log,True,,,43.751627059,,18,18,5,6,17,26,36,36,162,162,,,,,,,,,,,,,,,,,,,,,,,1:28.87,398746,,True,False,True,,0.333847,0.164355,1:54.85,,,,False,False,,,,,True
a7afe0f7,874666b5,2019-07-28 21:54:47,GDA_2,pirTest,Tst,1000000000.0,../gen/Tst_pirTest/GDA_2/log/runproute.log,../gen/Tst_pirTest/GDA_2/log/runproute.sh,../gen/Tst_pirTest/GDA_2/plastisim/summary.csv,../gen/Tst_pirTest/GDA_2/pir/AccelMain.scala,../gen/Tst_pirTest/GDA_2/log/,../gen/Tst_pirTest/GDA_2/log/gentst.log,../gen/Tst_pirTest/GDA_2/pir/out/resource.csv,../gen/Tst_pirTest/GDA_2/log/maketst.log,../gen/Tst_pirTest/GDA_2/log/runp2p.log,../gen/Tst_pirTest/GDA_2/log/runhybrid.log,True,,,29.884798084,,18,18,5,6,15,12,36,36,162,162,,,,,,,,,,,,,,,,,,,,,,,1:06.47,2952,,True,False,True,,2.94851,1.38753,0:00.93,,,,False,False,,,,,True
a7afe0f7,874666b5,2019-07-28 21:54:47,GDA_3,pirTest,Tst,1000000000.0,../gen/Tst_pirTest/GDA_3/log/runproute.log,../gen/Tst_pirTest/GDA_3/log/runproute.sh,../gen/Tst_pirTest/GDA_3/plastisim/summary.csv,../gen/Tst_pirTest/GDA_3/pir/AccelMain.scala,../gen/Tst_pirTest/GDA_3/log/,../gen/Tst_pirTest/GDA_3/log/gentst.log,../gen/Tst_pirTest/GDA_3/pir/out/resource.csv,../gen/Tst_pirTest/GDA_3/log/maketst.log,../gen/Tst_pirTest/GDA_3/log/runp2p.log,../gen/Tst_pirTest/GDA_3/log/runhybrid.log,True,,,24.264511283,,18,18,5,6,12,11,36,36,162,162,,,,,,,,,,,,,,,,,,,,,,,0:57.48,13059,,True,False,True,,0.666514,0.313653,0:01.95,,,,False,False,,,,,True
a7afe0f7,874666b5,2019-07-28 21:54:47,GDA_4,pirTest,Tst,1000000000.0,../gen/Tst_pirTest/GDA_4/log/runproute.log,../gen/Tst_pirTest/GDA_4/log/runproute.sh,../gen/Tst_pirTest/GDA_4/plastisim/summary.csv,../gen/Tst_pirTest/GDA_4/pir/AccelMain.scala,../gen/Tst_pirTest/GDA_4/log/,../gen/Tst_pirTest/GDA_4/log/gentst.log,../gen/Tst_pirTest/GDA_4/pir/out/resource.csv,../gen/Tst_pirTest/GDA_4/log/maketst.log,../gen/Tst_pirTest/GDA_4/log/runp2p.log,../gen/Tst_pirTest/GDA_4/log/runhybrid.log,True,,,44.345812284,,18,18,5,6,17,26,36,36,162,162,,,,,,,,,,,,,,,,,,,,,,,1:27.33,6690,,True,False,True,,1.30105,0.612257,0:02.43,,,,False,False,,,,,True
a7afe0f7,874666b5,2019-07-28 21:54:47,GDA_5,pirTest,Tst,1000000000.0,../gen/Tst_pirTest/GDA_5/log/runproute.log,../gen/Tst_pirTest/GDA_5/log/runproute.sh,../gen/Tst_pirTest/GDA_5/plastisim/summary.csv,../gen/Tst_pirTest/GDA_5/pir/AccelMain.scala,../gen/Tst_pirTest/GDA_5/log/,../gen/Tst_pirTest/GDA_5/log/gentst.log,../gen/Tst_pirTest/GDA_5/pir/out/resource.csv,../gen/Tst_pirTest/GDA_5/log/maketst.log,../gen/Tst_pirTest/GDA_5/log/runp2p.log,../gen/Tst_pirTest/GDA_5/log/runhybrid.log,True,,,21.275584431,,18,18,5,6,11,11,36,36,162,162,,,,,,,,,,,,,,,,,,,,,,,0:39.72,25797,,True,False,True,,0.337404,0.158778,0:02.44,,,,False,False,,,,,True
a7afe0f7,874666b5,2019-07-28 21:54:47,GDA_6,pirTest,Tst,1000000000.0,../gen/Tst_pirTest/GDA_6/log/runproute.log,../gen/Tst_pirTest/GDA_6/log/runproute.sh,../gen/Tst_pirTest/GDA_6/plastisim/summary.csv,../gen/Tst_pirTest/GDA_6/pir/AccelMain.scala,../gen/Tst_pirTest/GDA_6/log/,../gen/Tst_pirTest/GDA_6/log/gentst.log,../gen/Tst_pirTest/GDA_6/pir/out/resource.csv,../gen/Tst_pirTest/GDA_6/log/maketst.log,../gen/Tst_pirTest/GDA_6/log/runp2p.log,../gen/Tst_pirTest/GDA_6/log/runhybrid.log,True,,,33.325762358,,18,18,5,6,14,22,36,36,162,162,,,,,,,,,,,,,,,,,,,,,,,1:13.22,790522,,True,False,True,,0.168395,0.0829022,3:05.11,,,,False,False,,,,,True
a7afe0f7,874666b5,2019-07-28 21:54:47,GEMM_0,pirTest,Tst,1000000000.0,../gen/Tst_pirTest/GEMM_0/log/runproute.log,../gen/Tst_pirTest/GEMM_0/log/runproute.sh,../gen/Tst_pirTest/GEMM_0/plastisim/summary.csv,../gen/Tst_pirTest/GEMM_0/pir/AccelMain.scala,../gen/Tst_pirTest/GEMM_0/log/,../gen/Tst_pirTest/GEMM_0/log/gentst.log,../gen/Tst_pirTest/GEMM_0/pir/out/resource.csv,../gen/Tst_pirTest/GEMM_0/log/maketst.log,../gen/Tst_pirTest/GEMM_0/log/runp2p.log,../gen/Tst_pirTest/GEMM_0/log/runhybrid.log,True,,,19.342536306,,18,18,3,6,5,5,36,36,162,162,,,,,,,,,,,,,,,,,,,,,,,0:40.78,132294,,True,False,True,,1.98153,0.495381,0:09.46,,,,False,False,,,,,True
a7afe0f7,874666b5,2019-07-28 21:54:47,GEMM_1,pirTest,Tst,1000000000.0,../gen/Tst_pirTest/GEMM_1/log/runproute.log,../gen/Tst_pirTest/GEMM_1/log/runproute.sh,../gen/Tst_pirTest/GEMM_1/plastisim/summary.csv,../gen/Tst_pirTest/GEMM_1/pir/AccelMain.scala,../gen/Tst_pirTest/GEMM_1/log/,../gen/Tst_pirTest/GEMM_1/log/gentst.log,../gen/Tst_pirTest/GEMM_1/pir/out/resource.csv,../gen/Tst_pirTest/GEMM_1/log/maketst.log,../gen/Tst_pirTest/GEMM_1/log/runp2p.log,../gen/Tst_pirTest/GEMM_1/log/runhybrid.log,True,,,16.886912231,,18,18,3,3,5,5,36,36,162,162,,,,,,,,,,,,,,,,,,,,,,,0:34.93,265427,,True,False,True,,0.246908,0.061727,0:10.81,,,,False,False,,,,,True
a7afe0f7,874666b5,2019-07-28 21:54:47,GEMM_10,pirTest,Tst,1000000000.0,../gen/Tst_pirTest/GEMM_10/log/runproute.log,../gen/Tst_pirTest/GEMM_10/log/runproute.sh,../gen/Tst_pirTest/GEMM_10/plastisim/summary.csv,../gen/Tst_pirTest/GEMM_10/pir/AccelMain.scala,../gen/Tst_pirTest/GEMM_10/log/,../gen/Tst_pirTest/GEMM_10/log/gentst.log,../gen/Tst_pirTest/GEMM_10/pir/out/resource.csv,../gen/Tst_pirTest/GEMM_10/log/maketst.log,../gen/Tst_pirTest/GEMM_10/log/runp2p.log,../gen/Tst_pirTest/GEMM_10/log/runhybrid.log,True,,,29.097218089,,18,18,4,4,7,17,36,36,162,162,,,,,,,,,,,,,,,,,,,,,,,0:48.18,9586,,True,False,True,,1.70916,0.42729,0:01.38,,,,False,False,,,,,True
a7afe0f7,874666b5,2019-07-28 21:54:47,GEMM_11,pirTest,Tst,1000000000.0,../gen/Tst_pirTest/GEMM_11/log/runproute.log,../gen/Tst_pirTest/GEMM_11/log/runproute.sh,../gen/Tst_pirTest/GEMM_11/plastisim/summary.csv,../gen/Tst_pirTest/GEMM_11/pir/AccelMain.scala,../gen/Tst_pirTest/GEMM_11/log/,../gen/Tst_pirTest/GEMM_11/log/gentst.log,../gen/Tst_pirTest/GEMM_11/pir/out/resource.csv,../gen/Tst_pirTest/GEMM_11/log/maketst.log,../gen/Tst_pirTest/GEMM_11/log/runp2p.log,../gen/Tst_pirTest/GEMM_11/log/runhybrid.log,True,,,31.838041476,,18,18,7,7,9,17,36,36,162,162,,,,,,,,,,,,,,,,,,,,,,,0:50.78,9844,,True,False,True,,1.66436,0.416091,0:01.71,,,,False,False,,,,,True
a7afe0f7,874666b5,2019-07-28 21:54:47,GEMM_12,pirTest,Tst,1000000000.0,../gen/Tst_pirTest/GEMM_12/log/runproute.log,../gen/Tst_pirTest/GEMM_12/log/runproute.sh,../gen/Tst_pirTest/GEMM_12/plastisim/summary.csv,../gen/Tst_pirTest/GEMM_12/pir/AccelMain.scala,../gen/Tst_pirTest/GEMM_12/log/,../gen/Tst_pirTest/GEMM_12/log/gentst.log,../gen/Tst_pirTest/GEMM_12/pir/out/resource.csv,../gen/Tst_pirTest/GEMM_12/log/maketst.log,../gen/Tst_pirTest/GEMM_12/log/runp2p.log,../gen/Tst_pirTest/GEMM_12/log/runhybrid.log,True,,,28.427892404,,18,18,5,5,7,19,36,36,162,162,,,,,,,,,,,,,,,,,,,,,,,0:47.54,9854,,True,False,True,,1.66268,0.415669,0:01.53,,,,False,False,,,,,True
a7afe0f7,874666b5,2019-07-28 21:54:47,GEMM_13,pirTest,Tst,1000000000.0,../gen/Tst_pirTest/GEMM_13/log/runproute.log,../gen/Tst_pirTest/GEMM_13/log/runproute.sh,../gen/Tst_pirTest/GEMM_13/plastisim/summary.csv,../gen/Tst_pirTest/GEMM_13/pir/AccelMain.scala,../gen/Tst_pirTest/GEMM_13/log/,../gen/Tst_pirTest/GEMM_13/log/gentst.log,../gen/Tst_pirTest/GEMM_13/pir/out/resource.csv,../gen/Tst_pirTest/GEMM_13/log/maketst.log,../gen/Tst_pirTest/GEMM_13/log/runp2p.log,../gen/Tst_pirTest/GEMM_13/log/runhybrid.log,True,,,38.175175866,,18,18,12,12,20,20,36,36,162,162,,,,,,,,,,,,,,,,,,,,,,,0:55.14,9060,,True,False,True,,1.80839,0.452097,0:02.01,,,,False,False,,,,,True
a7afe0f7,874666b5,2019-07-28 21:54:47,GEMM_14,pirTest,Tst,1000000000.0,../gen/Tst_pirTest/GEMM_14/log/runproute.log,../gen/Tst_pirTest/GEMM_14/log/runproute.sh,../gen/Tst_pirTest/GEMM_14/plastisim/summary.csv,../gen/Tst_pirTest/GEMM_14/pir/AccelMain.scala,../gen/Tst_pirTest/GEMM_14/log/,../gen/Tst_pirTest/GEMM_14/log/gentst.log,../gen/Tst_pirTest/GEMM_14/pir/out/resource.csv,../gen/Tst_pirTest/GEMM_14/log/maketst.log,../gen/Tst_pirTest/GEMM_14/log/runp2p.log,../gen/Tst_pirTest/GEMM_14/log/runhybrid.log,True,,,39.968810401,,18,18,10,10,14,14,36,36,162,162,,,,,,,,,,,,,,,,,,,,,,,0:59.94,9321,,True,False,True,,1.75775,0.439438,0:02.59,,,,False,False,,,,,True
a7afe0f7,874666b5,2019-07-28 21:54:47,GEMM_15,pirTest,Tst,1000000000.0,../gen/Tst_pirTest/GEMM_15/log/runproute.log,../gen/Tst_pirTest/GEMM_15/log/runproute.sh,../gen/Tst_pirTest/GEMM_15/plastisim/summary.csv,../gen/Tst_pirTest/GEMM_15/pir/AccelMain.scala,../gen/Tst_pirTest/GEMM_15/log/,../gen/Tst_pirTest/GEMM_15/log/gentst.log,../gen/Tst_pirTest/GEMM_15/pir/out/resource.csv,../gen/Tst_pirTest/GEMM_15/log/maketst.log,../gen/Tst_pirTest/GEMM_15/log/runp2p.log,../gen/Tst_pirTest/GEMM_15/log/runhybrid.log,True,,,47.466453688,,18,18,7,7,11,31,36,36,162,162,,,,,,,,,,,,,,,,,,,,,,,1:08.79,6714,,True,False,True,,2.44027,0.610069,0:02.21,,,,False,False,,,,,True
a7afe0f7,874666b5,2019-07-28 21:54:47,GEMM_16,pirTest,Tst,1000000000.0,../gen/Tst_pirTest/GEMM_16/log/runproute.log,../gen/Tst_pirTest/GEMM_16/log/runproute.sh,../gen/Tst_pirTest/GEMM_16/plastisim/summary.csv,../gen/Tst_pirTest/GEMM_16/pir/AccelMain.scala,../gen/Tst_pirTest/GEMM_16/log/,../gen/Tst_pirTest/GEMM_16/log/gentst.log,../gen/Tst_pirTest/GEMM_16/pir/out/resource.csv,../gen/Tst_pirTest/GEMM_16/log/maketst.log,../gen/Tst_pirTest/GEMM_16/log/runp2p.log,../gen/Tst_pirTest/GEMM_16/log/runhybrid.log,True,,,60.862610603,,18,18,20,20,28,28,36,36,162,162,,,,,,,,,,,,,,,,,,,,,,,2:00.29,4969,,True,False,True,,3.29724,0.824311,0:02.64,,,,False,False,,,,,True
a7afe0f7,874666b5,2019-07-28 21:54:47,GEMM_17,pirTest,Tst,1000000000.0,../gen/Tst_pirTest/GEMM_17/log/runproute.log,../gen/Tst_pirTest/GEMM_17/log/runproute.sh,../gen/Tst_pirTest/GEMM_17/plastisim/summary.csv,../gen/Tst_pirTest/GEMM_17/pir/AccelMain.scala,../gen/Tst_pirTest/GEMM_17/log/,../gen/Tst_pirTest/GEMM_17/log/gentst.log,../gen/Tst_pirTest/GEMM_17/pir/out/resource.csv,../gen/Tst_pirTest/GEMM_17/log/maketst.log,../gen/Tst_pirTest/GEMM_17/log/runp2p.log,../gen/Tst_pirTest/GEMM_17/log/runhybrid.log,True,,,59.79342619,,18,18,7,28,13,30,36,36,162,162,,,,,,,,,,,,,,,,,,,,,,,1:45.70,5815,,True,False,True,,11.2702,2.81754,0:03.32,,,,False,False,,,,,True
a7afe0f7,874666b5,2019-07-28 21:54:47,GEMM_18,pirTest,Tst,1000000000.0,../gen/Tst_pirTest/GEMM_18/log/runproute.log,../gen/Tst_pirTest/GEMM_18/log/runproute.sh,../gen/Tst_pirTest/GEMM_18/plastisim/summary.csv,../gen/Tst_pirTest/GEMM_18/pir/AccelMain.scala,../gen/Tst_pirTest/GEMM_18/log/,../gen/Tst_pirTest/GEMM_18/log/gentst.log,../gen/Tst_pirTest/GEMM_18/pir/out/resource.csv,../gen/Tst_pirTest/GEMM_18/log/maketst.log,../gen/Tst_pirTest/GEMM_18/log/runp2p.log,../gen/Tst_pirTest/GEMM_18/log/runhybrid.log,True,,,77.263058443,,18,18,20,36,28,36,36,36,162,162,,,,,,,,,,,,,,,,,,,,,,,1:44.06,3093,,True,False,True,,21.1885,5.29712,0:01.91,,,,False,False,,,,,True
a7afe0f7,874666b5,2019-07-28 21:54:47,GEMM_19,pirTest,Tst,1000000000.0,../gen/Tst_pirTest/GEMM_19/log/runproute.log,../gen/Tst_pirTest/GEMM_19/log/runproute.sh,../gen/Tst_pirTest/GEMM_19/plastisim/summary.csv,../gen/Tst_pirTest/GEMM_19/pir/AccelMain.scala,../gen/Tst_pirTest/GEMM_19/log/,../gen/Tst_pirTest/GEMM_19/log/gentst.log,../gen/Tst_pirTest/GEMM_19/pir/out/resource.csv,../gen/Tst_pirTest/GEMM_19/log/maketst.log,../gen/Tst_pirTest/GEMM_19/log/runp2p.log,../gen/Tst_pirTest/GEMM_19/log/runhybrid.log,True,,,28.212276504,,18,18,5,15,7,8,36,36,162,162,,,,,,,,,,,,,,,,,,,,,,,0:51.63,,"Assertion fail:
",True,False,False,,9.15914,0.0,0:01.70,,,,False,False,,,,,False
a7afe0f7,874666b5,2019-07-28 21:54:47,GEMM_2,pirTest,Tst,1000000000.0,../gen/Tst_pirTest/GEMM_2/log/runproute.log,../gen/Tst_pirTest/GEMM_2/log/runproute.sh,../gen/Tst_pirTest/GEMM_2/plastisim/summary.csv,../gen/Tst_pirTest/GEMM_2/pir/AccelMain.scala,../gen/Tst_pirTest/GEMM_2/log/,../gen/Tst_pirTest/GEMM_2/log/gentst.log,../gen/Tst_pirTest/GEMM_2/pir/out/resource.csv,../gen/Tst_pirTest/GEMM_2/log/maketst.log,../gen/Tst_pirTest/GEMM_2/log/runp2p.log,../gen/Tst_pirTest/GEMM_2/log/runhybrid.log,True,,,28.157814744,,18,18,3,7,6,14,36,36,162,162,,,,,,,,,,,,,,,,,,,,,,,0:51.85,66758,,True,False,True,,3.92678,0.981695,0:10.23,,,,False,False,,,,,True
a7afe0f7,874666b5,2019-07-28 21:54:47,GEMM_3,pirTest,Tst,1000000000.0,../gen/Tst_pirTest/GEMM_3/log/runproute.log,../gen/Tst_pirTest/GEMM_3/log/runproute.sh,../gen/Tst_pirTest/GEMM_3/plastisim/summary.csv,../gen/Tst_pirTest/GEMM_3/pir/AccelMain.scala,../gen/Tst_pirTest/GEMM_3/log/,../gen/Tst_pirTest/GEMM_3/log/gentst.log,../gen/Tst_pirTest/GEMM_3/pir/out/resource.csv,../gen/Tst_pirTest/GEMM_3/log/maketst.log,../gen/Tst_pirTest/GEMM_3/log/runp2p.log,../gen/Tst_pirTest/GEMM_3/log/runhybrid.log,True,,,23.2231151,,18,18,5,10,7,8,36,36,162,162,,,,,,,,,,,,,,,,,,,,,,,0:47.25,68684,,True,False,True,,3.81667,0.954167,0:09.23,,,,False,False,,,,,True
a7afe0f7,874666b5,2019-07-28 21:54:47,GEMM_4,pirTest,Tst,1000000000.0,../gen/Tst_pirTest/GEMM_4/log/runproute.log,../gen/Tst_pirTest/GEMM_4/log/runproute.sh,../gen/Tst_pirTest/GEMM_4/plastisim/summary.csv,../gen/Tst_pirTest/GEMM_4/pir/AccelMain.scala,../gen/Tst_pirTest/GEMM_4/log/,../gen/Tst_pirTest/GEMM_4/log/gentst.log,../gen/Tst_pirTest/GEMM_4/pir/out/resource.csv,../gen/Tst_pirTest/GEMM_4/log/maketst.log,../gen/Tst_pirTest/GEMM_4/log/runp2p.log,../gen/Tst_pirTest/GEMM_4/log/runhybrid.log,True,,,22.997166805,,18,18,4,11,6,7,36,36,162,162,,,,,,,,,,,,,,,,,,,,,,,0:48.70,75004,,True,False,True,,3.49507,0.873767,0:09.29,,,,False,False,,,,,True
a7afe0f7,874666b5,2019-07-28 21:54:47,GEMM_6,pirTest,Tst,1000000000.0,../gen/Tst_pirTest/GEMM_6/log/runproute.log,../gen/Tst_pirTest/GEMM_6/log/runproute.sh,../gen/Tst_pirTest/GEMM_6/plastisim/summary.csv,../gen/Tst_pirTest/GEMM_6/pir/AccelMain.scala,../gen/Tst_pirTest/GEMM_6/log/,../gen/Tst_pirTest/GEMM_6/log/gentst.log,../gen/Tst_pirTest/GEMM_6/pir/out/resource.csv,../gen/Tst_pirTest/GEMM_6/log/maketst.log,../gen/Tst_pirTest/GEMM_6/log/runp2p.log,../gen/Tst_pirTest/GEMM_6/log/runhybrid.log,True,,,61.22412637,,18,18,7,28,13,34,36,36,162,162,,,,,,,,,,,,,,,,,,,,,,,1:48.40,40358,,True,False,True,,6.49547,1.62387,0:21.76,,,,False,False,,,,,True
a7afe0f7,874666b5,2019-07-28 21:54:47,GEMM_7,pirTest,Tst,1000000000.0,../gen/Tst_pirTest/GEMM_7/log/runproute.log,../gen/Tst_pirTest/GEMM_7/log/runproute.sh,../gen/Tst_pirTest/GEMM_7/plastisim/summary.csv,../gen/Tst_pirTest/GEMM_7/pir/AccelMain.scala,../gen/Tst_pirTest/GEMM_7/log/,../gen/Tst_pirTest/GEMM_7/log/gentst.log,../gen/Tst_pirTest/GEMM_7/pir/out/resource.csv,../gen/Tst_pirTest/GEMM_7/log/maketst.log,../gen/Tst_pirTest/GEMM_7/log/runp2p.log,../gen/Tst_pirTest/GEMM_7/log/runhybrid.log,True,,,20.914497904,,18,18,3,3,5,11,36,36,162,162,,,,,,,,,,,,,,,,,,,,,,,0:40.96,17272,,True,False,True,,0.948587,0.237147,0:01.60,,,,False,False,,,,,True
a7afe0f7,874666b5,2019-07-28 21:54:47,GEMM_8,pirTest,Tst,1000000000.0,../gen/Tst_pirTest/GEMM_8/log/runproute.log,../gen/Tst_pirTest/GEMM_8/log/runproute.sh,../gen/Tst_pirTest/GEMM_8/plastisim/summary.csv,../gen/Tst_pirTest/GEMM_8/pir/AccelMain.scala,../gen/Tst_pirTest/GEMM_8/log/,../gen/Tst_pirTest/GEMM_8/log/gentst.log,../gen/Tst_pirTest/GEMM_8/pir/out/resource.csv,../gen/Tst_pirTest/GEMM_8/log/maketst.log,../gen/Tst_pirTest/GEMM_8/log/runp2p.log,../gen/Tst_pirTest/GEMM_8/log/runhybrid.log,True,,,24.129090063,,18,18,3,7,5,8,36,36,162,162,,,,,,,,,,,,,,,,,,,,,,,0:41.80,2294,,True,False,True,,7.14211,1.78553,0:00.46,,,,False,False,,,,,True
a7afe0f7,874666b5,2019-07-28 21:54:47,GEMM_9,pirTest,Tst,1000000000.0,../gen/Tst_pirTest/GEMM_9/log/runproute.log,../gen/Tst_pirTest/GEMM_9/log/runproute.sh,../gen/Tst_pirTest/GEMM_9/plastisim/summary.csv,../gen/Tst_pirTest/GEMM_9/pir/AccelMain.scala,../gen/Tst_pirTest/GEMM_9/log/,../gen/Tst_pirTest/GEMM_9/log/gentst.log,../gen/Tst_pirTest/GEMM_9/pir/out/resource.csv,../gen/Tst_pirTest/GEMM_9/log/maketst.log,../gen/Tst_pirTest/GEMM_9/log/runp2p.log,../gen/Tst_pirTest/GEMM_9/log/runhybrid.log,True,,,27.957874099,,18,18,3,7,6,14,36,36,162,162,,,,,,,,,,,,,,,,,,,,,,,0:50.47,8838,,True,False,True,,7.41525,1.85381,0:01.52,,,,False,False,,,,,True
a7afe0f7,874666b5,2019-07-28 21:54:47,Kmeans_0,pirTest,Tst,1000000000.0,../gen/Tst_pirTest/Kmeans_0/log/runproute.log,../gen/Tst_pirTest/Kmeans_0/log/runproute.sh,../gen/Tst_pirTest/Kmeans_0/plastisim/summary.csv,../gen/Tst_pirTest/Kmeans_0/pir/AccelMain.scala,../gen/Tst_pirTest/Kmeans_0/log/,../gen/Tst_pirTest/Kmeans_0/log/gentst.log,../gen/Tst_pirTest/Kmeans_0/pir/out/resource.csv,../gen/Tst_pirTest/Kmeans_0/log/maketst.log,../gen/Tst_pirTest/Kmeans_0/log/runp2p.log,../gen/Tst_pirTest/Kmeans_0/log/runhybrid.log,True,,,26.931412142,,18,18,3,4,12,12,36,36,162,162,,,,,,,,,,,,,,,,,,,,,,,1:07.73,141544,,True,False,True,,1.04177,0.115752,0:28.83,,,,False,False,,,,,True
a7afe0f7,874666b5,2019-07-28 21:54:47,Kmeans_1,pirTest,Tst,1000000000.0,../gen/Tst_pirTest/Kmeans_1/log/runproute.log,../gen/Tst_pirTest/Kmeans_1/log/runproute.sh,../gen/Tst_pirTest/Kmeans_1/plastisim/summary.csv,../gen/Tst_pirTest/Kmeans_1/pir/AccelMain.scala,../gen/Tst_pirTest/Kmeans_1/log/,../gen/Tst_pirTest/Kmeans_1/log/gentst.log,../gen/Tst_pirTest/Kmeans_1/pir/out/resource.csv,../gen/Tst_pirTest/Kmeans_1/log/maketst.log,../gen/Tst_pirTest/Kmeans_1/log/runp2p.log,../gen/Tst_pirTest/Kmeans_1/log/runhybrid.log,True,,,28.115534353,,18,18,3,3,11,14,36,36,162,162,,,,,,,,,,,,,,,,,,,,,,,1:02.85,2156905,,True,False,True,,0.0683646,0.00759607,6:06.86,,,,False,False,,,,,True
a7afe0f7,874666b5,2019-07-28 21:54:47,Kmeans_2,pirTest,Tst,1000000000.0,../gen/Tst_pirTest/Kmeans_2/log/runproute.log,../gen/Tst_pirTest/Kmeans_2/log/runproute.sh,../gen/Tst_pirTest/Kmeans_2/plastisim/summary.csv,../gen/Tst_pirTest/Kmeans_2/pir/AccelMain.scala,../gen/Tst_pirTest/Kmeans_2/log/,../gen/Tst_pirTest/Kmeans_2/log/gentst.log,../gen/Tst_pirTest/Kmeans_2/pir/out/resource.csv,../gen/Tst_pirTest/Kmeans_2/log/maketst.log,../gen/Tst_pirTest/Kmeans_2/log/runp2p.log,../gen/Tst_pirTest/Kmeans_2/log/runhybrid.log,True,,,43.581704078,,18,18,3,4,17,24,36,36,162,162,,,,,,,,,,,,,,,,,,,,,,,1:15.89,72738,,True,False,True,,2.02722,0.225247,0:19.59,,,,False,False,,,,,True
a7afe0f7,874666b5,2019-07-28 21:54:47,Kmeans_3,pirTest,Tst,1000000000.0,../gen/Tst_pirTest/Kmeans_3/log/runproute.log,../gen/Tst_pirTest/Kmeans_3/log/runproute.sh,../gen/Tst_pirTest/Kmeans_3/plastisim/summary.csv,../gen/Tst_pirTest/Kmeans_3/pir/AccelMain.scala,../gen/Tst_pirTest/Kmeans_3/log/,../gen/Tst_pirTest/Kmeans_3/log/gentst.log,../gen/Tst_pirTest/Kmeans_3/pir/out/resource.csv,../gen/Tst_pirTest/Kmeans_3/log/maketst.log,../gen/Tst_pirTest/Kmeans_3/log/runp2p.log,../gen/Tst_pirTest/Kmeans_3/log/runhybrid.log,True,,,37.048249389,,18,18,3,8,13,20,36,36,162,162,,,,,,,,,,,,,,,,,,,,,,,1:34.03,141885,,True,False,True,,1.03926,0.115474,0:45.09,,,,False,False,,,,,True
a7afe0f7,874666b5,2019-07-28 21:54:47,Kmeans_4,pirTest,Tst,1000000000.0,../gen/Tst_pirTest/Kmeans_4/log/runproute.log,../gen/Tst_pirTest/Kmeans_4/log/runproute.sh,../gen/Tst_pirTest/Kmeans_4/plastisim/summary.csv,../gen/Tst_pirTest/Kmeans_4/pir/AccelMain.scala,../gen/Tst_pirTest/Kmeans_4/log/,../gen/Tst_pirTest/Kmeans_4/log/gentst.log,../gen/Tst_pirTest/Kmeans_4/pir/out/resource.csv,../gen/Tst_pirTest/Kmeans_4/log/maketst.log,../gen/Tst_pirTest/Kmeans_4/log/runp2p.log,../gen/Tst_pirTest/Kmeans_4/log/runhybrid.log,True,,,44.225870337,,18,18,3,4,15,36,36,36,162,162,,,,,,,,,,,,,,,,,,,,,,,2:14.00,183942,,True,False,True,,0.801644,0.0890716,1:22.38,,,,False,False,,,,,True
a7afe0f7,874666b5,2019-07-28 21:54:47,Kmeans_5,pirTest,Tst,1000000000.0,../gen/Tst_pirTest/Kmeans_5/log/runproute.log,../gen/Tst_pirTest/Kmeans_5/log/runproute.sh,../gen/Tst_pirTest/Kmeans_5/plastisim/summary.csv,../gen/Tst_pirTest/Kmeans_5/pir/AccelMain.scala,../gen/Tst_pirTest/Kmeans_5/log/,../gen/Tst_pirTest/Kmeans_5/log/gentst.log,../gen/Tst_pirTest/Kmeans_5/pir/out/resource.csv,../gen/Tst_pirTest/Kmeans_5/log/maketst.log,../gen/Tst_pirTest/Kmeans_5/log/runp2p.log,../gen/Tst_pirTest/Kmeans_5/log/runhybrid.log,True,,,49.518983867,,18,18,3,12,18,33,36,36,162,162,,,,,,,,,,,,,,,,,,,,,,,1:30.20,72921,,True,False,True,,2.02213,0.224682,0:28.92,,,,False,False,,,,,True
a7afe0f7,874666b5,2019-07-28 21:54:47,Kmeans_6,pirTest,Tst,1000000000.0,../gen/Tst_pirTest/Kmeans_6/log/runproute.log,../gen/Tst_pirTest/Kmeans_6/log/runproute.sh,../gen/Tst_pirTest/Kmeans_6/plastisim/summary.csv,../gen/Tst_pirTest/Kmeans_6/pir/AccelMain.scala,../gen/Tst_pirTest/Kmeans_6/log/,../gen/Tst_pirTest/Kmeans_6/log/gentst.log,../gen/Tst_pirTest/Kmeans_6/pir/out/resource.csv,../gen/Tst_pirTest/Kmeans_6/log/maketst.log,../gen/Tst_pirTest/Kmeans_6/log/runp2p.log,../gen/Tst_pirTest/Kmeans_6/log/runhybrid.log,True,,,39.338381824,,18,18,3,8,15,34,36,36,162,162,,,,,,,,,,,,,,,,,,,,,,,1:32.95,141692,,True,False,True,,1.04068,0.115631,0:44.62,,,,False,False,,,,,True
a7afe0f7,874666b5,2019-07-28 21:54:47,Kmeans_7,pirTest,Tst,1000000000.0,../gen/Tst_pirTest/Kmeans_7/log/runproute.log,../gen/Tst_pirTest/Kmeans_7/log/runproute.sh,../gen/Tst_pirTest/Kmeans_7/plastisim/summary.csv,../gen/Tst_pirTest/Kmeans_7/pir/AccelMain.scala,../gen/Tst_pirTest/Kmeans_7/log/,../gen/Tst_pirTest/Kmeans_7/log/gentst.log,../gen/Tst_pirTest/Kmeans_7/pir/out/resource.csv,../gen/Tst_pirTest/Kmeans_7/log/maketst.log,../gen/Tst_pirTest/Kmeans_7/log/runp2p.log,../gen/Tst_pirTest/Kmeans_7/log/runhybrid.log,True,,,62.7872649,,18,18,3,4,20,49,36,36,162,162,,,,,,,,,,,,,,,,,,,,,,,1:42.88,94099,,True,False,True,,1.56703,0.174114,0:43.62,,,,False,False,,,,,True
a7afe0f7,874666b5,2019-07-28 21:54:47,Kmeans_8,pirTest,Tst,1000000000.0,../gen/Tst_pirTest/Kmeans_8/log/runproute.log,../gen/Tst_pirTest/Kmeans_8/log/runproute.sh,../gen/Tst_pirTest/Kmeans_8/plastisim/summary.csv,../gen/Tst_pirTest/Kmeans_8/pir/AccelMain.scala,../gen/Tst_pirTest/Kmeans_8/log/,../gen/Tst_pirTest/Kmeans_8/log/gentst.log,../gen/Tst_pirTest/Kmeans_8/pir/out/resource.csv,../gen/Tst_pirTest/Kmeans_8/log/maketst.log,../gen/Tst_pirTest/Kmeans_8/log/runp2p.log,../gen/Tst_pirTest/Kmeans_8/log/runhybrid.log,True,,,80.249167519,,18,18,3,12,20,47,36,36,162,162,,,,,,,,,,,,,,,,,,,,,,,3:01.43,72719,,True,False,True,,2.02775,0.225306,0:52.90,,,,False,False,,,,,True
a7afe0f7,874666b5,2019-07-28 21:54:47,LUTTest_0,pirTest,Tst,1000000000.0,../gen/Tst_pirTest/LUTTest_0/log/runproute.log,../gen/Tst_pirTest/LUTTest_0/log/runproute.sh,../gen/Tst_pirTest/LUTTest_0/plastisim/summary.csv,../gen/Tst_pirTest/LUTTest_0/pir/AccelMain.scala,../gen/Tst_pirTest/LUTTest_0/log/,../gen/Tst_pirTest/LUTTest_0/log/gentst.log,../gen/Tst_pirTest/LUTTest_0/pir/out/resource.csv,../gen/Tst_pirTest/LUTTest_0/log/maketst.log,../gen/Tst_pirTest/LUTTest_0/log/runp2p.log,../gen/Tst_pirTest/LUTTest_0/log/runhybrid.log,True,,,8.227988063,,18,18,0,1,2,1,36,36,162,162,,,,,,,,,,,,,,,,,,,,,,,0:21.88,53,,True,False,True,,0.0,0.0,0:00.19,,,,False,False,,,,,True
a7afe0f7,874666b5,2019-07-28 21:54:47,LUTTest_1,pirTest,Tst,1000000000.0,../gen/Tst_pirTest/LUTTest_1/log/runproute.log,../gen/Tst_pirTest/LUTTest_1/log/runproute.sh,../gen/Tst_pirTest/LUTTest_1/plastisim/summary.csv,../gen/Tst_pirTest/LUTTest_1/pir/AccelMain.scala,../gen/Tst_pirTest/LUTTest_1/log/,../gen/Tst_pirTest/LUTTest_1/log/gentst.log,../gen/Tst_pirTest/LUTTest_1/pir/out/resource.csv,../gen/Tst_pirTest/LUTTest_1/log/maketst.log,../gen/Tst_pirTest/LUTTest_1/log/runp2p.log,../gen/Tst_pirTest/LUTTest_1/log/runhybrid.log,True,,,6.681535969,,18,18,0,0,2,2,36,36,162,162,,,,,,,,,,,,,,,,,,,,,,,0:20.85,158,,True,False,True,,0.0,0.0,0:00.22,,,,False,False,,,,,True
a7afe0f7,874666b5,2019-07-28 21:54:47,LUTTest_2,pirTest,Tst,1000000000.0,../gen/Tst_pirTest/LUTTest_2/log/runproute.log,../gen/Tst_pirTest/LUTTest_2/log/runproute.sh,../gen/Tst_pirTest/LUTTest_2/plastisim/summary.csv,../gen/Tst_pirTest/LUTTest_2/pir/AccelMain.scala,../gen/Tst_pirTest/LUTTest_2/log/,../gen/Tst_pirTest/LUTTest_2/log/gentst.log,../gen/Tst_pirTest/LUTTest_2/pir/out/resource.csv,../gen/Tst_pirTest/LUTTest_2/log/maketst.log,../gen/Tst_pirTest/LUTTest_2/log/runp2p.log,../gen/Tst_pirTest/LUTTest_2/log/runhybrid.log,True,,,9.460154415,,18,18,0,0,2,3,36,36,162,162,,,,,,,,,,,,,,,,,,,,,,,0:22.21,101,,True,False,True,,0.0,0.0,0:00.20,,,,False,False,,,,,True
a7afe0f7,874666b5,2019-07-28 21:54:47,LUTTest_3,pirTest,Tst,1000000000.0,../gen/Tst_pirTest/LUTTest_3/log/runproute.log,../gen/Tst_pirTest/LUTTest_3/log/runproute.sh,../gen/Tst_pirTest/LUTTest_3/plastisim/summary.csv,../gen/Tst_pirTest/LUTTest_3/pir/AccelMain.scala,../gen/Tst_pirTest/LUTTest_3/log/,../gen/Tst_pirTest/LUTTest_3/log/gentst.log,../gen/Tst_pirTest/LUTTest_3/pir/out/resource.csv,../gen/Tst_pirTest/LUTTest_3/log/maketst.log,../gen/Tst_pirTest/LUTTest_3/log/runp2p.log,../gen/Tst_pirTest/LUTTest_3/log/runhybrid.log,True,,,9.8712951,,18,18,0,1,4,2,36,36,162,162,,,,,,,,,,,,,,,,,,,,,,,0:27.09,46,,True,False,True,,0.0,0.0,0:00.26,,,,False,False,,,,,True
a7afe0f7,874666b5,2019-07-28 21:54:47,LUTTest_4,pirTest,Tst,1000000000.0,../gen/Tst_pirTest/LUTTest_4/log/runproute.log,../gen/Tst_pirTest/LUTTest_4/log/runproute.sh,../gen/Tst_pirTest/LUTTest_4/plastisim/summary.csv,../gen/Tst_pirTest/LUTTest_4/pir/AccelMain.scala,../gen/Tst_pirTest/LUTTest_4/log/,../gen/Tst_pirTest/LUTTest_4/log/gentst.log,../gen/Tst_pirTest/LUTTest_4/pir/out/resource.csv,../gen/Tst_pirTest/LUTTest_4/log/maketst.log,../gen/Tst_pirTest/LUTTest_4/log/runp2p.log,../gen/Tst_pirTest/LUTTest_4/log/runhybrid.log,True,,,6.866194315,,18,18,0,1,0,2,36,36,162,162,,,,,,,,,,,,,,,,,,,,,,,0:24.15,19,,True,False,True,,0.0,0.0,0:00.19,,,,False,False,,,,,True
a7afe0f7,874666b5,2019-07-28 21:54:47,LogReg_0,pirTest,Tst,1000000000.0,../gen/Tst_pirTest/LogReg_0/log/runproute.log,../gen/Tst_pirTest/LogReg_0/log/runproute.sh,../gen/Tst_pirTest/LogReg_0/plastisim/summary.csv,../gen/Tst_pirTest/LogReg_0/pir/AccelMain.scala,../gen/Tst_pirTest/LogReg_0/log/,../gen/Tst_pirTest/LogReg_0/log/gentst.log,../gen/Tst_pirTest/LogReg_0/pir/out/resource.csv,../gen/Tst_pirTest/LogReg_0/log/maketst.log,../gen/Tst_pirTest/LogReg_0/log/runp2p.log,../gen/Tst_pirTest/LogReg_0/log/runhybrid.log,True,,,22.015524027,,18,18,4,4,11,7,36,36,162,162,,,,,,,,,,,,,,,,,,,,,,,0:51.68,8525,,True,False,True,,7.94276,0.0150147,0:00.99,,,,False,False,,,,,True
a7afe0f7,874666b5,2019-07-28 21:54:47,LogReg_1,pirTest,Tst,1000000000.0,../gen/Tst_pirTest/LogReg_1/log/runproute.log,../gen/Tst_pirTest/LogReg_1/log/runproute.sh,../gen/Tst_pirTest/LogReg_1/plastisim/summary.csv,../gen/Tst_pirTest/LogReg_1/pir/AccelMain.scala,../gen/Tst_pirTest/LogReg_1/log/,../gen/Tst_pirTest/LogReg_1/log/gentst.log,../gen/Tst_pirTest/LogReg_1/pir/out/resource.csv,../gen/Tst_pirTest/LogReg_1/log/maketst.log,../gen/Tst_pirTest/LogReg_1/log/runp2p.log,../gen/Tst_pirTest/LogReg_1/log/runhybrid.log,True,,,32.725678844,,18,18,4,5,14,18,36,36,162,162,,,,,,,,,,,,,,,,,,,,,,,1:12.09,4451,,True,False,True,,15.2128,0.0287576,0:01.47,,,,False,False,,,,,True
a7afe0f7,874666b5,2019-07-28 21:54:47,LogReg_2,pirTest,Tst,1000000000.0,../gen/Tst_pirTest/LogReg_2/log/runproute.log,../gen/Tst_pirTest/LogReg_2/log/runproute.sh,../gen/Tst_pirTest/LogReg_2/plastisim/summary.csv,../gen/Tst_pirTest/LogReg_2/pir/AccelMain.scala,../gen/Tst_pirTest/LogReg_2/log/,../gen/Tst_pirTest/LogReg_2/log/gentst.log,../gen/Tst_pirTest/LogReg_2/pir/out/resource.csv,../gen/Tst_pirTest/LogReg_2/log/maketst.log,../gen/Tst_pirTest/LogReg_2/log/runp2p.log,../gen/Tst_pirTest/LogReg_2/log/runhybrid.log,True,,,28.700685511,,18,18,6,6,17,11,36,36,162,162,,,,,,,,,,,,,,,,,,,,,,,1:09.25,4474,,True,False,True,,15.1346,0.0286097,0:01.19,,,,False,False,,,,,True
a7afe0f7,874666b5,2019-07-28 21:54:47,LogReg_3,pirTest,Tst,1000000000.0,../gen/Tst_pirTest/LogReg_3/log/runproute.log,../gen/Tst_pirTest/LogReg_3/log/runproute.sh,../gen/Tst_pirTest/LogReg_3/plastisim/summary.csv,../gen/Tst_pirTest/LogReg_3/pir/AccelMain.scala,../gen/Tst_pirTest/LogReg_3/log/,../gen/Tst_pirTest/LogReg_3/log/gentst.log,../gen/Tst_pirTest/LogReg_3/pir/out/resource.csv,../gen/Tst_pirTest/LogReg_3/log/maketst.log,../gen/Tst_pirTest/LogReg_3/log/runp2p.log,../gen/Tst_pirTest/LogReg_3/log/runhybrid.log,True,,,62.667390814,,18,18,6,8,23,33,36,36,162,162,,,,,,,,,,,,,,,,,,,,,,,1:52.97,2444,,True,False,True,,27.7054,0.0523732,0:01.14,,,,False,False,,,,,True
a7afe0f7,874666b5,2019-07-28 21:54:47,LogReg_4,pirTest,Tst,1000000000.0,../gen/Tst_pirTest/LogReg_4/log/runproute.log,../gen/Tst_pirTest/LogReg_4/log/runproute.sh,../gen/Tst_pirTest/LogReg_4/plastisim/summary.csv,../gen/Tst_pirTest/LogReg_4/pir/AccelMain.scala,../gen/Tst_pirTest/LogReg_4/log/,../gen/Tst_pirTest/LogReg_4/log/gentst.log,../gen/Tst_pirTest/LogReg_4/pir/out/resource.csv,../gen/Tst_pirTest/LogReg_4/log/maketst.log,../gen/Tst_pirTest/LogReg_4/log/runp2p.log,../gen/Tst_pirTest/LogReg_4/log/runhybrid.log,True,,,99.986852353,,18,18,6,14,35,61,36,36,162,162,,,,,,,,,,,,,,,,,,,,,,,2:59.77,1584,,True,False,True,,42.7475,0.0808081,0:01.70,,,,False,False,,,,,True
a7afe0f7,874666b5,2019-07-28 21:54:47,LogReg_5,pirTest,Tst,1000000000.0,../gen/Tst_pirTest/LogReg_5/log/runproute.log,../gen/Tst_pirTest/LogReg_5/log/runproute.sh,../gen/Tst_pirTest/LogReg_5/plastisim/summary.csv,../gen/Tst_pirTest/LogReg_5/pir/AccelMain.scala,../gen/Tst_pirTest/LogReg_5/log/,../gen/Tst_pirTest/LogReg_5/log/gentst.log,../gen/Tst_pirTest/LogReg_5/pir/out/resource.csv,../gen/Tst_pirTest/LogReg_5/log/maketst.log,../gen/Tst_pirTest/LogReg_5/log/runp2p.log,../gen/Tst_pirTest/LogReg_5/log/runhybrid.log,True,,,126.748421906,,18,18,10,14,41,63,36,36,162,162,,,,,,,,,,,,,,,,,,,,,,,2:37.56,1706,,True,False,True,,39.6905,0.0750293,0:01.30,,,,False,False,,,,,True
a7afe0f7,874666b5,2019-07-28 21:54:47,OuterProduct_0,pirTest,Tst,1000000000.0,../gen/Tst_pirTest/OuterProduct_0/log/runproute.log,../gen/Tst_pirTest/OuterProduct_0/log/runproute.sh,../gen/Tst_pirTest/OuterProduct_0/plastisim/summary.csv,../gen/Tst_pirTest/OuterProduct_0/pir/AccelMain.scala,../gen/Tst_pirTest/OuterProduct_0/log/,../gen/Tst_pirTest/OuterProduct_0/log/gentst.log,../gen/Tst_pirTest/OuterProduct_0/pir/out/resource.csv,../gen/Tst_pirTest/OuterProduct_0/log/maketst.log,../gen/Tst_pirTest/OuterProduct_0/log/runp2p.log,../gen/Tst_pirTest/OuterProduct_0/log/runhybrid.log,True,,,11.614393555,,18,18,3,3,3,3,36,36,162,162,,,,,,,,,,,,,,,,,,,,,,,0:33.98,10411,,True,False,True,,0.491788,25.1795,0:00.61,,,,False,False,,,,,True
a7afe0f7,874666b5,2019-07-28 21:54:47,OuterProduct_1,pirTest,Tst,1000000000.0,../gen/Tst_pirTest/OuterProduct_1/log/runproute.log,../gen/Tst_pirTest/OuterProduct_1/log/runproute.sh,../gen/Tst_pirTest/OuterProduct_1/plastisim/summary.csv,../gen/Tst_pirTest/OuterProduct_1/pir/AccelMain.scala,../gen/Tst_pirTest/OuterProduct_1/log/,../gen/Tst_pirTest/OuterProduct_1/log/gentst.log,../gen/Tst_pirTest/OuterProduct_1/pir/out/resource.csv,../gen/Tst_pirTest/OuterProduct_1/log/maketst.log,../gen/Tst_pirTest/OuterProduct_1/log/runp2p.log,../gen/Tst_pirTest/OuterProduct_1/log/runhybrid.log,True,,,12.917991803,,18,18,3,3,3,4,36,36,162,162,,,,,,,,,,,,,,,,,,,,,,,0:34.25,65819,,True,False,True,,0.0777891,3.9828,0:02.59,,,,False,False,,,,,True
a7afe0f7,874666b5,2019-07-28 21:54:47,OuterProduct_2,pirTest,Tst,1000000000.0,../gen/Tst_pirTest/OuterProduct_2/log/runproute.log,../gen/Tst_pirTest/OuterProduct_2/log/runproute.sh,../gen/Tst_pirTest/OuterProduct_2/plastisim/summary.csv,../gen/Tst_pirTest/OuterProduct_2/pir/AccelMain.scala,../gen/Tst_pirTest/OuterProduct_2/log/,../gen/Tst_pirTest/OuterProduct_2/log/gentst.log,../gen/Tst_pirTest/OuterProduct_2/pir/out/resource.csv,../gen/Tst_pirTest/OuterProduct_2/log/maketst.log,../gen/Tst_pirTest/OuterProduct_2/log/runp2p.log,../gen/Tst_pirTest/OuterProduct_2/log/runhybrid.log,True,,,19.839290992,,18,18,5,5,5,8,36,36,162,162,,,,,,,,,,,,,,,,,,,,,,,0:32.37,33050,,True,False,True,,0.154917,7.93174,0:02.00,,,,False,False,,,,,True
a7afe0f7,874666b5,2019-07-28 21:54:47,OuterProduct_3,pirTest,Tst,1000000000.0,../gen/Tst_pirTest/OuterProduct_3/log/runproute.log,../gen/Tst_pirTest/OuterProduct_3/log/runproute.sh,../gen/Tst_pirTest/OuterProduct_3/plastisim/summary.csv,../gen/Tst_pirTest/OuterProduct_3/pir/AccelMain.scala,../gen/Tst_pirTest/OuterProduct_3/log/,../gen/Tst_pirTest/OuterProduct_3/log/gentst.log,../gen/Tst_pirTest/OuterProduct_3/pir/out/resource.csv,../gen/Tst_pirTest/OuterProduct_3/log/maketst.log,../gen/Tst_pirTest/OuterProduct_3/log/runp2p.log,../gen/Tst_pirTest/OuterProduct_3/log/runhybrid.log,True,,,21.296411249,,18,18,6,6,6,8,36,36,162,162,,,,,,,,,,,,,,,,,,,,,,,0:43.98,33055,,True,False,True,,0.154893,7.93054,0:03.18,,,,False,False,,,,,True
a7afe0f7,874666b5,2019-07-28 21:54:47,OuterProduct_4,pirTest,Tst,1000000000.0,../gen/Tst_pirTest/OuterProduct_4/log/runproute.log,../gen/Tst_pirTest/OuterProduct_4/log/runproute.sh,../gen/Tst_pirTest/OuterProduct_4/plastisim/summary.csv,../gen/Tst_pirTest/OuterProduct_4/pir/AccelMain.scala,../gen/Tst_pirTest/OuterProduct_4/log/,../gen/Tst_pirTest/OuterProduct_4/log/gentst.log,../gen/Tst_pirTest/OuterProduct_4/pir/out/resource.csv,../gen/Tst_pirTest/OuterProduct_4/log/maketst.log,../gen/Tst_pirTest/OuterProduct_4/log/runp2p.log,../gen/Tst_pirTest/OuterProduct_4/log/runhybrid.log,True,,,31.230672197,,18,18,10,10,10,16,36,36,162,162,,,,,,,,,,,,,,,,,,,,,,,1:02.37,16671,,True,False,True,,0.30712,15.7246,0:04.17,,,,False,False,,,,,True
a7afe0f7,874666b5,2019-07-28 21:54:47,OuterProduct_5,pirTest,Tst,1000000000.0,../gen/Tst_pirTest/OuterProduct_5/log/runproute.log,../gen/Tst_pirTest/OuterProduct_5/log/runproute.sh,../gen/Tst_pirTest/OuterProduct_5/plastisim/summary.csv,../gen/Tst_pirTest/OuterProduct_5/pir/AccelMain.scala,../gen/Tst_pirTest/OuterProduct_5/log/,../gen/Tst_pirTest/OuterProduct_5/log/gentst.log,../gen/Tst_pirTest/OuterProduct_5/pir/out/resource.csv,../gen/Tst_pirTest/OuterProduct_5/log/maketst.log,../gen/Tst_pirTest/OuterProduct_5/log/runp2p.log,../gen/Tst_pirTest/OuterProduct_5/log/runhybrid.log,True,,,28.171720143,,18,18,10,10,10,12,36,36,162,162,,,,,,,,,,,,,,,,,,,,,,,0:59.48,5369,,True,False,True,,0.953623,48.8255,0:01.19,,,,False,False,,,,,True
a7afe0f7,874666b5,2019-07-28 21:54:47,OuterProduct_6,pirTest,Tst,1000000000.0,../gen/Tst_pirTest/OuterProduct_6/log/runproute.log,../gen/Tst_pirTest/OuterProduct_6/log/runproute.sh,../gen/Tst_pirTest/OuterProduct_6/plastisim/summary.csv,../gen/Tst_pirTest/OuterProduct_6/pir/AccelMain.scala,../gen/Tst_pirTest/OuterProduct_6/log/,../gen/Tst_pirTest/OuterProduct_6/log/gentst.log,../gen/Tst_pirTest/OuterProduct_6/pir/out/resource.csv,../gen/Tst_pirTest/OuterProduct_6/log/maketst.log,../gen/Tst_pirTest/OuterProduct_6/log/runp2p.log,../gen/Tst_pirTest/OuterProduct_6/log/runhybrid.log,True,,,13.709068887,,18,18,3,4,3,4,36,36,162,162,,,,,,,,,,,,,,,,,,,,,,,0:36.42,10135,,True,False,True,,0.50518,25.8652,0:00.67,,,,False,False,,,,,True
a7afe0f7,874666b5,2019-07-28 21:54:47,OuterProduct_7,pirTest,Tst,1000000000.0,../gen/Tst_pirTest/OuterProduct_7/log/runproute.log,../gen/Tst_pirTest/OuterProduct_7/log/runproute.sh,../gen/Tst_pirTest/OuterProduct_7/plastisim/summary.csv,../gen/Tst_pirTest/OuterProduct_7/pir/AccelMain.scala,../gen/Tst_pirTest/OuterProduct_7/log/,../gen/Tst_pirTest/OuterProduct_7/log/gentst.log,../gen/Tst_pirTest/OuterProduct_7/pir/out/resource.csv,../gen/Tst_pirTest/OuterProduct_7/log/maketst.log,../gen/Tst_pirTest/OuterProduct_7/log/runp2p.log,../gen/Tst_pirTest/OuterProduct_7/log/runhybrid.log,True,,,21.217611249,,18,18,5,7,5,8,36,36,162,162,,,,,,,,,,,,,,,,,,,,,,,0:45.79,5480,,True,False,True,,0.934307,47.8365,0:00.92,,,,False,False,,,,,True
a7afe0f7,874666b5,2019-07-28 21:54:47,OuterProduct_8,pirTest,Tst,1000000000.0,../gen/Tst_pirTest/OuterProduct_8/log/runproute.log,../gen/Tst_pirTest/OuterProduct_8/log/runproute.sh,../gen/Tst_pirTest/OuterProduct_8/plastisim/summary.csv,../gen/Tst_pirTest/OuterProduct_8/pir/AccelMain.scala,../gen/Tst_pirTest/OuterProduct_8/log/,../gen/Tst_pirTest/OuterProduct_8/log/gentst.log,../gen/Tst_pirTest/OuterProduct_8/pir/out/resource.csv,../gen/Tst_pirTest/OuterProduct_8/log/maketst.log,../gen/Tst_pirTest/OuterProduct_8/log/runp2p.log,../gen/Tst_pirTest/OuterProduct_8/log/runhybrid.log,True,,,22.113730634,,18,18,5,7,5,12,36,36,162,162,,,,,,,,,,,,,,,,,,,,,,,0:48.52,5499,,True,False,True,,0.931078,47.6712,0:01.10,,,,False,False,,,,,True
a7afe0f7,874666b5,2019-07-28 21:54:47,SGD_0,pirTest,Tst,1000000000.0,../gen/Tst_pirTest/SGD_0/log/runproute.log,../gen/Tst_pirTest/SGD_0/log/runproute.sh,../gen/Tst_pirTest/SGD_0/plastisim/summary.csv,../gen/Tst_pirTest/SGD_0/pir/AccelMain.scala,../gen/Tst_pirTest/SGD_0/log/,../gen/Tst_pirTest/SGD_0/log/gentst.log,../gen/Tst_pirTest/SGD_0/pir/out/resource.csv,../gen/Tst_pirTest/SGD_0/log/maketst.log,../gen/Tst_pirTest/SGD_0/log/runp2p.log,../gen/Tst_pirTest/SGD_0/log/runhybrid.log,True,,,19.514625844,,18,18,3,3,8,6,36,36,162,162,,,,,,,,,,,,,,,,,,,,,,,0:43.17,15060,,True,False,True,,2.24382,0.00849934,0:01.58,,,,False,False,,,,,True
a7afe0f7,874666b5,2019-07-28 21:54:47,SGD_1,pirTest,Tst,1000000000.0,../gen/Tst_pirTest/SGD_1/log/runproute.log,../gen/Tst_pirTest/SGD_1/log/runproute.sh,../gen/Tst_pirTest/SGD_1/plastisim/summary.csv,../gen/Tst_pirTest/SGD_1/pir/AccelMain.scala,../gen/Tst_pirTest/SGD_1/log/,../gen/Tst_pirTest/SGD_1/log/gentst.log,../gen/Tst_pirTest/SGD_1/pir/out/resource.csv,../gen/Tst_pirTest/SGD_1/log/maketst.log,../gen/Tst_pirTest/SGD_1/log/runp2p.log,../gen/Tst_pirTest/SGD_1/log/runhybrid.log,True,,,24.605876501,,18,18,3,7,10,8,36,36,162,162,,,,,,,,,,,,,,,,,,,,,,,0:54.08,8111,,True,False,True,,4.16619,0.015781,0:01.44,,,,False,False,,,,,True
a7afe0f7,874666b5,2019-07-28 21:54:47,SGD_2,pirTest,Tst,1000000000.0,../gen/Tst_pirTest/SGD_2/log/runproute.log,../gen/Tst_pirTest/SGD_2/log/runproute.sh,../gen/Tst_pirTest/SGD_2/plastisim/summary.csv,../gen/Tst_pirTest/SGD_2/pir/AccelMain.scala,../gen/Tst_pirTest/SGD_2/log/,../gen/Tst_pirTest/SGD_2/log/gentst.log,../gen/Tst_pirTest/SGD_2/pir/out/resource.csv,../gen/Tst_pirTest/SGD_2/log/maketst.log,../gen/Tst_pirTest/SGD_2/log/runp2p.log,../gen/Tst_pirTest/SGD_2/log/runhybrid.log,True,,,26.063536009,,18,18,3,10,9,8,36,36,162,162,,,,,,,,,,,,,,,,,,,,,,,0:56.17,14979,,True,False,True,,2.25596,0.0085453,0:02.35,,,,False,False,,,,,True
a7afe0f7,874666b5,2019-07-28 21:54:47,SGD_3,pirTest,Tst,1000000000.0,../gen/Tst_pirTest/SGD_3/log/runproute.log,../gen/Tst_pirTest/SGD_3/log/runproute.sh,../gen/Tst_pirTest/SGD_3/plastisim/summary.csv,../gen/Tst_pirTest/SGD_3/pir/AccelMain.scala,../gen/Tst_pirTest/SGD_3/log/,../gen/Tst_pirTest/SGD_3/log/gentst.log,../gen/Tst_pirTest/SGD_3/pir/out/resource.csv,../gen/Tst_pirTest/SGD_3/log/maketst.log,../gen/Tst_pirTest/SGD_3/log/runp2p.log,../gen/Tst_pirTest/SGD_3/log/runhybrid.log,True,,,32.866975366,,18,18,3,11,11,13,36,36,162,162,,,,,,,,,,,,,,,,,,,,,,,1:05.32,7993,,True,False,True,,4.2277,0.016014,0:01.60,,,,False,False,,,,,True
a7afe0f7,874666b5,2019-07-28 21:54:47,SimpleDotProduct_0,pirTest,Tst,1000000000.0,../gen/Tst_pirTest/SimpleDotProduct_0/log/runproute.log,../gen/Tst_pirTest/SimpleDotProduct_0/log/runproute.sh,../gen/Tst_pirTest/SimpleDotProduct_0/plastisim/summary.csv,../gen/Tst_pirTest/SimpleDotProduct_0/pir/AccelMain.scala,../gen/Tst_pirTest/SimpleDotProduct_0/log/,../gen/Tst_pirTest/SimpleDotProduct_0/log/gentst.log,../gen/Tst_pirTest/SimpleDotProduct_0/pir/out/resource.csv,../gen/Tst_pirTest/SimpleDotProduct_0/log/maketst.log,../gen/Tst_pirTest/SimpleDotProduct_0/log/runp2p.log,../gen/Tst_pirTest/SimpleDotProduct_0/log/runhybrid.log,True,,,8.890782861,,18,18,0,0,1,3,36,36,162,162,,,,,,,,,,,,,,,,,,,,,,,0:25.73,1088,,True,False,True,,0.0,0.0,0:00.26,,,,False,False,,,,,True
a7afe0f7,874666b5,2019-07-28 21:54:47,SimpleDotProduct_1,pirTest,Tst,1000000000.0,../gen/Tst_pirTest/SimpleDotProduct_1/log/runproute.log,../gen/Tst_pirTest/SimpleDotProduct_1/log/runproute.sh,../gen/Tst_pirTest/SimpleDotProduct_1/plastisim/summary.csv,../gen/Tst_pirTest/SimpleDotProduct_1/pir/AccelMain.scala,../gen/Tst_pirTest/SimpleDotProduct_1/log/,../gen/Tst_pirTest/SimpleDotProduct_1/log/gentst.log,../gen/Tst_pirTest/SimpleDotProduct_1/pir/out/resource.csv,../gen/Tst_pirTest/SimpleDotProduct_1/log/maketst.log,../gen/Tst_pirTest/SimpleDotProduct_1/log/runp2p.log,../gen/Tst_pirTest/SimpleDotProduct_1/log/runhybrid.log,True,,,10.167125933,,18,18,0,0,2,5,36,36,162,162,,,,,,,,,,,,,,,,,,,,,,,0:28.05,576,,True,False,True,,0.0,0.0,0:00.22,,,,False,False,,,,,True
a7afe0f7,874666b5,2019-07-28 21:54:47,StreamInOutStop,pirTest,Tst,1000000000.0,../gen/Tst_pirTest/StreamInOutStop/log/runproute.log,../gen/Tst_pirTest/StreamInOutStop/log/runproute.sh,../gen/Tst_pirTest/StreamInOutStop/plastisim/summary.csv,../gen/Tst_pirTest/StreamInOutStop/pir/AccelMain.scala,../gen/Tst_pirTest/StreamInOutStop/log/,../gen/Tst_pirTest/StreamInOutStop/log/gentst.log,../gen/Tst_pirTest/StreamInOutStop/pir/out/resource.csv,../gen/Tst_pirTest/StreamInOutStop/log/maketst.log,../gen/Tst_pirTest/StreamInOutStop/log/runp2p.log,../gen/Tst_pirTest/StreamInOutStop/log/runhybrid.log,True,,,7.039105017,,18,18,2,0,0,1,36,36,162,162,,,,,,,,,,,,,,,,,,,,,,,0:23.26,32,,True,False,True,,0.0,0.0,0:00.19,,,,False,False,,,,,True
a7afe0f7,874666b5,2019-07-28 21:54:47,StreamInfDotProduct_0,pirTest,Tst,1000000000.0,../gen/Tst_pirTest/StreamInfDotProduct_0/log/runproute.log,../gen/Tst_pirTest/StreamInfDotProduct_0/log/runproute.sh,../gen/Tst_pirTest/StreamInfDotProduct_0/plastisim/summary.csv,../gen/Tst_pirTest/StreamInfDotProduct_0/pir/AccelMain.scala,../gen/Tst_pirTest/StreamInfDotProduct_0/log/,../gen/Tst_pirTest/StreamInfDotProduct_0/log/gentst.log,../gen/Tst_pirTest/StreamInfDotProduct_0/pir/out/resource.csv,../gen/Tst_pirTest/StreamInfDotProduct_0/log/maketst.log,../gen/Tst_pirTest/StreamInfDotProduct_0/log/runp2p.log,../gen/Tst_pirTest/StreamInfDotProduct_0/log/runhybrid.log,True,,,10.46406904,,18,18,2,0,2,4,36,36,162,162,,,,,,,,,,,,,,,,,,,,,,,0:26.87,174,,True,False,True,,0.0,0.0,0:00.26,,,,False,False,,,,,True
a7afe0f7,874666b5,2019-07-28 21:54:47,StreamInfDotProduct_1,pirTest,Tst,1000000000.0,../gen/Tst_pirTest/StreamInfDotProduct_1/log/runproute.log,../gen/Tst_pirTest/StreamInfDotProduct_1/log/runproute.sh,../gen/Tst_pirTest/StreamInfDotProduct_1/plastisim/summary.csv,../gen/Tst_pirTest/StreamInfDotProduct_1/pir/AccelMain.scala,../gen/Tst_pirTest/StreamInfDotProduct_1/log/,../gen/Tst_pirTest/StreamInfDotProduct_1/log/gentst.log,../gen/Tst_pirTest/StreamInfDotProduct_1/pir/out/resource.csv,../gen/Tst_pirTest/StreamInfDotProduct_1/log/maketst.log,../gen/Tst_pirTest/StreamInfDotProduct_1/log/runp2p.log,../gen/Tst_pirTest/StreamInfDotProduct_1/log/runhybrid.log,True,,,12.2138294,,18,18,2,1,2,7,36,36,162,162,,,,,,,,,,,,,,,,,,,,,,,0:31.57,292,,True,False,True,,0.0,0.0,0:00.24,,,,False,False,,,,,True
a7afe0f7,874666b5,2019-07-28 21:54:47,StreamInfDotProduct_2,pirTest,Tst,1000000000.0,../gen/Tst_pirTest/StreamInfDotProduct_2/log/runproute.log,../gen/Tst_pirTest/StreamInfDotProduct_2/log/runproute.sh,../gen/Tst_pirTest/StreamInfDotProduct_2/plastisim/summary.csv,../gen/Tst_pirTest/StreamInfDotProduct_2/pir/AccelMain.scala,../gen/Tst_pirTest/StreamInfDotProduct_2/log/,../gen/Tst_pirTest/StreamInfDotProduct_2/log/gentst.log,../gen/Tst_pirTest/StreamInfDotProduct_2/pir/out/resource.csv,../gen/Tst_pirTest/StreamInfDotProduct_2/log/maketst.log,../gen/Tst_pirTest/StreamInfDotProduct_2/log/runp2p.log,../gen/Tst_pirTest/StreamInfDotProduct_2/log/runhybrid.log,True,,,10.94714733,,18,18,2,0,3,4,36,36,162,162,,,,,,,,,,,,,,,,,,,,,,,0:27.56,178,,True,False,True,,0.0,0.0,0:00.18,,,,False,False,,,,,True
a7afe0f7,874666b5,2019-07-28 21:54:47,StreamInfDotProduct_3,pirTest,Tst,1000000000.0,../gen/Tst_pirTest/StreamInfDotProduct_3/log/runproute.log,../gen/Tst_pirTest/StreamInfDotProduct_3/log/runproute.sh,../gen/Tst_pirTest/StreamInfDotProduct_3/plastisim/summary.csv,../gen/Tst_pirTest/StreamInfDotProduct_3/pir/AccelMain.scala,../gen/Tst_pirTest/StreamInfDotProduct_3/log/,../gen/Tst_pirTest/StreamInfDotProduct_3/log/gentst.log,../gen/Tst_pirTest/StreamInfDotProduct_3/pir/out/resource.csv,../gen/Tst_pirTest/StreamInfDotProduct_3/log/maketst.log,../gen/Tst_pirTest/StreamInfDotProduct_3/log/runp2p.log,../gen/Tst_pirTest/StreamInfDotProduct_3/log/runhybrid.log,True,,,14.283230962,,18,18,2,1,3,12,36,36,162,162,,,,,,,,,,,,,,,,,,,,,,,0:36.83,294,,True,False,True,,0.0,0.0,0:00.23,,,,False,False,,,,,True
a7afe0f7,874666b5,2019-07-28 21:54:47,StreamInfDotProduct_4,pirTest,Tst,1000000000.0,../gen/Tst_pirTest/StreamInfDotProduct_4/log/runproute.log,../gen/Tst_pirTest/StreamInfDotProduct_4/log/runproute.sh,../gen/Tst_pirTest/StreamInfDotProduct_4/plastisim/summary.csv,../gen/Tst_pirTest/StreamInfDotProduct_4/pir/AccelMain.scala,../gen/Tst_pirTest/StreamInfDotProduct_4/log/,../gen/Tst_pirTest/StreamInfDotProduct_4/log/gentst.log,../gen/Tst_pirTest/StreamInfDotProduct_4/pir/out/resource.csv,../gen/Tst_pirTest/StreamInfDotProduct_4/log/maketst.log,../gen/Tst_pirTest/StreamInfDotProduct_4/log/runp2p.log,../gen/Tst_pirTest/StreamInfDotProduct_4/log/runhybrid.log,True,,,13.202758483,,18,18,2,2,3,6,36,36,162,162,,,,,,,,,,,,,,,,,,,,,,,0:29.88,180,,True,False,True,,0.0,0.0,0:00.26,,,,False,False,,,,,True
a7afe0f7,874666b5,2019-07-28 21:54:47,StreamInfDotProduct_5,pirTest,Tst,1000000000.0,../gen/Tst_pirTest/StreamInfDotProduct_5/log/runproute.log,../gen/Tst_pirTest/StreamInfDotProduct_5/log/runproute.sh,../gen/Tst_pirTest/StreamInfDotProduct_5/plastisim/summary.csv,../gen/Tst_pirTest/StreamInfDotProduct_5/pir/AccelMain.scala,../gen/Tst_pirTest/StreamInfDotProduct_5/log/,../gen/Tst_pirTest/StreamInfDotProduct_5/log/gentst.log,../gen/Tst_pirTest/StreamInfDotProduct_5/pir/out/resource.csv,../gen/Tst_pirTest/StreamInfDotProduct_5/log/maketst.log,../gen/Tst_pirTest/StreamInfDotProduct_5/log/runp2p.log,../gen/Tst_pirTest/StreamInfDotProduct_5/log/runhybrid.log,True,,,9.916704834,,18,18,2,1,3,2,36,36,162,162,,,,,,,,,,,,,,,,,,,,,,,0:29.05,2058,,True,False,True,,0.0,0.0,0:00.29,,,,False,False,,,,,True
a7afe0f7,874666b5,2019-07-28 21:54:47,StreamInfKmeans_0,pirTest,Tst,1000000000.0,../gen/Tst_pirTest/StreamInfKmeans_0/log/runproute.log,../gen/Tst_pirTest/StreamInfKmeans_0/log/runproute.sh,../gen/Tst_pirTest/StreamInfKmeans_0/plastisim/summary.csv,../gen/Tst_pirTest/StreamInfKmeans_0/pir/AccelMain.scala,../gen/Tst_pirTest/StreamInfKmeans_0/log/,../gen/Tst_pirTest/StreamInfKmeans_0/log/gentst.log,../gen/Tst_pirTest/StreamInfKmeans_0/pir/out/resource.csv,../gen/Tst_pirTest/StreamInfKmeans_0/log/maketst.log,../gen/Tst_pirTest/StreamInfKmeans_0/log/runp2p.log,../gen/Tst_pirTest/StreamInfKmeans_0/log/runhybrid.log,True,,,13.503997713,,18,18,2,0,4,7,36,36,162,162,,,,,,,,,,,,,,,,,,,,,,,0:30.25,1105,,True,False,True,,0.0,0.0,0:00.26,,,,False,False,,,,,True
a7afe0f7,874666b5,2019-07-28 21:54:47,StreamInfKmeans_1,pirTest,Tst,1000000000.0,../gen/Tst_pirTest/StreamInfKmeans_1/log/runproute.log,../gen/Tst_pirTest/StreamInfKmeans_1/log/runproute.sh,../gen/Tst_pirTest/StreamInfKmeans_1/plastisim/summary.csv,../gen/Tst_pirTest/StreamInfKmeans_1/pir/AccelMain.scala,../gen/Tst_pirTest/StreamInfKmeans_1/log/,../gen/Tst_pirTest/StreamInfKmeans_1/log/gentst.log,../gen/Tst_pirTest/StreamInfKmeans_1/pir/out/resource.csv,../gen/Tst_pirTest/StreamInfKmeans_1/log/maketst.log,../gen/Tst_pirTest/StreamInfKmeans_1/log/runp2p.log,../gen/Tst_pirTest/StreamInfKmeans_1/log/runhybrid.log,True,,,18.573114759,,18,18,2,1,5,15,36,36,162,162,,,,,,,,,,,,,,,,,,,,,,,0:31.24,617,,True,False,True,,0.0,0.0,0:00.25,,,,False,False,,,,,True
a7afe0f7,874666b5,2019-07-28 21:54:47,StreamInfKmeans_2,pirTest,Tst,1000000000.0,../gen/Tst_pirTest/StreamInfKmeans_2/log/runproute.log,../gen/Tst_pirTest/StreamInfKmeans_2/log/runproute.sh,../gen/Tst_pirTest/StreamInfKmeans_2/plastisim/summary.csv,../gen/Tst_pirTest/StreamInfKmeans_2/pir/AccelMain.scala,../gen/Tst_pirTest/StreamInfKmeans_2/log/,../gen/Tst_pirTest/StreamInfKmeans_2/log/gentst.log,../gen/Tst_pirTest/StreamInfKmeans_2/pir/out/resource.csv,../gen/Tst_pirTest/StreamInfKmeans_2/log/maketst.log,../gen/Tst_pirTest/StreamInfKmeans_2/log/runp2p.log,../gen/Tst_pirTest/StreamInfKmeans_2/log/runhybrid.log,True,,,13.952380604,,18,18,2,1,4,9,36,36,162,162,,,,,,,,,,,,,,,,,,,,,,,0:33.07,682,,True,False,True,,0.0,0.0,0:00.29,,,,False,False,,,,,True
a7afe0f7,874666b5,2019-07-28 21:54:47,StreamInfKmeans_3,pirTest,Tst,1000000000.0,../gen/Tst_pirTest/StreamInfKmeans_3/log/runproute.log,../gen/Tst_pirTest/StreamInfKmeans_3/log/runproute.sh,../gen/Tst_pirTest/StreamInfKmeans_3/plastisim/summary.csv,../gen/Tst_pirTest/StreamInfKmeans_3/pir/AccelMain.scala,../gen/Tst_pirTest/StreamInfKmeans_3/log/,../gen/Tst_pirTest/StreamInfKmeans_3/log/gentst.log,../gen/Tst_pirTest/StreamInfKmeans_3/pir/out/resource.csv,../gen/Tst_pirTest/StreamInfKmeans_3/log/maketst.log,../gen/Tst_pirTest/StreamInfKmeans_3/log/runp2p.log,../gen/Tst_pirTest/StreamInfKmeans_3/log/runhybrid.log,True,,,12.681518057,,18,18,2,0,4,7,36,36,162,162,,,,,,,,,,,,,,,,,,,,,,,0:32.15,2129,,True,False,True,,0.0,0.0,0:00.26,,,,False,False,,,,,True
a7afe0f7,874666b5,2019-07-28 21:54:47,StreamInfKmeans_4,pirTest,Tst,1000000000.0,../gen/Tst_pirTest/StreamInfKmeans_4/log/runproute.log,../gen/Tst_pirTest/StreamInfKmeans_4/log/runproute.sh,../gen/Tst_pirTest/StreamInfKmeans_4/plastisim/summary.csv,../gen/Tst_pirTest/StreamInfKmeans_4/pir/AccelMain.scala,../gen/Tst_pirTest/StreamInfKmeans_4/log/,../gen/Tst_pirTest/StreamInfKmeans_4/log/gentst.log,../gen/Tst_pirTest/StreamInfKmeans_4/pir/out/resource.csv,../gen/Tst_pirTest/StreamInfKmeans_4/log/maketst.log,../gen/Tst_pirTest/StreamInfKmeans_4/log/runp2p.log,../gen/Tst_pirTest/StreamInfKmeans_4/log/runhybrid.log,True,,,14.342212081,,18,18,2,1,4,9,36,36,162,162,,,,,,,,,,,,,,,,,,,,,,,0:37.65,1248,,True,False,True,,0.0,0.0,0:00.32,,,,False,False,,,,,True
a7afe0f7,874666b5,2019-07-28 21:54:47,StreamInfKmeans_6,pirTest,Tst,1000000000.0,../gen/Tst_pirTest/StreamInfKmeans_6/log/runproute.log,../gen/Tst_pirTest/StreamInfKmeans_6/log/runproute.sh,../gen/Tst_pirTest/StreamInfKmeans_6/plastisim/summary.csv,../gen/Tst_pirTest/StreamInfKmeans_6/pir/AccelMain.scala,../gen/Tst_pirTest/StreamInfKmeans_6/log/,../gen/Tst_pirTest/StreamInfKmeans_6/log/gentst.log,../gen/Tst_pirTest/StreamInfKmeans_6/pir/out/resource.csv,../gen/Tst_pirTest/StreamInfKmeans_6/log/maketst.log,../gen/Tst_pirTest/StreamInfKmeans_6/log/runp2p.log,../gen/Tst_pirTest/StreamInfKmeans_6/log/runhybrid.log,True,,,18.701808725,,18,18,2,4,5,11,36,36,162,162,,,,,,,,,,,,,,,,,,,,,,,0:37.18,406,,True,False,True,,0.0,0.0,0:00.40,,,,False,False,,,,,True
a7afe0f7,874666b5,2019-07-28 21:54:47,StreamInfKmeans_7,pirTest,Tst,1000000000.0,../gen/Tst_pirTest/StreamInfKmeans_7/log/runproute.log,../gen/Tst_pirTest/StreamInfKmeans_7/log/runproute.sh,../gen/Tst_pirTest/StreamInfKmeans_7/plastisim/summary.csv,../gen/Tst_pirTest/StreamInfKmeans_7/pir/AccelMain.scala,../gen/Tst_pirTest/StreamInfKmeans_7/log/,../gen/Tst_pirTest/StreamInfKmeans_7/log/gentst.log,../gen/Tst_pirTest/StreamInfKmeans_7/pir/out/resource.csv,../gen/Tst_pirTest/StreamInfKmeans_7/log/maketst.log,../gen/Tst_pirTest/StreamInfKmeans_7/log/runp2p.log,../gen/Tst_pirTest/StreamInfKmeans_7/log/runhybrid.log,True,,,28.841970839,,18,18,2,9,8,21,36,36,162,162,,,,,,,,,,,,,,,,,,,,,,,0:51.61,392,,True,False,True,,0.0,0.0,0:00.29,,,,False,False,,,,,True
a7afe0f7,874666b5,2019-07-28 21:54:47,StreamInfLogReg_0,pirTest,Tst,1000000000.0,../gen/Tst_pirTest/StreamInfLogReg_0/log/runproute.log,../gen/Tst_pirTest/StreamInfLogReg_0/log/runproute.sh,../gen/Tst_pirTest/StreamInfLogReg_0/plastisim/summary.csv,../gen/Tst_pirTest/StreamInfLogReg_0/pir/AccelMain.scala,../gen/Tst_pirTest/StreamInfLogReg_0/log/,../gen/Tst_pirTest/StreamInfLogReg_0/log/gentst.log,../gen/Tst_pirTest/StreamInfLogReg_0/pir/out/resource.csv,../gen/Tst_pirTest/StreamInfLogReg_0/log/maketst.log,../gen/Tst_pirTest/StreamInfLogReg_0/log/runp2p.log,../gen/Tst_pirTest/StreamInfLogReg_0/log/runhybrid.log,True,,,10.889499668,,18,18,2,0,2,5,36,36,162,162,,,,,,,,,,,,,,,,,,,,,,,0:28.17,183,,True,False,True,,0.0,0.0,0:00.21,,,,False,False,,,,,True
a7afe0f7,874666b5,2019-07-28 21:54:47,StreamInfLogReg_1,pirTest,Tst,1000000000.0,../gen/Tst_pirTest/StreamInfLogReg_1/log/runproute.log,../gen/Tst_pirTest/StreamInfLogReg_1/log/runproute.sh,../gen/Tst_pirTest/StreamInfLogReg_1/plastisim/summary.csv,../gen/Tst_pirTest/StreamInfLogReg_1/pir/AccelMain.scala,../gen/Tst_pirTest/StreamInfLogReg_1/log/,../gen/Tst_pirTest/StreamInfLogReg_1/log/gentst.log,../gen/Tst_pirTest/StreamInfLogReg_1/pir/out/resource.csv,../gen/Tst_pirTest/StreamInfLogReg_1/log/maketst.log,../gen/Tst_pirTest/StreamInfLogReg_1/log/runp2p.log,../gen/Tst_pirTest/StreamInfLogReg_1/log/runhybrid.log,True,,,13.704333597,,18,18,2,1,7,4,36,36,162,162,,,,,,,,,,,,,,,,,,,,,,,0:31.01,301,,True,False,True,,0.0,0.0,0:00.27,,,,False,False,,,,,True
a7afe0f7,874666b5,2019-07-28 21:54:47,StreamInfLogReg_2,pirTest,Tst,1000000000.0,../gen/Tst_pirTest/StreamInfLogReg_2/log/runproute.log,../gen/Tst_pirTest/StreamInfLogReg_2/log/runproute.sh,../gen/Tst_pirTest/StreamInfLogReg_2/plastisim/summary.csv,../gen/Tst_pirTest/StreamInfLogReg_2/pir/AccelMain.scala,../gen/Tst_pirTest/StreamInfLogReg_2/log/,../gen/Tst_pirTest/StreamInfLogReg_2/log/gentst.log,../gen/Tst_pirTest/StreamInfLogReg_2/pir/out/resource.csv,../gen/Tst_pirTest/StreamInfLogReg_2/log/maketst.log,../gen/Tst_pirTest/StreamInfLogReg_2/log/runp2p.log,../gen/Tst_pirTest/StreamInfLogReg_2/log/runhybrid.log,True,,,10.996225793,,18,18,2,0,2,5,36,36,162,162,,,,,,,,,,,,,,,,,,,,,,,0:28.20,183,,True,False,True,,0.0,0.0,0:00.24,,,,False,False,,,,,True
a7afe0f7,874666b5,2019-07-28 21:54:47,StreamInfLogReg_3,pirTest,Tst,1000000000.0,../gen/Tst_pirTest/StreamInfLogReg_3/log/runproute.log,../gen/Tst_pirTest/StreamInfLogReg_3/log/runproute.sh,../gen/Tst_pirTest/StreamInfLogReg_3/plastisim/summary.csv,../gen/Tst_pirTest/StreamInfLogReg_3/pir/AccelMain.scala,../gen/Tst_pirTest/StreamInfLogReg_3/log/,../gen/Tst_pirTest/StreamInfLogReg_3/log/gentst.log,../gen/Tst_pirTest/StreamInfLogReg_3/pir/out/resource.csv,../gen/Tst_pirTest/StreamInfLogReg_3/log/maketst.log,../gen/Tst_pirTest/StreamInfLogReg_3/log/runp2p.log,../gen/Tst_pirTest/StreamInfLogReg_3/log/runhybrid.log,True,,,12.882713873,,18,18,2,1,7,4,36,36,162,162,,,,,,,,,,,,,,,,,,,,,,,0:30.77,301,,True,False,True,,0.0,0.0,0:00.23,,,,False,False,,,,,True
a7afe0f7,874666b5,2019-07-28 21:54:47,StreamInfLogReg_4,pirTest,Tst,1000000000.0,../gen/Tst_pirTest/StreamInfLogReg_4/log/runproute.log,../gen/Tst_pirTest/StreamInfLogReg_4/log/runproute.sh,../gen/Tst_pirTest/StreamInfLogReg_4/plastisim/summary.csv,../gen/Tst_pirTest/StreamInfLogReg_4/pir/AccelMain.scala,../gen/Tst_pirTest/StreamInfLogReg_4/log/,../gen/Tst_pirTest/StreamInfLogReg_4/log/gentst.log,../gen/Tst_pirTest/StreamInfLogReg_4/pir/out/resource.csv,../gen/Tst_pirTest/StreamInfLogReg_4/log/maketst.log,../gen/Tst_pirTest/StreamInfLogReg_4/log/runp2p.log,../gen/Tst_pirTest/StreamInfLogReg_4/log/runhybrid.log,True,,,13.718451118,,18,18,2,2,5,8,36,36,162,162,,,,,,,,,,,,,,,,,,,,,,,0:31.25,189,,True,False,True,,0.0,0.0,0:00.30,,,,False,False,,,,,True
a7afe0f7,874666b5,2019-07-28 21:54:47,StreamInfLogReg_5,pirTest,Tst,1000000000.0,../gen/Tst_pirTest/StreamInfLogReg_5/log/runproute.log,../gen/Tst_pirTest/StreamInfLogReg_5/log/runproute.sh,../gen/Tst_pirTest/StreamInfLogReg_5/plastisim/summary.csv,../gen/Tst_pirTest/StreamInfLogReg_5/pir/AccelMain.scala,../gen/Tst_pirTest/StreamInfLogReg_5/log/,../gen/Tst_pirTest/StreamInfLogReg_5/log/gentst.log,../gen/Tst_pirTest/StreamInfLogReg_5/pir/out/resource.csv,../gen/Tst_pirTest/StreamInfLogReg_5/log/maketst.log,../gen/Tst_pirTest/StreamInfLogReg_5/log/runp2p.log,../gen/Tst_pirTest/StreamInfLogReg_5/log/runhybrid.log,True,,,12.634568502,,18,18,2,6,3,6,36,36,162,162,,,,,,,,,,,,,,,,,,,,,,,0:31.19,189,,True,False,True,,0.0,0.0,0:00.25,,,,False,False,,,,,True
a7afe0f7,874666b5,2019-07-28 21:54:47,StreamInfLogReg_6,pirTest,Tst,1000000000.0,../gen/Tst_pirTest/StreamInfLogReg_6/log/runproute.log,../gen/Tst_pirTest/StreamInfLogReg_6/log/runproute.sh,../gen/Tst_pirTest/StreamInfLogReg_6/plastisim/summary.csv,../gen/Tst_pirTest/StreamInfLogReg_6/pir/AccelMain.scala,../gen/Tst_pirTest/StreamInfLogReg_6/log/,../gen/Tst_pirTest/StreamInfLogReg_6/log/gentst.log,../gen/Tst_pirTest/StreamInfLogReg_6/pir/out/resource.csv,../gen/Tst_pirTest/StreamInfLogReg_6/log/maketst.log,../gen/Tst_pirTest/StreamInfLogReg_6/log/runp2p.log,../gen/Tst_pirTest/StreamInfLogReg_6/log/runhybrid.log,True,,,10.176041038,,18,18,2,2,3,2,36,36,162,162,,,,,,,,,,,,,,,,,,,,,,,0:29.89,566,,True,False,True,,0.0,0.0,0:00.22,,,,False,False,,,,,True
a7afe0f7,874666b5,2019-07-28 21:54:47,StreamInfNN_0,pirTest,Tst,1000000000.0,../gen/Tst_pirTest/StreamInfNN_0/log/runproute.log,../gen/Tst_pirTest/StreamInfNN_0/log/runproute.sh,../gen/Tst_pirTest/StreamInfNN_0/plastisim/summary.csv,../gen/Tst_pirTest/StreamInfNN_0/pir/AccelMain.scala,../gen/Tst_pirTest/StreamInfNN_0/log/,../gen/Tst_pirTest/StreamInfNN_0/log/gentst.log,../gen/Tst_pirTest/StreamInfNN_0/pir/out/resource.csv,../gen/Tst_pirTest/StreamInfNN_0/log/maketst.log,../gen/Tst_pirTest/StreamInfNN_0/log/runp2p.log,../gen/Tst_pirTest/StreamInfNN_0/log/runhybrid.log,True,,,13.805654359,,18,18,2,3,6,5,36,36,162,162,,,,,,,,,,,,,,,,,,,,,,,0:34.24,4209,,True,False,True,,0.0,0.0,0:00.39,,,,False,False,,,,,True
a7afe0f7,874666b5,2019-07-28 21:54:47,StreamInfNN_1,pirTest,Tst,1000000000.0,../gen/Tst_pirTest/StreamInfNN_1/log/runproute.log,../gen/Tst_pirTest/StreamInfNN_1/log/runproute.sh,../gen/Tst_pirTest/StreamInfNN_1/plastisim/summary.csv,../gen/Tst_pirTest/StreamInfNN_1/pir/AccelMain.scala,../gen/Tst_pirTest/StreamInfNN_1/log/,../gen/Tst_pirTest/StreamInfNN_1/log/gentst.log,../gen/Tst_pirTest/StreamInfNN_1/pir/out/resource.csv,../gen/Tst_pirTest/StreamInfNN_1/log/maketst.log,../gen/Tst_pirTest/StreamInfNN_1/log/runp2p.log,../gen/Tst_pirTest/StreamInfNN_1/log/runhybrid.log,True,,,18.668327844,,18,18,2,7,8,9,36,36,162,162,,,,,,,,,,,,,,,,,,,,,,,0:30.85,2176,,True,False,True,,0.0,0.0,0:00.35,,,,False,False,,,,,True
a7afe0f7,874666b5,2019-07-28 21:54:47,StreamInfNN_2,pirTest,Tst,1000000000.0,../gen/Tst_pirTest/StreamInfNN_2/log/runproute.log,../gen/Tst_pirTest/StreamInfNN_2/log/runproute.sh,../gen/Tst_pirTest/StreamInfNN_2/plastisim/summary.csv,../gen/Tst_pirTest/StreamInfNN_2/pir/AccelMain.scala,../gen/Tst_pirTest/StreamInfNN_2/log/,../gen/Tst_pirTest/StreamInfNN_2/log/gentst.log,../gen/Tst_pirTest/StreamInfNN_2/pir/out/resource.csv,../gen/Tst_pirTest/StreamInfNN_2/log/maketst.log,../gen/Tst_pirTest/StreamInfNN_2/log/runp2p.log,../gen/Tst_pirTest/StreamInfNN_2/log/runhybrid.log,True,,,15.154557472,,18,18,2,4,6,6,36,36,162,162,,,,,,,,,,,,,,,,,,,,,,,0:37.22,57542,,True,False,True,,0.0,0.0,0:02.42,,,,False,False,,,,,True
a7afe0f7,874666b5,2019-07-28 21:54:47,StreamInfNN_3,pirTest,Tst,1000000000.0,../gen/Tst_pirTest/StreamInfNN_3/log/runproute.log,../gen/Tst_pirTest/StreamInfNN_3/log/runproute.sh,../gen/Tst_pirTest/StreamInfNN_3/plastisim/summary.csv,../gen/Tst_pirTest/StreamInfNN_3/pir/AccelMain.scala,../gen/Tst_pirTest/StreamInfNN_3/log/,../gen/Tst_pirTest/StreamInfNN_3/log/gentst.log,../gen/Tst_pirTest/StreamInfNN_3/pir/out/resource.csv,../gen/Tst_pirTest/StreamInfNN_3/log/maketst.log,../gen/Tst_pirTest/StreamInfNN_3/log/runp2p.log,../gen/Tst_pirTest/StreamInfNN_3/log/runhybrid.log,True,,,21.739246389,,18,18,2,7,6,13,36,36,162,162,,,,,,,,,,,,,,,,,,,,,,,0:42.48,28830,,True,False,True,,0.0,0.0,0:02.35,,,,False,False,,,,,True
a7afe0f7,874666b5,2019-07-28 21:54:47,StreamInfNN_4,pirTest,Tst,1000000000.0,../gen/Tst_pirTest/StreamInfNN_4/log/runproute.log,../gen/Tst_pirTest/StreamInfNN_4/log/runproute.sh,../gen/Tst_pirTest/StreamInfNN_4/plastisim/summary.csv,../gen/Tst_pirTest/StreamInfNN_4/pir/AccelMain.scala,../gen/Tst_pirTest/StreamInfNN_4/log/,../gen/Tst_pirTest/StreamInfNN_4/log/gentst.log,../gen/Tst_pirTest/StreamInfNN_4/pir/out/resource.csv,../gen/Tst_pirTest/StreamInfNN_4/log/maketst.log,../gen/Tst_pirTest/StreamInfNN_4/log/runp2p.log,../gen/Tst_pirTest/StreamInfNN_4/log/runhybrid.log,True,,,32.365958824,,18,18,2,15,7,24,36,36,162,162,,,,,,,,,,,,,,,,,,,,,,,1:00.67,14511,,True,False,True,,0.0,0.0,0:03.15,,,,False,False,,,,,True
a7afe0f7,874666b5,2019-07-28 21:54:47,StreamInfNN_5,pirTest,Tst,1000000000.0,../gen/Tst_pirTest/StreamInfNN_5/log/runproute.log,../gen/Tst_pirTest/StreamInfNN_5/log/runproute.sh,../gen/Tst_pirTest/StreamInfNN_5/plastisim/summary.csv,../gen/Tst_pirTest/StreamInfNN_5/pir/AccelMain.scala,../gen/Tst_pirTest/StreamInfNN_5/log/,../gen/Tst_pirTest/StreamInfNN_5/log/gentst.log,../gen/Tst_pirTest/StreamInfNN_5/pir/out/resource.csv,../gen/Tst_pirTest/StreamInfNN_5/log/maketst.log,../gen/Tst_pirTest/StreamInfNN_5/log/runp2p.log,../gen/Tst_pirTest/StreamInfNN_5/log/runhybrid.log,True,,,15.337243946,,18,18,2,3,6,9,36,36,162,162,,,,,,,,,,,,,,,,,,,,,,,0:30.13,352,,True,False,True,,0.0,0.0,0:00.17,,,,False,False,,,,,True
a7afe0f7,874666b5,2019-07-28 21:54:47,StreamInfNN_6,pirTest,Tst,1000000000.0,../gen/Tst_pirTest/StreamInfNN_6/log/runproute.log,../gen/Tst_pirTest/StreamInfNN_6/log/runproute.sh,../gen/Tst_pirTest/StreamInfNN_6/plastisim/summary.csv,../gen/Tst_pirTest/StreamInfNN_6/pir/AccelMain.scala,../gen/Tst_pirTest/StreamInfNN_6/log/,../gen/Tst_pirTest/StreamInfNN_6/log/gentst.log,../gen/Tst_pirTest/StreamInfNN_6/pir/out/resource.csv,../gen/Tst_pirTest/StreamInfNN_6/log/maketst.log,../gen/Tst_pirTest/StreamInfNN_6/log/runp2p.log,../gen/Tst_pirTest/StreamInfNN_6/log/runhybrid.log,True,,,14.132756183,,18,18,2,1,6,8,36,36,162,162,,,,,,,,,,,,,,,,,,,,,,,0:33.32,4218,,True,False,True,,0.0,0.0,0:00.34,,,,False,False,,,,,True
a7afe0f7,874666b5,2019-07-28 21:54:47,StreamInfSVM_0,pirTest,Tst,1000000000.0,../gen/Tst_pirTest/StreamInfSVM_0/log/runproute.log,../gen/Tst_pirTest/StreamInfSVM_0/log/runproute.sh,../gen/Tst_pirTest/StreamInfSVM_0/plastisim/summary.csv,../gen/Tst_pirTest/StreamInfSVM_0/pir/AccelMain.scala,../gen/Tst_pirTest/StreamInfSVM_0/log/,../gen/Tst_pirTest/StreamInfSVM_0/log/gentst.log,../gen/Tst_pirTest/StreamInfSVM_0/pir/out/resource.csv,../gen/Tst_pirTest/StreamInfSVM_0/log/maketst.log,../gen/Tst_pirTest/StreamInfSVM_0/log/runp2p.log,../gen/Tst_pirTest/StreamInfSVM_0/log/runhybrid.log,True,,,12.924623048,,18,18,2,0,5,7,36,36,162,162,,,,,,,,,,,,,,,,,,,,,,,0:30.35,3655,,True,False,True,,0.0,0.0,0:00.29,,,,False,False,,,,,True
a7afe0f7,874666b5,2019-07-28 21:54:47,StreamInfSVM_1,pirTest,Tst,1000000000.0,../gen/Tst_pirTest/StreamInfSVM_1/log/runproute.log,../gen/Tst_pirTest/StreamInfSVM_1/log/runproute.sh,../gen/Tst_pirTest/StreamInfSVM_1/plastisim/summary.csv,../gen/Tst_pirTest/StreamInfSVM_1/pir/AccelMain.scala,../gen/Tst_pirTest/StreamInfSVM_1/log/,../gen/Tst_pirTest/StreamInfSVM_1/log/gentst.log,../gen/Tst_pirTest/StreamInfSVM_1/pir/out/resource.csv,../gen/Tst_pirTest/StreamInfSVM_1/log/maketst.log,../gen/Tst_pirTest/StreamInfSVM_1/log/runp2p.log,../gen/Tst_pirTest/StreamInfSVM_1/log/runhybrid.log,True,,,17.069352244,,18,18,2,1,10,8,36,36,162,162,,,,,,,,,,,,,,,,,,,,,,,0:36.25,1878,,True,False,True,,0.0,0.0,0:00.41,,,,False,False,,,,,True
a7afe0f7,874666b5,2019-07-28 21:54:47,StreamInfSVM_3,pirTest,Tst,1000000000.0,../gen/Tst_pirTest/StreamInfSVM_3/log/runproute.log,../gen/Tst_pirTest/StreamInfSVM_3/log/runproute.sh,../gen/Tst_pirTest/StreamInfSVM_3/plastisim/summary.csv,../gen/Tst_pirTest/StreamInfSVM_3/pir/AccelMain.scala,../gen/Tst_pirTest/StreamInfSVM_3/log/,../gen/Tst_pirTest/StreamInfSVM_3/log/gentst.log,../gen/Tst_pirTest/StreamInfSVM_3/pir/out/resource.csv,../gen/Tst_pirTest/StreamInfSVM_3/log/maketst.log,../gen/Tst_pirTest/StreamInfSVM_3/log/runp2p.log,../gen/Tst_pirTest/StreamInfSVM_3/log/runhybrid.log,True,,,12.693373641,,18,18,2,0,5,7,36,36,162,162,,,,,,,,,,,,,,,,,,,,,,,0:31.28,3656,,True,False,True,,0.0,0.0,0:00.36,,,,False,False,,,,,True
a7afe0f7,874666b5,2019-07-28 21:54:47,StreamInfSVM_4,pirTest,Tst,1000000000.0,../gen/Tst_pirTest/StreamInfSVM_4/log/runproute.log,../gen/Tst_pirTest/StreamInfSVM_4/log/runproute.sh,../gen/Tst_pirTest/StreamInfSVM_4/plastisim/summary.csv,../gen/Tst_pirTest/StreamInfSVM_4/pir/AccelMain.scala,../gen/Tst_pirTest/StreamInfSVM_4/log/,../gen/Tst_pirTest/StreamInfSVM_4/log/gentst.log,../gen/Tst_pirTest/StreamInfSVM_4/pir/out/resource.csv,../gen/Tst_pirTest/StreamInfSVM_4/log/maketst.log,../gen/Tst_pirTest/StreamInfSVM_4/log/runp2p.log,../gen/Tst_pirTest/StreamInfSVM_4/log/runhybrid.log,True,,,17.054261072,,18,18,2,1,13,10,36,36,162,162,,,,,,,,,,,,,,,,,,,,,,,0:41.04,1879,,True,False,True,,0.0,0.0,0:00.41,,,,False,False,,,,,True
a7afe0f7,874666b5,2019-07-28 21:54:47,StreamInfSVM_5,pirTest,Tst,1000000000.0,../gen/Tst_pirTest/StreamInfSVM_5/log/runproute.log,../gen/Tst_pirTest/StreamInfSVM_5/log/runproute.sh,../gen/Tst_pirTest/StreamInfSVM_5/plastisim/summary.csv,../gen/Tst_pirTest/StreamInfSVM_5/pir/AccelMain.scala,../gen/Tst_pirTest/StreamInfSVM_5/log/,../gen/Tst_pirTest/StreamInfSVM_5/log/gentst.log,../gen/Tst_pirTest/StreamInfSVM_5/pir/out/resource.csv,../gen/Tst_pirTest/StreamInfSVM_5/log/maketst.log,../gen/Tst_pirTest/StreamInfSVM_5/log/runp2p.log,../gen/Tst_pirTest/StreamInfSVM_5/log/runhybrid.log,True,,,17.423458723,,18,18,2,2,9,16,36,36,162,162,,,,,,,,,,,,,,,,,,,,,,,0:39.37,976,,True,False,True,,0.0,0.0,0:00.26,,,,False,False,,,,,True
a7afe0f7,874666b5,2019-07-28 21:54:47,StreamSumFields_0,pirTest,Tst,1000000000.0,../gen/Tst_pirTest/StreamSumFields_0/log/runproute.log,../gen/Tst_pirTest/StreamSumFields_0/log/runproute.sh,../gen/Tst_pirTest/StreamSumFields_0/plastisim/summary.csv,../gen/Tst_pirTest/StreamSumFields_0/pir/AccelMain.scala,../gen/Tst_pirTest/StreamSumFields_0/log/,../gen/Tst_pirTest/StreamSumFields_0/log/gentst.log,../gen/Tst_pirTest/StreamSumFields_0/pir/out/resource.csv,../gen/Tst_pirTest/StreamSumFields_0/log/maketst.log,../gen/Tst_pirTest/StreamSumFields_0/log/runp2p.log,../gen/Tst_pirTest/StreamSumFields_0/log/runhybrid.log,True,,,9.651732893,,18,18,2,0,2,4,36,36,162,162,,,,,,,,,,,,,,,,,,,,,,,0:27.92,174,,True,False,True,,0.0,0.0,0:00.22,,,,False,False,,,,,True
a7afe0f7,874666b5,2019-07-28 21:54:47,StreamSumFields_1,pirTest,Tst,1000000000.0,../gen/Tst_pirTest/StreamSumFields_1/log/runproute.log,../gen/Tst_pirTest/StreamSumFields_1/log/runproute.sh,../gen/Tst_pirTest/StreamSumFields_1/plastisim/summary.csv,../gen/Tst_pirTest/StreamSumFields_1/pir/AccelMain.scala,../gen/Tst_pirTest/StreamSumFields_1/log/,../gen/Tst_pirTest/StreamSumFields_1/log/gentst.log,../gen/Tst_pirTest/StreamSumFields_1/pir/out/resource.csv,../gen/Tst_pirTest/StreamSumFields_1/log/maketst.log,../gen/Tst_pirTest/StreamSumFields_1/log/runp2p.log,../gen/Tst_pirTest/StreamSumFields_1/log/runhybrid.log,True,,,12.342385294,,18,18,2,1,2,7,36,36,162,162,,,,,,,,,,,,,,,,,,,,,,,0:31.82,292,,True,False,True,,0.0,0.0,0:00.23,,,,False,False,,,,,True
a7afe0f7,874666b5,2019-07-28 21:54:47,StreamTrainLogReg_0,pirTest,Tst,1000000000.0,../gen/Tst_pirTest/StreamTrainLogReg_0/log/runproute.log,../gen/Tst_pirTest/StreamTrainLogReg_0/log/runproute.sh,../gen/Tst_pirTest/StreamTrainLogReg_0/plastisim/summary.csv,../gen/Tst_pirTest/StreamTrainLogReg_0/pir/AccelMain.scala,../gen/Tst_pirTest/StreamTrainLogReg_0/log/,../gen/Tst_pirTest/StreamTrainLogReg_0/log/gentst.log,../gen/Tst_pirTest/StreamTrainLogReg_0/pir/out/resource.csv,../gen/Tst_pirTest/StreamTrainLogReg_0/log/maketst.log,../gen/Tst_pirTest/StreamTrainLogReg_0/log/runp2p.log,../gen/Tst_pirTest/StreamTrainLogReg_0/log/runhybrid.log,True,,,22.901512966,,18,18,3,2,9,12,36,36,162,162,,,,,,,,,,,,,,,,,,,,,,,0:37.37,2570,,True,False,True,,0.398444,0.398444,0:00.44,,,,False,False,,,,,True
a7afe0f7,874666b5,2019-07-28 21:54:47,StreamTrainLogReg_1,pirTest,Tst,1000000000.0,../gen/Tst_pirTest/StreamTrainLogReg_1/log/runproute.log,../gen/Tst_pirTest/StreamTrainLogReg_1/log/runproute.sh,../gen/Tst_pirTest/StreamTrainLogReg_1/plastisim/summary.csv,../gen/Tst_pirTest/StreamTrainLogReg_1/pir/AccelMain.scala,../gen/Tst_pirTest/StreamTrainLogReg_1/log/,../gen/Tst_pirTest/StreamTrainLogReg_1/log/gentst.log,../gen/Tst_pirTest/StreamTrainLogReg_1/pir/out/resource.csv,../gen/Tst_pirTest/StreamTrainLogReg_1/log/maketst.log,../gen/Tst_pirTest/StreamTrainLogReg_1/log/runp2p.log,../gen/Tst_pirTest/StreamTrainLogReg_1/log/runhybrid.log,True,,,30.03744334,,18,18,3,5,9,15,36,36,162,162,,,,,,,,,,,,,,,,,,,,,,,0:55.37,2795,,True,False,True,,0.366369,0.366369,0:00.52,,,,False,False,,,,,True
a7afe0f7,874666b5,2019-07-28 21:54:47,StreamTrainLogReg_2,pirTest,Tst,1000000000.0,../gen/Tst_pirTest/StreamTrainLogReg_2/log/runproute.log,../gen/Tst_pirTest/StreamTrainLogReg_2/log/runproute.sh,../gen/Tst_pirTest/StreamTrainLogReg_2/plastisim/summary.csv,../gen/Tst_pirTest/StreamTrainLogReg_2/pir/AccelMain.scala,../gen/Tst_pirTest/StreamTrainLogReg_2/log/,../gen/Tst_pirTest/StreamTrainLogReg_2/log/gentst.log,../gen/Tst_pirTest/StreamTrainLogReg_2/pir/out/resource.csv,../gen/Tst_pirTest/StreamTrainLogReg_2/log/maketst.log,../gen/Tst_pirTest/StreamTrainLogReg_2/log/runp2p.log,../gen/Tst_pirTest/StreamTrainLogReg_2/log/runhybrid.log,True,,,23.021002502,,18,18,3,3,9,15,36,36,162,162,,,,,,,,,,,,,,,,,,,,,,,0:41.70,2730,,True,False,True,,0.375092,0.375092,0:00.46,,,,False,False,,,,,True
a7afe0f7,874666b5,2019-07-28 21:54:47,StreamTrainLogReg_3,pirTest,Tst,1000000000.0,../gen/Tst_pirTest/StreamTrainLogReg_3/log/runproute.log,../gen/Tst_pirTest/StreamTrainLogReg_3/log/runproute.sh,../gen/Tst_pirTest/StreamTrainLogReg_3/plastisim/summary.csv,../gen/Tst_pirTest/StreamTrainLogReg_3/pir/AccelMain.scala,../gen/Tst_pirTest/StreamTrainLogReg_3/log/,../gen/Tst_pirTest/StreamTrainLogReg_3/log/gentst.log,../gen/Tst_pirTest/StreamTrainLogReg_3/pir/out/resource.csv,../gen/Tst_pirTest/StreamTrainLogReg_3/log/maketst.log,../gen/Tst_pirTest/StreamTrainLogReg_3/log/runp2p.log,../gen/Tst_pirTest/StreamTrainLogReg_3/log/runhybrid.log,True,,,39.388484542,,18,18,3,6,9,18,36,36,162,162,,,,,,,,,,,,,,,,,,,,,,,1:05.45,2955,,True,False,True,,0.346531,0.346531,0:00.77,,,,False,False,,,,,True
a7afe0f7,874666b5,2019-07-28 21:54:47,StreamTrainLogReg_4,pirTest,Tst,1000000000.0,../gen/Tst_pirTest/StreamTrainLogReg_4/log/runproute.log,../gen/Tst_pirTest/StreamTrainLogReg_4/log/runproute.sh,../gen/Tst_pirTest/StreamTrainLogReg_4/plastisim/summary.csv,../gen/Tst_pirTest/StreamTrainLogReg_4/pir/AccelMain.scala,../gen/Tst_pirTest/StreamTrainLogReg_4/log/,../gen/Tst_pirTest/StreamTrainLogReg_4/log/gentst.log,../gen/Tst_pirTest/StreamTrainLogReg_4/pir/out/resource.csv,../gen/Tst_pirTest/StreamTrainLogReg_4/log/maketst.log,../gen/Tst_pirTest/StreamTrainLogReg_4/log/runp2p.log,../gen/Tst_pirTest/StreamTrainLogReg_4/log/runhybrid.log,True,,,39.364093431,,18,18,3,7,21,13,36,36,162,162,,,,,,,,,,,,,,,,,,,,,,,1:14.16,2986,,True,False,True,,0.342934,0.342934,0:01.16,,,,False,False,,,,,True
a7afe0f7,874666b5,2019-07-28 21:54:47,StreamTrainLogReg_5,pirTest,Tst,1000000000.0,../gen/Tst_pirTest/StreamTrainLogReg_5/log/runproute.log,../gen/Tst_pirTest/StreamTrainLogReg_5/log/runproute.sh,../gen/Tst_pirTest/StreamTrainLogReg_5/plastisim/summary.csv,../gen/Tst_pirTest/StreamTrainLogReg_5/pir/AccelMain.scala,../gen/Tst_pirTest/StreamTrainLogReg_5/log/,../gen/Tst_pirTest/StreamTrainLogReg_5/log/gentst.log,../gen/Tst_pirTest/StreamTrainLogReg_5/pir/out/resource.csv,../gen/Tst_pirTest/StreamTrainLogReg_5/log/maketst.log,../gen/Tst_pirTest/StreamTrainLogReg_5/log/runp2p.log,../gen/Tst_pirTest/StreamTrainLogReg_5/log/runhybrid.log,True,,,47.772175793,,18,18,3,9,22,10,36,36,162,162,,,,,,,,,,,,,,,,,,,,,,,1:16.61,2890,,True,False,True,,0.354325,0.354325,0:00.88,,,,False,False,,,,,True
a7afe0f7,874666b5,2019-07-28 21:54:47,StreamTrainLogReg_6,pirTest,Tst,1000000000.0,../gen/Tst_pirTest/StreamTrainLogReg_6/log/runproute.log,../gen/Tst_pirTest/StreamTrainLogReg_6/log/runproute.sh,../gen/Tst_pirTest/StreamTrainLogReg_6/plastisim/summary.csv,../gen/Tst_pirTest/StreamTrainLogReg_6/pir/AccelMain.scala,../gen/Tst_pirTest/StreamTrainLogReg_6/log/,../gen/Tst_pirTest/StreamTrainLogReg_6/log/gentst.log,../gen/Tst_pirTest/StreamTrainLogReg_6/pir/out/resource.csv,../gen/Tst_pirTest/StreamTrainLogReg_6/log/maketst.log,../gen/Tst_pirTest/StreamTrainLogReg_6/log/runp2p.log,../gen/Tst_pirTest/StreamTrainLogReg_6/log/runhybrid.log,True,,,23.431412919,,18,18,3,2,9,12,36,36,162,162,,,,,,,,,,,,,,,,,,,,,,,0:53.28,2475,,True,False,True,,0.413737,0.413737,0:00.51,,,,False,False,,,,,True
a7afe0f7,874666b5,2019-07-28 21:54:47,StreamTrainTest_0,pirTest,Tst,1000000000.0,../gen/Tst_pirTest/StreamTrainTest_0/log/runproute.log,../gen/Tst_pirTest/StreamTrainTest_0/log/runproute.sh,../gen/Tst_pirTest/StreamTrainTest_0/plastisim/summary.csv,../gen/Tst_pirTest/StreamTrainTest_0/pir/AccelMain.scala,../gen/Tst_pirTest/StreamTrainTest_0/log/,../gen/Tst_pirTest/StreamTrainTest_0/log/gentst.log,../gen/Tst_pirTest/StreamTrainTest_0/pir/out/resource.csv,../gen/Tst_pirTest/StreamTrainTest_0/log/maketst.log,../gen/Tst_pirTest/StreamTrainTest_0/log/runp2p.log,../gen/Tst_pirTest/StreamTrainTest_0/log/runhybrid.log,True,,,15.212618611,,18,18,2,2,4,8,36,36,162,162,,,,,,,,,,,,,,,,,,,,,,,0:35.38,1995,,True,False,True,,0.513283,0.513283,0:00.36,,,,False,False,,,,,True
a7afe0f7,874666b5,2019-07-28 21:54:47,SumSquare_0,pirTest,Tst,1000000000.0,../gen/Tst_pirTest/SumSquare_0/log/runproute.log,../gen/Tst_pirTest/SumSquare_0/log/runproute.sh,../gen/Tst_pirTest/SumSquare_0/plastisim/summary.csv,../gen/Tst_pirTest/SumSquare_0/pir/AccelMain.scala,../gen/Tst_pirTest/SumSquare_0/log/,../gen/Tst_pirTest/SumSquare_0/log/gentst.log,../gen/Tst_pirTest/SumSquare_0/pir/out/resource.csv,../gen/Tst_pirTest/SumSquare_0/log/maketst.log,../gen/Tst_pirTest/SumSquare_0/log/runp2p.log,../gen/Tst_pirTest/SumSquare_0/log/runhybrid.log,True,,,7.632598489,,18,18,0,1,0,1,36,36,162,162,,,,,,,,,,,,,,,,,,,,,,,0:19.96,237,,True,False,True,,0.0,0.0,0:00.17,,,,False,False,,,,,True
a7afe0f7,874666b5,2019-07-28 21:54:47,SumSquare_1,pirTest,Tst,1000000000.0,../gen/Tst_pirTest/SumSquare_1/log/runproute.log,../gen/Tst_pirTest/SumSquare_1/log/runproute.sh,../gen/Tst_pirTest/SumSquare_1/plastisim/summary.csv,../gen/Tst_pirTest/SumSquare_1/pir/AccelMain.scala,../gen/Tst_pirTest/SumSquare_1/log/,../gen/Tst_pirTest/SumSquare_1/log/gentst.log,../gen/Tst_pirTest/SumSquare_1/pir/out/resource.csv,../gen/Tst_pirTest/SumSquare_1/log/maketst.log,../gen/Tst_pirTest/SumSquare_1/log/runp2p.log,../gen/Tst_pirTest/SumSquare_1/log/runhybrid.log,True,,,7.375305404,,18,18,0,0,0,2,36,36,162,162,,,,,,,,,,,,,,,,,,,,,,,0:25.96,1042,,True,False,True,,0.0,0.0,0:00.27,,,,False,False,,,,,True
a7afe0f7,874666b5,2019-07-28 21:54:47,SumSquare_2,pirTest,Tst,1000000000.0,../gen/Tst_pirTest/SumSquare_2/log/runproute.log,../gen/Tst_pirTest/SumSquare_2/log/runproute.sh,../gen/Tst_pirTest/SumSquare_2/plastisim/summary.csv,../gen/Tst_pirTest/SumSquare_2/pir/AccelMain.scala,../gen/Tst_pirTest/SumSquare_2/log/,../gen/Tst_pirTest/SumSquare_2/log/gentst.log,../gen/Tst_pirTest/SumSquare_2/pir/out/resource.csv,../gen/Tst_pirTest/SumSquare_2/log/maketst.log,../gen/Tst_pirTest/SumSquare_2/log/runp2p.log,../gen/Tst_pirTest/SumSquare_2/log/runhybrid.log,True,,,7.255324744,,18,18,0,1,0,1,36,36,162,162,,,,,,,,,,,,,,,,,,,,,,,0:22.29,370,,True,False,True,,0.0,0.0,0:00.22,,,,False,False,,,,,True
a7afe0f7,874666b5,2019-07-28 21:54:47,SumSquare_3,pirTest,Tst,1000000000.0,../gen/Tst_pirTest/SumSquare_3/log/runproute.log,../gen/Tst_pirTest/SumSquare_3/log/runproute.sh,../gen/Tst_pirTest/SumSquare_3/plastisim/summary.csv,../gen/Tst_pirTest/SumSquare_3/pir/AccelMain.scala,../gen/Tst_pirTest/SumSquare_3/log/,../gen/Tst_pirTest/SumSquare_3/log/gentst.log,../gen/Tst_pirTest/SumSquare_3/pir/out/resource.csv,../gen/Tst_pirTest/SumSquare_3/log/maketst.log,../gen/Tst_pirTest/SumSquare_3/log/runp2p.log,../gen/Tst_pirTest/SumSquare_3/log/runhybrid.log,True,,,7.134498322,,18,18,0,0,0,3,36,36,162,162,,,,,,,,,,,,,,,,,,,,,,,0:23.61,530,,True,False,True,,0.0,0.0,0:00.19,,,,False,False,,,,,True
a7afe0f7,874666b5,2019-07-28 21:54:47,SumSquare_5,pirTest,Tst,1000000000.0,../gen/Tst_pirTest/SumSquare_5/log/runproute.log,../gen/Tst_pirTest/SumSquare_5/log/runproute.sh,../gen/Tst_pirTest/SumSquare_5/plastisim/summary.csv,../gen/Tst_pirTest/SumSquare_5/pir/AccelMain.scala,../gen/Tst_pirTest/SumSquare_5/log/,../gen/Tst_pirTest/SumSquare_5/log/gentst.log,../gen/Tst_pirTest/SumSquare_5/pir/out/resource.csv,../gen/Tst_pirTest/SumSquare_5/log/maketst.log,../gen/Tst_pirTest/SumSquare_5/log/runp2p.log,../gen/Tst_pirTest/SumSquare_5/log/runhybrid.log,True,,,7.918982981,,18,18,0,1,0,2,36,36,162,162,,,,,,,,,,,,,,,,,,,,,,,0:23.56,194,,True,False,True,,0.0,0.0,0:00.23,,,,False,False,,,,,True
a7afe0f7,874666b5,2019-07-28 21:54:47,TPCHQ6_0,pirTest,Tst,1000000000.0,../gen/Tst_pirTest/TPCHQ6_0/log/runproute.log,../gen/Tst_pirTest/TPCHQ6_0/log/runproute.sh,../gen/Tst_pirTest/TPCHQ6_0/plastisim/summary.csv,../gen/Tst_pirTest/TPCHQ6_0/pir/AccelMain.scala,../gen/Tst_pirTest/TPCHQ6_0/log/,../gen/Tst_pirTest/TPCHQ6_0/log/gentst.log,../gen/Tst_pirTest/TPCHQ6_0/pir/out/resource.csv,../gen/Tst_pirTest/TPCHQ6_0/log/maketst.log,../gen/Tst_pirTest/TPCHQ6_0/log/runp2p.log,../gen/Tst_pirTest/TPCHQ6_0/log/runhybrid.log,True,,,14.334752986,,18,18,4,4,4,4,36,36,162,162,,,,,,,,,,,,,,,,,,,,,,,0:35.81,413,,True,False,True,,39.6707,0.0,0:00.25,,,,False,False,,,,,True
a7afe0f7,874666b5,2019-07-28 21:54:47,TPCHQ6_1,pirTest,Tst,1000000000.0,../gen/Tst_pirTest/TPCHQ6_1/log/runproute.log,../gen/Tst_pirTest/TPCHQ6_1/log/runproute.sh,../gen/Tst_pirTest/TPCHQ6_1/plastisim/summary.csv,../gen/Tst_pirTest/TPCHQ6_1/pir/AccelMain.scala,../gen/Tst_pirTest/TPCHQ6_1/log/,../gen/Tst_pirTest/TPCHQ6_1/log/gentst.log,../gen/Tst_pirTest/TPCHQ6_1/pir/out/resource.csv,../gen/Tst_pirTest/TPCHQ6_1/log/maketst.log,../gen/Tst_pirTest/TPCHQ6_1/log/runp2p.log,../gen/Tst_pirTest/TPCHQ6_1/log/runhybrid.log,True,,,13.538035598,,18,18,4,4,4,4,36,36,162,162,,,,,,,,,,,,,,,,,,,,,,,0:27.03,3901,,True,False,True,,4.19995,0.0,0:00.29,,,,False,False,,,,,True
a7afe0f7,874666b5,2019-07-28 21:54:47,TPCHQ6_2,pirTest,Tst,1000000000.0,../gen/Tst_pirTest/TPCHQ6_2/log/runproute.log,../gen/Tst_pirTest/TPCHQ6_2/log/runproute.sh,../gen/Tst_pirTest/TPCHQ6_2/plastisim/summary.csv,../gen/Tst_pirTest/TPCHQ6_2/pir/AccelMain.scala,../gen/Tst_pirTest/TPCHQ6_2/log/,../gen/Tst_pirTest/TPCHQ6_2/log/gentst.log,../gen/Tst_pirTest/TPCHQ6_2/pir/out/resource.csv,../gen/Tst_pirTest/TPCHQ6_2/log/maketst.log,../gen/Tst_pirTest/TPCHQ6_2/log/runp2p.log,../gen/Tst_pirTest/TPCHQ6_2/log/runhybrid.log,True,,,19.971910988,,18,18,8,8,8,7,36,36,162,162,,,,,,,,,,,,,,,,,,,,,,,0:48.85,414,,True,False,True,,39.5749,0.0,0:00.30,,,,False,False,,,,,True
a7afe0f7,874666b5,2019-07-28 21:54:47,TPCHQ6_3,pirTest,Tst,1000000000.0,../gen/Tst_pirTest/TPCHQ6_3/log/runproute.log,../gen/Tst_pirTest/TPCHQ6_3/log/runproute.sh,../gen/Tst_pirTest/TPCHQ6_3/plastisim/summary.csv,../gen/Tst_pirTest/TPCHQ6_3/pir/AccelMain.scala,../gen/Tst_pirTest/TPCHQ6_3/log/,../gen/Tst_pirTest/TPCHQ6_3/log/gentst.log,../gen/Tst_pirTest/TPCHQ6_3/pir/out/resource.csv,../gen/Tst_pirTest/TPCHQ6_3/log/maketst.log,../gen/Tst_pirTest/TPCHQ6_3/log/runp2p.log,../gen/Tst_pirTest/TPCHQ6_3/log/runhybrid.log,True,,,19.688931535,,18,18,8,8,8,7,36,36,162,162,,,,,,,,,,,,,,,,,,,,,,,0:43.78,2038,,True,False,True,,8.03925,0.0,0:00.45,,,,False,False,,,,,True
a7afe0f7,874666b5,2019-07-28 21:54:47,TPCHQ6_4,pirTest,Tst,1000000000.0,../gen/Tst_pirTest/TPCHQ6_4/log/runproute.log,../gen/Tst_pirTest/TPCHQ6_4/log/runproute.sh,../gen/Tst_pirTest/TPCHQ6_4/plastisim/summary.csv,../gen/Tst_pirTest/TPCHQ6_4/pir/AccelMain.scala,../gen/Tst_pirTest/TPCHQ6_4/log/,../gen/Tst_pirTest/TPCHQ6_4/log/gentst.log,../gen/Tst_pirTest/TPCHQ6_4/pir/out/resource.csv,../gen/Tst_pirTest/TPCHQ6_4/log/maketst.log,../gen/Tst_pirTest/TPCHQ6_4/log/runp2p.log,../gen/Tst_pirTest/TPCHQ6_4/log/runhybrid.log,True,,,31.948091111,,18,18,16,16,16,13,36,36,162,162,,,,,,,,,,,,,,,,,,,,,,,1:17.43,411,,True,False,True,,39.8637,0.0,0:00.31,,,,False,False,,,,,True
a7afe0f7,874666b5,2019-07-28 21:54:47,VecTest,pirTest,Tst,1000000000.0,../gen/Tst_pirTest/VecTest/log/runproute.log,../gen/Tst_pirTest/VecTest/log/runproute.sh,../gen/Tst_pirTest/VecTest/plastisim/summary.csv,../gen/Tst_pirTest/VecTest/pir/AccelMain.scala,../gen/Tst_pirTest/VecTest/log/,../gen/Tst_pirTest/VecTest/log/gentst.log,../gen/Tst_pirTest/VecTest/pir/out/resource.csv,../gen/Tst_pirTest/VecTest/log/maketst.log,../gen/Tst_pirTest/VecTest/log/runp2p.log,../gen/Tst_pirTest/VecTest/log/runhybrid.log,True,,,14.478523519,,18,18,2,3,3,8,36,36,162,162,,,,,,,,,,,,,,,,,,,,,,,0:35.90,545,,True,False,True,,0.234862,7.5156,0:00.24,,,,False,False,,,,,True
