sha,time,app,project,backend,freq,runproute,proutesh,prouteSummary,AccelMain,logpath,gentst,maketst,runp2p,runhybrid,genpir,genpir_err,gentst_err,gentst_time,gentst_notFit,gentst_MC,gentst_DAG,gentst_PMU,gentst_PCU,gentst_row,gentst_col,proutesh_algo,proutesh_pattern,proutesh_slink,proutesh_vlink,proutesh_prtime,proutesh_vcLimit,runproute_err,runproute_time,DynHopsVec,DynHopsScal,StatHopsVec,StatHopsScal,Score,NetVC,TotPkts,LinkLim,InjectLim,EjectLim,LongRoute,Q0Pct,Q0Lim,maketst_err,maketst_time,runp2p_cycle,runp2p_err,runp2p_pass,runp2p_deadlock,runp2p_complete,runp2p_dram_power,runp2p_rbw,runp2p_wbw,runp2p_time,runhybrid_cycle,runhybrid_err,runhybrid_pass,runhybrid_deadlock,runhybrid_complete,runhybrid_dram_power,runhybrid_rbw,runhybrid_wbw,runhybrid_time,succeeded
e4c1ac71,2019-07-15 19:44:11,BankEnable_0,pirTest,Tst,1000000000.0,../gen/Tst_pirTest/BankEnable_0/log/runproute.log,../gen/Tst_pirTest/BankEnable_0/log/runproute.sh,../gen/Tst_pirTest/BankEnable_0/plastisim/summary.csv,../gen/Tst_pirTest/BankEnable_0/pir/AccelMain.scala,../gen/Tst_pirTest/BankEnable_0/log/,../gen/Tst_pirTest/BankEnable_0/log/gentst.log,../gen/Tst_pirTest/BankEnable_0/log/maketst.log,../gen/Tst_pirTest/BankEnable_0/log/runp2p.log,../gen/Tst_pirTest/BankEnable_0/log/runhybrid.log,True,,,7.651476392,,,,,,18,18,route_min_directed_valient,checkerboard,4,3,-1,4,,1:32.65,0,0,82,164,4.50,0,105,0.0000,0.0000,0.0000,9,-nan,0.0000,,0:24.19,107,,True,False,True,0.0,0.0,1.196,0:00.22,293,,True,False,True,0.0,0.0,0.437,0:02.69,True
e4c1ac71,2019-07-15 19:44:11,BlackScholes_0,pirTest,Tst,1000000000.0,../gen/Tst_pirTest/BlackScholes_0/log/runproute.log,../gen/Tst_pirTest/BlackScholes_0/log/runproute.sh,../gen/Tst_pirTest/BlackScholes_0/plastisim/summary.csv,../gen/Tst_pirTest/BlackScholes_0/pir/AccelMain.scala,../gen/Tst_pirTest/BlackScholes_0/log/,../gen/Tst_pirTest/BlackScholes_0/log/gentst.log,../gen/Tst_pirTest/BlackScholes_0/log/maketst.log,../gen/Tst_pirTest/BlackScholes_0/log/runp2p.log,../gen/Tst_pirTest/BlackScholes_0/log/runhybrid.log,True,,,24.899192621,,,,,,18,18,route_min_directed_valient,checkerboard,4,3,-1,4,,7:55.03,0,0,1272,20992,6.50,0,8184,0.0000,0.0000,0.0000,13,-nan,0.0000,,1:27.32,2939,,True,False,True,0.0,8.362,1.394,0:01.68,14675,,True,True,True,0.0,1.675,0.179,1:28.77,False
e4c1ac71,2019-07-15 19:44:11,BlackScholes_1,pirTest,Tst,1000000000.0,../gen/Tst_pirTest/BlackScholes_1/log/runproute.log,../gen/Tst_pirTest/BlackScholes_1/log/runproute.sh,../gen/Tst_pirTest/BlackScholes_1/plastisim/summary.csv,../gen/Tst_pirTest/BlackScholes_1/pir/AccelMain.scala,../gen/Tst_pirTest/BlackScholes_1/log/,../gen/Tst_pirTest/BlackScholes_1/log/gentst.log,../gen/Tst_pirTest/BlackScholes_1/log/maketst.log,../gen/Tst_pirTest/BlackScholes_1/log/runp2p.log,../gen/Tst_pirTest/BlackScholes_1/log/runhybrid.log,True,,,21.071796681,,,,,,18,18,route_min_directed_valient,checkerboard,4,3,-1,4,,7:29.74,0,0,385252,0,7.00,0,123128,0.0000,0.0000,0.0000,14,-nan,0.0000,,1:07.16,23054,,True,False,True,0.0,1.066,0.178,0:08.74,15992,,True,True,True,0.0,1.361,0.0,2:22.11,False
e4c1ac71,2019-07-15 19:44:11,BreakTest,pirTest,Tst,1000000000.0,../gen/Tst_pirTest/BreakTest/log/runproute.log,../gen/Tst_pirTest/BreakTest/log/runproute.sh,../gen/Tst_pirTest/BreakTest/plastisim/summary.csv,../gen/Tst_pirTest/BreakTest/pir/AccelMain.scala,../gen/Tst_pirTest/BreakTest/log/,../gen/Tst_pirTest/BreakTest/log/gentst.log,../gen/Tst_pirTest/BreakTest/log/maketst.log,../gen/Tst_pirTest/BreakTest/log/runp2p.log,../gen/Tst_pirTest/BreakTest/log/runhybrid.log,True,,,5.362809096,,,,,,18,18,,,,,,,,,,,,,,,,,,,,,,,0:18.21,,,,False,False,,,,,,,,False,False,,,,,False
e4c1ac71,2019-07-15 19:44:11,BreakTest2,pirTest,Tst,1000000000.0,../gen/Tst_pirTest/BreakTest2/log/runproute.log,../gen/Tst_pirTest/BreakTest2/log/runproute.sh,../gen/Tst_pirTest/BreakTest2/plastisim/summary.csv,../gen/Tst_pirTest/BreakTest2/pir/AccelMain.scala,../gen/Tst_pirTest/BreakTest2/log/,../gen/Tst_pirTest/BreakTest2/log/gentst.log,../gen/Tst_pirTest/BreakTest2/log/maketst.log,../gen/Tst_pirTest/BreakTest2/log/runp2p.log,../gen/Tst_pirTest/BreakTest2/log/runhybrid.log,True,,,6.55784872,,,,,,18,18,route_min_directed_valient,checkerboard,4,3,-1,4,,0:48.68,0,0,1000040,0,1.00,0,1000020,0.0000,0.0000,0.0000,2,-nan,0.0000,,0:21.93,22,,True,False,True,0.0,0.0,0.0,0:00.26,65,,True,False,True,0.0,0.0,0.0,0:00.61,True
e4c1ac71,2019-07-15 19:44:11,BroadcastTest,pirTest,Tst,1000000000.0,../gen/Tst_pirTest/BroadcastTest/log/runproute.log,../gen/Tst_pirTest/BroadcastTest/log/runproute.sh,../gen/Tst_pirTest/BroadcastTest/plastisim/summary.csv,../gen/Tst_pirTest/BroadcastTest/pir/AccelMain.scala,../gen/Tst_pirTest/BroadcastTest/log/,../gen/Tst_pirTest/BroadcastTest/log/gentst.log,../gen/Tst_pirTest/BroadcastTest/log/maketst.log,../gen/Tst_pirTest/BroadcastTest/log/runp2p.log,../gen/Tst_pirTest/BroadcastTest/log/runhybrid.log,True,,,10.189418273,,,,,,18,18,route_min_directed_valient,checkerboard,4,3,-1,4,,2:07.62,0,0,1085,2404,5.00,0,1705,0.0000,0.0000,0.0000,10,-nan,0.0000,,0:25.05,589,,True,False,True,0.0,0.217,6.954,0:00.25,1226,,True,False,True,0.0,0.104,3.341,0:09.83,True
e4c1ac71,2019-07-15 19:44:11,DotProduct_0,pirTest,Tst,1000000000.0,../gen/Tst_pirTest/DotProduct_0/log/runproute.log,../gen/Tst_pirTest/DotProduct_0/log/runproute.sh,../gen/Tst_pirTest/DotProduct_0/plastisim/summary.csv,../gen/Tst_pirTest/DotProduct_0/pir/AccelMain.scala,../gen/Tst_pirTest/DotProduct_0/log/,../gen/Tst_pirTest/DotProduct_0/log/gentst.log,../gen/Tst_pirTest/DotProduct_0/log/maketst.log,../gen/Tst_pirTest/DotProduct_0/log/runp2p.log,../gen/Tst_pirTest/DotProduct_0/log/runhybrid.log,True,,,7.764866729,,,,,,18,18,route_min_directed_valient,checkerboard,4,3,-1,4,,1:39.10,0,0,213,448,5.00,0,419,0.0000,0.0000,0.0000,10,-nan,0.0000,,0:22.68,311,,True,False,True,0.0,26.341,0.0,0:00.25,465,,True,False,True,0.0,17.617,0.0,0:03.55,True
e4c1ac71,2019-07-15 19:44:11,DotProduct_1,pirTest,Tst,1000000000.0,../gen/Tst_pirTest/DotProduct_1/log/runproute.log,../gen/Tst_pirTest/DotProduct_1/log/runproute.sh,../gen/Tst_pirTest/DotProduct_1/plastisim/summary.csv,../gen/Tst_pirTest/DotProduct_1/pir/AccelMain.scala,../gen/Tst_pirTest/DotProduct_1/log/,../gen/Tst_pirTest/DotProduct_1/log/gentst.log,../gen/Tst_pirTest/DotProduct_1/log/maketst.log,../gen/Tst_pirTest/DotProduct_1/log/runp2p.log,../gen/Tst_pirTest/DotProduct_1/log/runhybrid.log,True,,,7.678456824,,,,,,18,18,route_min_directed_valient,checkerboard,4,3,-1,4,,1:46.77,0,0,7319,0,5.00,0,4259,0.0000,0.0000,0.0000,10,-nan,0.0000,,0:21.61,1136,,True,False,True,0.0,7.211,0.0,0:00.27,3246,,True,False,True,0.0,2.524,0.0,0:15.26,True
e4c1ac71,2019-07-15 19:44:11,DotProduct_2,pirTest,Tst,1000000000.0,../gen/Tst_pirTest/DotProduct_2/log/runproute.log,../gen/Tst_pirTest/DotProduct_2/log/runproute.sh,../gen/Tst_pirTest/DotProduct_2/plastisim/summary.csv,../gen/Tst_pirTest/DotProduct_2/pir/AccelMain.scala,../gen/Tst_pirTest/DotProduct_2/log/,../gen/Tst_pirTest/DotProduct_2/log/gentst.log,../gen/Tst_pirTest/DotProduct_2/log/maketst.log,../gen/Tst_pirTest/DotProduct_2/log/runp2p.log,../gen/Tst_pirTest/DotProduct_2/log/runhybrid.log,True,,,13.795568095,,,,,,18,18,route_min_directed_valient,checkerboard,4,3,-1,4,,2:05.44,0,0,17516,0,5.50,0,4261,0.0000,0.0000,0.0000,11,-nan,0.0000,,0:28.68,624,,True,False,True,0.0,13.128,0.0,0:00.24,1774,,True,False,True,0.0,4.618,0.0,0:10.38,True
e4c1ac71,2019-07-15 19:44:11,DotProduct_3,pirTest,Tst,1000000000.0,../gen/Tst_pirTest/DotProduct_3/log/runproute.log,../gen/Tst_pirTest/DotProduct_3/log/runproute.sh,../gen/Tst_pirTest/DotProduct_3/plastisim/summary.csv,../gen/Tst_pirTest/DotProduct_3/pir/AccelMain.scala,../gen/Tst_pirTest/DotProduct_3/log/,../gen/Tst_pirTest/DotProduct_3/log/gentst.log,../gen/Tst_pirTest/DotProduct_3/log/maketst.log,../gen/Tst_pirTest/DotProduct_3/log/runp2p.log,../gen/Tst_pirTest/DotProduct_3/log/runhybrid.log,True,,,13.326429385,,,,,,18,18,route_min_directed_valient,checkerboard,4,3,-1,4,,2:08.28,0,0,168,1280,5.50,0,421,0.0000,0.0000,0.0000,11,-nan,0.0000,,0:33.35,244,,True,False,True,0.0,33.574,0.0,0:00.28,413,,True,False,True,0.0,19.835,0.0,0:02.59,True
e4c1ac71,2019-07-15 19:44:11,DotProduct_4,pirTest,Tst,1000000000.0,../gen/Tst_pirTest/DotProduct_4/log/runproute.log,../gen/Tst_pirTest/DotProduct_4/log/runproute.sh,../gen/Tst_pirTest/DotProduct_4/plastisim/summary.csv,../gen/Tst_pirTest/DotProduct_4/pir/AccelMain.scala,../gen/Tst_pirTest/DotProduct_4/log/,../gen/Tst_pirTest/DotProduct_4/log/gentst.log,../gen/Tst_pirTest/DotProduct_4/log/maketst.log,../gen/Tst_pirTest/DotProduct_4/log/runp2p.log,../gen/Tst_pirTest/DotProduct_4/log/runhybrid.log,True,,,32.715473157,,,,,,18,18,route_min_directed_valient,checkerboard,4,3,-1,4,,10:11.26,80,0,370,1400,352.43,3,457,0.3750,0.8750,0.1250,17,42.86,0.1250,,1:02.77,253,,True,False,True,0.0,32.379,0.0,0:00.36,527,,True,False,True,0.0,15.545,0.0,0:04.76,True
e4c1ac71,2019-07-15 19:44:11,DotProduct_5,pirTest,Tst,1000000000.0,../gen/Tst_pirTest/DotProduct_5/log/runproute.log,../gen/Tst_pirTest/DotProduct_5/log/runproute.sh,../gen/Tst_pirTest/DotProduct_5/plastisim/summary.csv,../gen/Tst_pirTest/DotProduct_5/pir/AccelMain.scala,../gen/Tst_pirTest/DotProduct_5/log/,../gen/Tst_pirTest/DotProduct_5/log/gentst.log,../gen/Tst_pirTest/DotProduct_5/log/maketst.log,../gen/Tst_pirTest/DotProduct_5/log/runp2p.log,../gen/Tst_pirTest/DotProduct_5/log/runhybrid.log,True,,,13.505411814,,,,,,18,18,route_min_directed_valient,checkerboard,4,3,-1,4,,2:46.27,0,0,269,682,6.00,0,436,0.0000,0.0000,0.0000,12,-nan,0.0000,,0:31.02,275,,True,False,True,0.0,30.72,0.0,0:00.33,448,,True,False,True,0.0,18.857,0.0,0:03.73,True
e4c1ac71,2019-07-15 19:44:11,GDA_0,pirTest,Tst,1000000000.0,../gen/Tst_pirTest/GDA_0/log/runproute.log,../gen/Tst_pirTest/GDA_0/log/runproute.sh,../gen/Tst_pirTest/GDA_0/plastisim/summary.csv,../gen/Tst_pirTest/GDA_0/pir/AccelMain.scala,../gen/Tst_pirTest/GDA_0/log/,../gen/Tst_pirTest/GDA_0/log/gentst.log,../gen/Tst_pirTest/GDA_0/log/maketst.log,../gen/Tst_pirTest/GDA_0/log/runp2p.log,../gen/Tst_pirTest/GDA_0/log/runhybrid.log,True,,,14.548208038,,,,,,18,18,route_min_directed_valient,checkerboard,4,3,-1,4,,2:46.52,0,0,1975,3463280,5.50,0,1861550,0.0000,0.0000,0.0000,11,-nan,0.0000,,0:41.90,274356,,True,False,True,1.696,0.485,0.239,0:48.34,773920,"Assertion fail:
",True,True,False,1.544,0.172,0.0,50:01.04,False
e4c1ac71,2019-07-15 19:44:11,GDA_1,pirTest,Tst,1000000000.0,../gen/Tst_pirTest/GDA_1/log/runproute.log,../gen/Tst_pirTest/GDA_1/log/runproute.sh,../gen/Tst_pirTest/GDA_1/plastisim/summary.csv,../gen/Tst_pirTest/GDA_1/pir/AccelMain.scala,../gen/Tst_pirTest/GDA_1/log/,../gen/Tst_pirTest/GDA_1/log/gentst.log,../gen/Tst_pirTest/GDA_1/log/maketst.log,../gen/Tst_pirTest/GDA_1/log/runp2p.log,../gen/Tst_pirTest/GDA_1/log/runhybrid.log,True,,,15.382401593,,,,,,18,18,route_min_directed_valient,checkerboard,4,3,-1,4,,2:47.51,0,0,343,56732,5.50,0,30518,0.0000,0.0000,0.0000,11,-nan,0.0000,,0:38.82,5996,,True,False,True,0.0,1.452,0.683,0:01.17,24602,"Assertion fail:
",True,True,False,0.0,0.354,0.008,3:10.82,False
e4c1ac71,2019-07-15 19:44:11,GDA_14,pirTest,Tst,1000000000.0,../gen/Tst_pirTest/GDA_14/log/runproute.log,../gen/Tst_pirTest/GDA_14/log/runproute.sh,../gen/Tst_pirTest/GDA_14/plastisim/summary.csv,../gen/Tst_pirTest/GDA_14/pir/AccelMain.scala,../gen/Tst_pirTest/GDA_14/log/,../gen/Tst_pirTest/GDA_14/log/gentst.log,../gen/Tst_pirTest/GDA_14/log/maketst.log,../gen/Tst_pirTest/GDA_14/log/runp2p.log,../gen/Tst_pirTest/GDA_14/log/runhybrid.log,True,,,34.641831264,,,,,,18,18,route_min_directed_valient,checkerboard,4,3,-1,4,,4:51.02,0,0,539073,7974192,6.00,0,4772782,0.0000,0.0000,0.0000,12,-nan,0.0000,,1:16.15,399522,,True,False,True,1.618,0.333,0.164,3:04.35,665870,"Assertion fail:
",True,True,False,1.545,0.2,0.002,44:45.06,False
e4c1ac71,2019-07-15 19:44:11,GDA_2,pirTest,Tst,1000000000.0,../gen/Tst_pirTest/GDA_2/log/runproute.log,../gen/Tst_pirTest/GDA_2/log/runproute.sh,../gen/Tst_pirTest/GDA_2/plastisim/summary.csv,../gen/Tst_pirTest/GDA_2/pir/AccelMain.scala,../gen/Tst_pirTest/GDA_2/log/,../gen/Tst_pirTest/GDA_2/log/gentst.log,../gen/Tst_pirTest/GDA_2/log/maketst.log,../gen/Tst_pirTest/GDA_2/log/runp2p.log,../gen/Tst_pirTest/GDA_2/log/runhybrid.log,True,,,25.147980923,,,,,,18,18,route_min_directed_valient,checkerboard,4,3,-1,4,,3:45.71,0,0,959,33056,6.00,0,26102,0.0000,0.0000,0.0000,12,-nan,0.0000,,0:52.21,3292,,True,False,True,0.0,2.644,1.244,0:01.10,17827,"Assertion fail:
",True,True,False,0.0,0.488,0.011,1:38.01,False
e4c1ac71,2019-07-15 19:44:11,GDA_3,pirTest,Tst,1000000000.0,../gen/Tst_pirTest/GDA_3/log/runproute.log,../gen/Tst_pirTest/GDA_3/log/runproute.sh,../gen/Tst_pirTest/GDA_3/plastisim/summary.csv,../gen/Tst_pirTest/GDA_3/pir/AccelMain.scala,../gen/Tst_pirTest/GDA_3/log/,../gen/Tst_pirTest/GDA_3/log/gentst.log,../gen/Tst_pirTest/GDA_3/log/maketst.log,../gen/Tst_pirTest/GDA_3/log/runp2p.log,../gen/Tst_pirTest/GDA_3/log/runhybrid.log,True,,,20.734935004,,,,,,18,18,route_min_directed_valient,checkerboard,4,3,-1,4,,3:05.39,0,0,8385,126748,6.00,0,77622,0.0000,0.0000,0.0000,12,-nan,0.0000,,0:52.80,13651,,True,False,True,0.0,0.638,0.3,0:03.47,30584,"Assertion fail:
",True,True,False,0.0,0.285,0.025,4:00.47,False
e4c1ac71,2019-07-15 19:44:11,GDA_4,pirTest,Tst,1000000000.0,../gen/Tst_pirTest/GDA_4/log/runproute.log,../gen/Tst_pirTest/GDA_4/log/runproute.sh,../gen/Tst_pirTest/GDA_4/plastisim/summary.csv,../gen/Tst_pirTest/GDA_4/pir/AccelMain.scala,../gen/Tst_pirTest/GDA_4/log/,../gen/Tst_pirTest/GDA_4/log/gentst.log,../gen/Tst_pirTest/GDA_4/log/maketst.log,../gen/Tst_pirTest/GDA_4/log/runp2p.log,../gen/Tst_pirTest/GDA_4/log/runhybrid.log,True,,,38.067469906,,,,,,18,18,route_min_directed_valient,checkerboard,4,3,-1,4,,4:48.69,0,0,17343,142480,6.00,0,85366,0.0000,0.0000,0.0000,12,-nan,0.0000,,1:16.06,7036,,True,False,True,0.0,1.237,0.582,0:03.49,21280,"Assertion fail:
",True,True,False,0.0,0.409,0.048,2:49.00,False
e4c1ac71,2019-07-15 19:44:11,GDA_5,pirTest,Tst,1000000000.0,../gen/Tst_pirTest/GDA_5/log/runproute.log,../gen/Tst_pirTest/GDA_5/log/runproute.sh,../gen/Tst_pirTest/GDA_5/plastisim/summary.csv,../gen/Tst_pirTest/GDA_5/pir/AccelMain.scala,../gen/Tst_pirTest/GDA_5/log/,../gen/Tst_pirTest/GDA_5/log/gentst.log,../gen/Tst_pirTest/GDA_5/log/maketst.log,../gen/Tst_pirTest/GDA_5/log/runp2p.log,../gen/Tst_pirTest/GDA_5/log/runhybrid.log,True,,,20.620882172,,,,,,18,18,route_min_directed_valient,checkerboard,4,3,-1,4,,2:56.63,0,0,24799,197412,6.00,0,122238,0.0000,0.0000,0.0000,12,-nan,0.0000,,0:46.41,26354,,True,False,True,0.0,0.33,0.155,0:04.82,62065,"Assertion fail:
",True,True,False,0.0,0.14,0.006,6:45.77,False
e4c1ac71,2019-07-15 19:44:11,GDA_6,pirTest,Tst,1000000000.0,../gen/Tst_pirTest/GDA_6/log/runproute.log,../gen/Tst_pirTest/GDA_6/log/runproute.sh,../gen/Tst_pirTest/GDA_6/plastisim/summary.csv,../gen/Tst_pirTest/GDA_6/pir/AccelMain.scala,../gen/Tst_pirTest/GDA_6/log/,../gen/Tst_pirTest/GDA_6/log/gentst.log,../gen/Tst_pirTest/GDA_6/log/maketst.log,../gen/Tst_pirTest/GDA_6/log/runp2p.log,../gen/Tst_pirTest/GDA_6/log/runhybrid.log,True,,,31.948793565,,,,,,18,18,route_min_directed_valient,checkerboard,4,3,-1,4,,6:46.00,0,0,3737516,26345600,6.50,0,12740526,0.0000,0.0000,0.0000,13,-nan,0.0000,,1:20.15,794815,,True,False,True,1.497,0.167,0.082,6:19.93,15279,"Assertion fail:
",True,True,False,0.0,8.713,0.0,2:19.14,False
e4c1ac71,2019-07-15 19:44:11,GEMM_0,pirTest,Tst,1000000000.0,../gen/Tst_pirTest/GEMM_0/log/runproute.log,../gen/Tst_pirTest/GEMM_0/log/runproute.sh,../gen/Tst_pirTest/GEMM_0/plastisim/summary.csv,../gen/Tst_pirTest/GEMM_0/pir/AccelMain.scala,../gen/Tst_pirTest/GEMM_0/log/,../gen/Tst_pirTest/GEMM_0/log/gentst.log,../gen/Tst_pirTest/GEMM_0/log/maketst.log,../gen/Tst_pirTest/GEMM_0/log/runp2p.log,../gen/Tst_pirTest/GEMM_0/log/runhybrid.log,True,,,16.562363318,,,,,,18,18,route_min_directed_valient,checkerboard,4,3,-1,4,,2:31.63,0,0,630824,2144256,5.50,0,424196,0.0000,0.0000,0.0000,11,-nan,0.0000,,0:34.71,132602,,True,False,True,4.07,1.977,0.494,0:16.16,267786,"Assertion fail:
",True,True,False,2.413,0.878,0.001,25:45.39,False
e4c1ac71,2019-07-15 19:44:11,GEMM_1,pirTest,Tst,1000000000.0,../gen/Tst_pirTest/GEMM_1/log/runproute.log,../gen/Tst_pirTest/GEMM_1/log/runproute.sh,../gen/Tst_pirTest/GEMM_1/plastisim/summary.csv,../gen/Tst_pirTest/GEMM_1/pir/AccelMain.scala,../gen/Tst_pirTest/GEMM_1/log/,../gen/Tst_pirTest/GEMM_1/log/gentst.log,../gen/Tst_pirTest/GEMM_1/log/maketst.log,../gen/Tst_pirTest/GEMM_1/log/runp2p.log,../gen/Tst_pirTest/GEMM_1/log/runhybrid.log,True,,,14.063328164,,,,,,18,18,route_min_directed_valient,checkerboard,4,3,-1,4,,2:11.79,0,0,1815459,0,5.00,0,595588,0.0000,0.0000,0.0000,10,-nan,0.0000,,0:30.10,265438,,True,False,True,1.819,0.247,0.062,0:21.18,506286,"Assertion fail:
",True,True,False,1.633,0.118,0.0,39:12.48,False
e4c1ac71,2019-07-15 19:44:11,GEMM_10,pirTest,Tst,1000000000.0,../gen/Tst_pirTest/GEMM_10/log/runproute.log,../gen/Tst_pirTest/GEMM_10/log/runproute.sh,../gen/Tst_pirTest/GEMM_10/plastisim/summary.csv,../gen/Tst_pirTest/GEMM_10/pir/AccelMain.scala,../gen/Tst_pirTest/GEMM_10/log/,../gen/Tst_pirTest/GEMM_10/log/gentst.log,../gen/Tst_pirTest/GEMM_10/log/maketst.log,../gen/Tst_pirTest/GEMM_10/log/runp2p.log,../gen/Tst_pirTest/GEMM_10/log/runhybrid.log,True,,,24.708713569,,,,,,18,18,route_min_directed_valient,checkerboard,4,3,-1,4,,3:37.37,0,0,159727,91136,5.50,0,116037,0.0000,0.0000,0.0000,11,-nan,0.0000,,0:41.96,9634,,True,False,True,0.0,1.701,0.425,0:02.36,33380,"Assertion fail:
",True,True,False,0.0,0.491,0.0,4:15.84,False
e4c1ac71,2019-07-15 19:44:11,GEMM_11,pirTest,Tst,1000000000.0,../gen/Tst_pirTest/GEMM_11/log/runproute.log,../gen/Tst_pirTest/GEMM_11/log/runproute.sh,../gen/Tst_pirTest/GEMM_11/plastisim/summary.csv,../gen/Tst_pirTest/GEMM_11/pir/AccelMain.scala,../gen/Tst_pirTest/GEMM_11/log/,../gen/Tst_pirTest/GEMM_11/log/gentst.log,../gen/Tst_pirTest/GEMM_11/log/maketst.log,../gen/Tst_pirTest/GEMM_11/log/runp2p.log,../gen/Tst_pirTest/GEMM_11/log/runhybrid.log,True,,,26.022807741,,,,,,18,18,route_min_directed_valient,checkerboard,4,3,-1,4,,3:53.69,0,0,246732,16384,6.50,0,86856,0.0000,0.0000,0.0000,13,-nan,0.0000,,0:41.39,9895,,True,False,True,0.0,1.656,0.414,0:02.54,30124,"Assertion fail:
",True,True,False,0.0,0.544,0.0,3:38.34,False
e4c1ac71,2019-07-15 19:44:11,GEMM_12,pirTest,Tst,1000000000.0,../gen/Tst_pirTest/GEMM_12/log/runproute.log,../gen/Tst_pirTest/GEMM_12/log/runproute.sh,../gen/Tst_pirTest/GEMM_12/plastisim/summary.csv,../gen/Tst_pirTest/GEMM_12/pir/AccelMain.scala,../gen/Tst_pirTest/GEMM_12/log/,../gen/Tst_pirTest/GEMM_12/log/gentst.log,../gen/Tst_pirTest/GEMM_12/log/maketst.log,../gen/Tst_pirTest/GEMM_12/log/runp2p.log,../gen/Tst_pirTest/GEMM_12/log/runhybrid.log,True,,,26.675234643,,,,,,18,18,route_min_directed_valient,checkerboard,4,3,-1,4,,4:04.48,0,0,136181,104448,5.50,0,111430,0.0000,0.0000,0.0000,11,-nan,0.0000,,0:38.20,9900,,True,False,True,0.0,1.655,0.414,0:02.71,40679,"Assertion fail:
",True,True,False,0.0,0.403,0.002,3:26.19,False
e4c1ac71,2019-07-15 19:44:11,GEMM_13,pirTest,Tst,1000000000.0,../gen/Tst_pirTest/GEMM_13/log/runproute.log,../gen/Tst_pirTest/GEMM_13/log/runproute.sh,../gen/Tst_pirTest/GEMM_13/plastisim/summary.csv,../gen/Tst_pirTest/GEMM_13/pir/AccelMain.scala,../gen/Tst_pirTest/GEMM_13/log/,../gen/Tst_pirTest/GEMM_13/log/gentst.log,../gen/Tst_pirTest/GEMM_13/log/maketst.log,../gen/Tst_pirTest/GEMM_13/log/runp2p.log,../gen/Tst_pirTest/GEMM_13/log/runhybrid.log,True,,,35.282090743,,,,,,18,18,route_min_directed_valient,checkerboard,4,3,-1,4,,6:29.18,31,0,203239,0,7.62,1,83792,0.0001,0.0004,0.0001,15,100.00,0.0000,,0:59.59,9119,,True,False,True,0.0,1.797,0.449,0:03.68,33010,"Assertion fail:
",True,True,False,0.0,0.496,0.0,3:52.59,False
e4c1ac71,2019-07-15 19:44:11,GEMM_14,pirTest,Tst,1000000000.0,../gen/Tst_pirTest/GEMM_14/log/runproute.log,../gen/Tst_pirTest/GEMM_14/log/runproute.sh,../gen/Tst_pirTest/GEMM_14/plastisim/summary.csv,../gen/Tst_pirTest/GEMM_14/pir/AccelMain.scala,../gen/Tst_pirTest/GEMM_14/log/,../gen/Tst_pirTest/GEMM_14/log/gentst.log,../gen/Tst_pirTest/GEMM_14/log/maketst.log,../gen/Tst_pirTest/GEMM_14/log/runp2p.log,../gen/Tst_pirTest/GEMM_14/log/runhybrid.log,True,,,38.715952363,,,,,,18,18,route_min_directed_valient,checkerboard,4,3,-1,4,,5:05.56,9,0,216536,0,7.06,1,78668,0.0001,0.0001,0.0001,14,100.00,0.0000,,0:47.57,9379,,True,False,True,0.0,1.747,0.437,0:02.95,35881,"Assertion fail:
",True,True,False,0.0,0.457,0.0,3:18.40,False
e4c1ac71,2019-07-15 19:44:11,GEMM_15,pirTest,Tst,1000000000.0,../gen/Tst_pirTest/GEMM_15/log/runproute.log,../gen/Tst_pirTest/GEMM_15/log/runproute.sh,../gen/Tst_pirTest/GEMM_15/plastisim/summary.csv,../gen/Tst_pirTest/GEMM_15/pir/AccelMain.scala,../gen/Tst_pirTest/GEMM_15/log/,../gen/Tst_pirTest/GEMM_15/log/gentst.log,../gen/Tst_pirTest/GEMM_15/log/maketst.log,../gen/Tst_pirTest/GEMM_15/log/runp2p.log,../gen/Tst_pirTest/GEMM_15/log/runhybrid.log,True,,,43.512337774,,,,,,18,18,route_min_directed_valient,checkerboard,4,3,-1,4,,5:42.59,0,0,147863,109568,6.00,0,110920,0.0000,0.0000,0.0000,12,-nan,0.0000,,1:03.94,6394,,True,False,True,0.0,2.562,0.641,0:03.41,24435,"Assertion fail:
",True,True,False,0.0,0.671,0.003,2:53.22,False
e4c1ac71,2019-07-15 19:44:11,GEMM_16,pirTest,Tst,1000000000.0,../gen/Tst_pirTest/GEMM_16/log/runproute.log,../gen/Tst_pirTest/GEMM_16/log/runproute.sh,../gen/Tst_pirTest/GEMM_16/plastisim/summary.csv,../gen/Tst_pirTest/GEMM_16/pir/AccelMain.scala,../gen/Tst_pirTest/GEMM_16/log/,../gen/Tst_pirTest/GEMM_16/log/gentst.log,../gen/Tst_pirTest/GEMM_16/log/maketst.log,../gen/Tst_pirTest/GEMM_16/log/runp2p.log,../gen/Tst_pirTest/GEMM_16/log/runhybrid.log,True,,,59.41715568,,,,,,18,18,route_min_directed_valient,checkerboard,4,3,-1,4,,17:04.35,136,0,456748,0,11.48,4,78680,0.0010,0.0027,0.0002,21,33.33,0.0002,,1:30.42,5027,,True,False,True,0.0,3.259,0.815,0:03.31,23795,"Assertion fail:
",True,True,False,0.0,0.689,0.0,4:18.31,False
e4c1ac71,2019-07-15 19:44:11,GEMM_17,pirTest,Tst,1000000000.0,../gen/Tst_pirTest/GEMM_17/log/runproute.log,../gen/Tst_pirTest/GEMM_17/log/runproute.sh,../gen/Tst_pirTest/GEMM_17/plastisim/summary.csv,../gen/Tst_pirTest/GEMM_17/pir/AccelMain.scala,../gen/Tst_pirTest/GEMM_17/log/,../gen/Tst_pirTest/GEMM_17/log/gentst.log,../gen/Tst_pirTest/GEMM_17/log/maketst.log,../gen/Tst_pirTest/GEMM_17/log/runp2p.log,../gen/Tst_pirTest/GEMM_17/log/runhybrid.log,True,,,52.775519095,,,,,,18,18,route_min_directed_valient,checkerboard,4,3,-1,4,,15:58.78,0,0,335054,658688,12.00,0,163464,0.0000,0.0000,0.0000,24,-nan,0.0000,,1:39.27,5905,,True,False,True,0.0,11.098,2.775,0:04.83,28178,"Assertion fail:
",True,True,False,0.0,2.326,0.007,2:13.14,False
e4c1ac71,2019-07-15 19:44:11,GEMM_18,pirTest,Tst,1000000000.0,../gen/Tst_pirTest/GEMM_18/log/runproute.log,../gen/Tst_pirTest/GEMM_18/log/runproute.sh,../gen/Tst_pirTest/GEMM_18/plastisim/summary.csv,../gen/Tst_pirTest/GEMM_18/pir/AccelMain.scala,../gen/Tst_pirTest/GEMM_18/log/,../gen/Tst_pirTest/GEMM_18/log/gentst.log,../gen/Tst_pirTest/GEMM_18/log/maketst.log,../gen/Tst_pirTest/GEMM_18/log/runp2p.log,../gen/Tst_pirTest/GEMM_18/log/runhybrid.log,True,,,59.828425644,,,,,,18,18,route_min_directed_valient,checkerboard,4,3,-1,4,,28:48.95,190,0,125200,275968,14.96,4,72664,0.0020,0.0054,0.0005,26,27.27,0.0005,,2:19.73,3192,,True,False,True,0.0,20.531,5.133,0:03.24,17611,"Assertion fail:
",True,True,False,0.0,3.721,0.185,2:39.19,False
e4c1ac71,2019-07-15 19:44:11,GEMM_19,pirTest,Tst,1000000000.0,../gen/Tst_pirTest/GEMM_19/log/runproute.log,../gen/Tst_pirTest/GEMM_19/log/runproute.sh,../gen/Tst_pirTest/GEMM_19/plastisim/summary.csv,../gen/Tst_pirTest/GEMM_19/pir/AccelMain.scala,../gen/Tst_pirTest/GEMM_19/log/,../gen/Tst_pirTest/GEMM_19/log/gentst.log,../gen/Tst_pirTest/GEMM_19/log/maketst.log,../gen/Tst_pirTest/GEMM_19/log/runp2p.log,../gen/Tst_pirTest/GEMM_19/log/runhybrid.log,True,,,25.07511213,,,,,,18,18,,,,,,,,,,,,,,,,,,,,,,,0:47.53,,"Assertion fail:
",True,False,False,0.0,9.091,0.0,0:02.29,,,,False,False,,,,,False
e4c1ac71,2019-07-15 19:44:11,GEMM_2,pirTest,Tst,1000000000.0,../gen/Tst_pirTest/GEMM_2/log/runproute.log,../gen/Tst_pirTest/GEMM_2/log/runproute.sh,../gen/Tst_pirTest/GEMM_2/plastisim/summary.csv,../gen/Tst_pirTest/GEMM_2/pir/AccelMain.scala,../gen/Tst_pirTest/GEMM_2/log/,../gen/Tst_pirTest/GEMM_2/log/gentst.log,../gen/Tst_pirTest/GEMM_2/log/maketst.log,../gen/Tst_pirTest/GEMM_2/log/runp2p.log,../gen/Tst_pirTest/GEMM_2/log/runhybrid.log,True,,,27.298573158,,,,,,18,18,route_min_directed_valient,checkerboard,4,3,-1,4,,3:21.16,0,0,153896,2279424,5.50,0,1089796,0.0000,0.0000,0.0000,11,-nan,0.0000,,0:40.21,67086,,True,False,True,0.0,3.908,0.977,0:15.24,139808,"Assertion fail:
",True,True,False,3.326,1.675,0.011,14:22.39,False
e4c1ac71,2019-07-15 19:44:11,GEMM_3,pirTest,Tst,1000000000.0,../gen/Tst_pirTest/GEMM_3/log/runproute.log,../gen/Tst_pirTest/GEMM_3/log/runproute.sh,../gen/Tst_pirTest/GEMM_3/plastisim/summary.csv,../gen/Tst_pirTest/GEMM_3/pir/AccelMain.scala,../gen/Tst_pirTest/GEMM_3/log/,../gen/Tst_pirTest/GEMM_3/log/gentst.log,../gen/Tst_pirTest/GEMM_3/log/maketst.log,../gen/Tst_pirTest/GEMM_3/log/runp2p.log,../gen/Tst_pirTest/GEMM_3/log/runhybrid.log,True,,,25.79084278,,,,,,18,18,route_min_directed_valient,checkerboard,4,3,-1,4,,3:57.60,0,0,369472,1580032,6.00,0,419078,0.0000,0.0000,0.0000,12,-nan,0.0000,,0:40.82,69910,,True,False,True,0.0,3.75,0.937,0:13.35,142447,"Assertion fail:
",True,True,False,3.083,1.678,0.001,14:34.75,False
e4c1ac71,2019-07-15 19:44:11,GEMM_4,pirTest,Tst,1000000000.0,../gen/Tst_pirTest/GEMM_4/log/runproute.log,../gen/Tst_pirTest/GEMM_4/log/runproute.sh,../gen/Tst_pirTest/GEMM_4/plastisim/summary.csv,../gen/Tst_pirTest/GEMM_4/pir/AccelMain.scala,../gen/Tst_pirTest/GEMM_4/log/,../gen/Tst_pirTest/GEMM_4/log/gentst.log,../gen/Tst_pirTest/GEMM_4/log/maketst.log,../gen/Tst_pirTest/GEMM_4/log/runp2p.log,../gen/Tst_pirTest/GEMM_4/log/runhybrid.log,True,,,19.488986975,,,,,,18,18,route_min_directed_valient,checkerboard,4,3,-1,4,,3:31.41,0,0,438326,1556480,6.00,0,526597,0.0000,0.0000,0.0000,12,-nan,0.0000,,0:37.03,75302,,True,False,True,0.0,3.481,0.87,0:14.35,139873,"Assertion fail:
",True,True,False,2.982,1.718,0.001,14:56.77,False
e4c1ac71,2019-07-15 19:44:11,GEMM_6,pirTest,Tst,1000000000.0,../gen/Tst_pirTest/GEMM_6/log/runproute.log,../gen/Tst_pirTest/GEMM_6/log/runproute.sh,../gen/Tst_pirTest/GEMM_6/plastisim/summary.csv,../gen/Tst_pirTest/GEMM_6/pir/AccelMain.scala,../gen/Tst_pirTest/GEMM_6/log/,../gen/Tst_pirTest/GEMM_6/log/gentst.log,../gen/Tst_pirTest/GEMM_6/log/maketst.log,../gen/Tst_pirTest/GEMM_6/log/runp2p.log,../gen/Tst_pirTest/GEMM_6/log/runhybrid.log,True,,,64.648565807,,,,,,18,18,route_min_directed_valient,checkerboard,4,3,-1,4,,20:21.42,0,0,1068148,5399552,11.00,0,1021192,0.0000,0.0000,0.0000,22,-nan,0.0000,,1:24.71,40785,,True,False,True,0.0,6.427,1.607,0:31.14,120777,"Assertion fail:
",True,True,False,0.0,2.163,0.006,18:21.57,False
e4c1ac71,2019-07-15 19:44:11,GEMM_7,pirTest,Tst,1000000000.0,../gen/Tst_pirTest/GEMM_7/log/runproute.log,../gen/Tst_pirTest/GEMM_7/log/runproute.sh,../gen/Tst_pirTest/GEMM_7/plastisim/summary.csv,../gen/Tst_pirTest/GEMM_7/pir/AccelMain.scala,../gen/Tst_pirTest/GEMM_7/log/,../gen/Tst_pirTest/GEMM_7/log/gentst.log,../gen/Tst_pirTest/GEMM_7/log/maketst.log,../gen/Tst_pirTest/GEMM_7/log/runp2p.log,../gen/Tst_pirTest/GEMM_7/log/runhybrid.log,True,,,18.570542682,,,,,,18,18,route_min_directed_valient,checkerboard,4,3,-1,4,,2:23.63,0,0,100448,61440,5.50,0,116548,0.0000,0.0000,0.0000,11,-nan,0.0000,,0:32.61,17319,,True,False,True,0.0,0.946,0.237,0:02.31,44005,"Assertion fail:
",True,True,False,0.0,0.372,0.001,5:26.04,False
e4c1ac71,2019-07-15 19:44:11,GEMM_8,pirTest,Tst,1000000000.0,../gen/Tst_pirTest/GEMM_8/log/runproute.log,../gen/Tst_pirTest/GEMM_8/log/runproute.sh,../gen/Tst_pirTest/GEMM_8/plastisim/summary.csv,../gen/Tst_pirTest/GEMM_8/pir/AccelMain.scala,../gen/Tst_pirTest/GEMM_8/log/,../gen/Tst_pirTest/GEMM_8/log/gentst.log,../gen/Tst_pirTest/GEMM_8/log/maketst.log,../gen/Tst_pirTest/GEMM_8/log/runp2p.log,../gen/Tst_pirTest/GEMM_8/log/runhybrid.log,True,,,20.364991056,,,,,,18,18,route_min_directed_valient,checkerboard,4,3,-1,4,,3:00.52,0,0,10472,32256,5.50,0,24516,0.0000,0.0000,0.0000,11,-nan,0.0000,,0:43.42,2357,,True,False,True,0.0,6.951,1.738,0:00.72,16430,"Assertion fail:
",True,True,False,0.0,0.997,0.055,1:18.24,False
e4c1ac71,2019-07-15 19:44:11,GEMM_9,pirTest,Tst,1000000000.0,../gen/Tst_pirTest/GEMM_9/log/runproute.log,../gen/Tst_pirTest/GEMM_9/log/runproute.sh,../gen/Tst_pirTest/GEMM_9/plastisim/summary.csv,../gen/Tst_pirTest/GEMM_9/pir/AccelMain.scala,../gen/Tst_pirTest/GEMM_9/log/,../gen/Tst_pirTest/GEMM_9/log/gentst.log,../gen/Tst_pirTest/GEMM_9/log/maketst.log,../gen/Tst_pirTest/GEMM_9/log/runp2p.log,../gen/Tst_pirTest/GEMM_9/log/runhybrid.log,True,,,21.664096529,,,,,,18,18,route_min_directed_valient,checkerboard,4,3,-1,4,,3:21.38,0,0,109227,272896,6.00,0,158596,0.0000,0.0000,0.0000,12,-nan,0.0000,,0:42.58,8785,,True,False,True,0.0,7.46,1.865,0:02.13,34476,"Assertion fail:
",True,True,False,0.0,1.901,0.043,3:45.04,False
e4c1ac71,2019-07-15 19:44:11,Kmeans_0,pirTest,Tst,1000000000.0,../gen/Tst_pirTest/Kmeans_0/log/runproute.log,../gen/Tst_pirTest/Kmeans_0/log/runproute.sh,../gen/Tst_pirTest/Kmeans_0/plastisim/summary.csv,../gen/Tst_pirTest/Kmeans_0/pir/AccelMain.scala,../gen/Tst_pirTest/Kmeans_0/log/,../gen/Tst_pirTest/Kmeans_0/log/gentst.log,../gen/Tst_pirTest/Kmeans_0/log/maketst.log,../gen/Tst_pirTest/Kmeans_0/log/runp2p.log,../gen/Tst_pirTest/Kmeans_0/log/runhybrid.log,True,,,21.957038519,,,,,,18,18,route_min_directed_valient,checkerboard,4,3,-1,4,,3:24.74,0,0,15000432,66002048,5.50,0,39001388,0.0000,0.0000,0.0000,11,-nan,0.0000,,0:56.50,145817,,True,False,True,1.945,1.011,0.112,0:39.16,401672,"Assertion fail:
",True,True,False,1.611,0.367,0.0,34:09.84,False
e4c1ac71,2019-07-15 19:44:11,Kmeans_1,pirTest,Tst,1000000000.0,../gen/Tst_pirTest/Kmeans_1/log/runproute.log,../gen/Tst_pirTest/Kmeans_1/log/runproute.sh,../gen/Tst_pirTest/Kmeans_1/plastisim/summary.csv,../gen/Tst_pirTest/Kmeans_1/pir/AccelMain.scala,../gen/Tst_pirTest/Kmeans_1/log/,../gen/Tst_pirTest/Kmeans_1/log/gentst.log,../gen/Tst_pirTest/Kmeans_1/log/maketst.log,../gen/Tst_pirTest/Kmeans_1/log/runp2p.log,../gen/Tst_pirTest/Kmeans_1/log/runhybrid.log,True,,,23.627658451,,,,,,18,18,route_min_directed_valient,checkerboard,4,3,-1,4,,3:32.05,10,0,68049552,9000000,5.00,1,36016752,0.0000,0.0000,0.0000,10,100.00,0.0000,,1:04.38,2169961,,True,False,True,1.526,0.068,0.008,8:54.05,5598476,"Assertion fail:
",True,True,False,1.466,0.026,0.0,3:27:42,False
e4c1ac71,2019-07-15 19:44:11,Kmeans_2,pirTest,Tst,1000000000.0,../gen/Tst_pirTest/Kmeans_2/log/runproute.log,../gen/Tst_pirTest/Kmeans_2/log/runproute.sh,../gen/Tst_pirTest/Kmeans_2/plastisim/summary.csv,../gen/Tst_pirTest/Kmeans_2/pir/AccelMain.scala,../gen/Tst_pirTest/Kmeans_2/log/,../gen/Tst_pirTest/Kmeans_2/log/gentst.log,../gen/Tst_pirTest/Kmeans_2/log/maketst.log,../gen/Tst_pirTest/Kmeans_2/log/runp2p.log,../gen/Tst_pirTest/Kmeans_2/log/runhybrid.log,True,,,34.722119653,,,,,,18,18,route_min_directed_valient,checkerboard,4,3,-1,4,,5:47.13,0,0,55000336,126001792,5.50,0,72001424,0.0000,0.0000,0.0000,11,-nan,0.0000,,1:34.02,74925,,True,False,True,0.0,1.968,0.219,0:44.50,207346,"Assertion fail:
",True,True,False,1.492,0.711,0.003,25:57.70,False
e4c1ac71,2019-07-15 19:44:11,Kmeans_3,pirTest,Tst,1000000000.0,../gen/Tst_pirTest/Kmeans_3/log/runproute.log,../gen/Tst_pirTest/Kmeans_3/log/runproute.sh,../gen/Tst_pirTest/Kmeans_3/plastisim/summary.csv,../gen/Tst_pirTest/Kmeans_3/pir/AccelMain.scala,../gen/Tst_pirTest/Kmeans_3/log/,../gen/Tst_pirTest/Kmeans_3/log/gentst.log,../gen/Tst_pirTest/Kmeans_3/log/maketst.log,../gen/Tst_pirTest/Kmeans_3/log/runp2p.log,../gen/Tst_pirTest/Kmeans_3/log/runhybrid.log,True,,,30.907970423,,,,,,18,18,route_min_directed_valient,checkerboard,4,3,-1,4,,6:14.31,0,0,41002448,175005888,7.00,0,64004480,0.0000,0.0000,0.0000,14,-nan,0.0000,,1:24.52,146020,,True,False,True,1.943,1.01,0.112,1:04.41,383713,"Assertion fail:
",True,True,False,1.702,0.384,0.001,33:21.97,False
e4c1ac71,2019-07-15 19:44:11,Kmeans_4,pirTest,Tst,1000000000.0,../gen/Tst_pirTest/Kmeans_4/log/runproute.log,../gen/Tst_pirTest/Kmeans_4/log/runproute.sh,../gen/Tst_pirTest/Kmeans_4/plastisim/summary.csv,../gen/Tst_pirTest/Kmeans_4/pir/AccelMain.scala,../gen/Tst_pirTest/Kmeans_4/log/,../gen/Tst_pirTest/Kmeans_4/log/gentst.log,../gen/Tst_pirTest/Kmeans_4/log/maketst.log,../gen/Tst_pirTest/Kmeans_4/log/runp2p.log,../gen/Tst_pirTest/Kmeans_4/log/runhybrid.log,True,,,32.489573365,,,,,,18,18,route_min_directed_valient,checkerboard,4,3,-1,4,,8:04.62,0,0,45007552,187016640,6.00,0,78010376,0.0000,0.0000,0.0000,12,-nan,0.0000,,1:54.25,184492,,True,False,True,1.54,0.799,0.089,1:51.06,429435,,True,False,True,1.522,0.343,0.038,40:05.20,True
e4c1ac71,2019-07-15 19:44:11,Kmeans_5,pirTest,Tst,1000000000.0,../gen/Tst_pirTest/Kmeans_5/log/runproute.log,../gen/Tst_pirTest/Kmeans_5/log/runproute.sh,../gen/Tst_pirTest/Kmeans_5/plastisim/summary.csv,../gen/Tst_pirTest/Kmeans_5/pir/AccelMain.scala,../gen/Tst_pirTest/Kmeans_5/log/,../gen/Tst_pirTest/Kmeans_5/log/gentst.log,../gen/Tst_pirTest/Kmeans_5/log/maketst.log,../gen/Tst_pirTest/Kmeans_5/log/runp2p.log,../gen/Tst_pirTest/Kmeans_5/log/runhybrid.log,True,,,53.884742824,,,,,,18,18,route_min_directed_valient,checkerboard,4,3,-1,4,,11:33.25,0,0,109002560,312008704,8.50,0,114004272,0.0000,0.0000,0.0000,17,-nan,0.0000,,1:52.70,75127,,True,False,True,0.0,1.963,0.218,1:05.41,215017,"Assertion fail:
",True,True,False,1.507,0.686,0.001,26:51.47,False
e4c1ac71,2019-07-15 19:44:11,Kmeans_6,pirTest,Tst,1000000000.0,../gen/Tst_pirTest/Kmeans_6/log/runproute.log,../gen/Tst_pirTest/Kmeans_6/log/runproute.sh,../gen/Tst_pirTest/Kmeans_6/plastisim/summary.csv,../gen/Tst_pirTest/Kmeans_6/pir/AccelMain.scala,../gen/Tst_pirTest/Kmeans_6/log/,../gen/Tst_pirTest/Kmeans_6/log/gentst.log,../gen/Tst_pirTest/Kmeans_6/log/maketst.log,../gen/Tst_pirTest/Kmeans_6/log/runp2p.log,../gen/Tst_pirTest/Kmeans_6/log/runhybrid.log,True,,,43.542714877,,,,,,18,18,route_min_directed_valient,checkerboard,4,3,-1,4,,7:24.28,0,0,51009040,166016384,7.50,0,80009872,0.0000,0.0000,0.0000,15,-nan,0.0000,,1:59.54,145806,,True,False,True,1.946,1.011,0.112,1:23.50,410168,,True,False,True,1.591,0.36,0.04,29:33.14,True
e4c1ac71,2019-07-15 19:44:11,Kmeans_7,pirTest,Tst,1000000000.0,../gen/Tst_pirTest/Kmeans_7/log/runproute.log,../gen/Tst_pirTest/Kmeans_7/log/runproute.sh,../gen/Tst_pirTest/Kmeans_7/plastisim/summary.csv,../gen/Tst_pirTest/Kmeans_7/pir/AccelMain.scala,../gen/Tst_pirTest/Kmeans_7/log/,../gen/Tst_pirTest/Kmeans_7/log/gentst.log,../gen/Tst_pirTest/Kmeans_7/log/maketst.log,../gen/Tst_pirTest/Kmeans_7/log/runp2p.log,../gen/Tst_pirTest/Kmeans_7/log/runhybrid.log,True,,,66.132793045,,,,,,18,18,route_min_directed_valient,checkerboard,4,3,-1,4,,12:29.65,21,0,78011584,292022016,7.50,1,118010416,0.0000,0.0000,0.0000,15,100.00,0.0000,,2:15.74,94399,,True,False,True,0.0,1.562,0.174,1:35.98,239973,,True,False,True,1.255,0.614,0.068,32:43.54,True
e4c1ac71,2019-07-15 19:44:11,Kmeans_8,pirTest,Tst,1000000000.0,../gen/Tst_pirTest/Kmeans_8/log/runproute.log,../gen/Tst_pirTest/Kmeans_8/log/runproute.sh,../gen/Tst_pirTest/Kmeans_8/plastisim/summary.csv,../gen/Tst_pirTest/Kmeans_8/pir/AccelMain.scala,../gen/Tst_pirTest/Kmeans_8/log/,../gen/Tst_pirTest/Kmeans_8/log/gentst.log,../gen/Tst_pirTest/Kmeans_8/log/maketst.log,../gen/Tst_pirTest/Kmeans_8/log/runp2p.log,../gen/Tst_pirTest/Kmeans_8/log/runhybrid.log,True,,,69.923118124,,,,,,18,18,route_min_directed_valient,checkerboard,4,3,-1,4,,15:10.07,13,0,122009024,348021504,8.50,1,133009920,0.0000,0.0000,0.0000,17,100.00,0.0000,,2:46.86,74912,,True,False,True,0.0,1.968,0.219,1:10.41,205540,,True,False,True,1.538,0.717,0.08,18:12.48,True
e4c1ac71,2019-07-15 19:44:11,LUTTest_0,pirTest,Tst,1000000000.0,../gen/Tst_pirTest/LUTTest_0/log/runproute.log,../gen/Tst_pirTest/LUTTest_0/log/runproute.sh,../gen/Tst_pirTest/LUTTest_0/plastisim/summary.csv,../gen/Tst_pirTest/LUTTest_0/pir/AccelMain.scala,../gen/Tst_pirTest/LUTTest_0/log/,../gen/Tst_pirTest/LUTTest_0/log/gentst.log,../gen/Tst_pirTest/LUTTest_0/log/maketst.log,../gen/Tst_pirTest/LUTTest_0/log/runp2p.log,../gen/Tst_pirTest/LUTTest_0/log/runhybrid.log,True,,,6.303914149,,,,,,18,18,route_min_directed_valient,checkerboard,4,3,-1,4,,0:56.53,0,0,13,16,4.50,0,21,0.0000,0.0000,0.0000,9,-nan,0.0000,,0:19.07,53,,True,False,True,0.0,0.0,0.0,0:00.22,132,,True,False,True,0.0,0.0,0.0,0:00.85,True
e4c1ac71,2019-07-15 19:44:11,LUTTest_1,pirTest,Tst,1000000000.0,../gen/Tst_pirTest/LUTTest_1/log/runproute.log,../gen/Tst_pirTest/LUTTest_1/log/runproute.sh,../gen/Tst_pirTest/LUTTest_1/plastisim/summary.csv,../gen/Tst_pirTest/LUTTest_1/pir/AccelMain.scala,../gen/Tst_pirTest/LUTTest_1/log/,../gen/Tst_pirTest/LUTTest_1/log/gentst.log,../gen/Tst_pirTest/LUTTest_1/log/maketst.log,../gen/Tst_pirTest/LUTTest_1/log/runp2p.log,../gen/Tst_pirTest/LUTTest_1/log/runhybrid.log,True,,,6.152995932,,,,,,18,18,route_min_directed_valient,checkerboard,4,3,-1,4,,0:52.12,0,0,264,0,1.00,0,261,0.0000,0.0000,0.0000,2,-nan,0.0000,,0:18.92,158,,True,False,True,0.0,0.0,0.0,0:00.18,383,,True,False,True,0.0,0.0,0.0,0:02.25,True
e4c1ac71,2019-07-15 19:44:11,LUTTest_2,pirTest,Tst,1000000000.0,../gen/Tst_pirTest/LUTTest_2/log/runproute.log,../gen/Tst_pirTest/LUTTest_2/log/runproute.sh,../gen/Tst_pirTest/LUTTest_2/plastisim/summary.csv,../gen/Tst_pirTest/LUTTest_2/pir/AccelMain.scala,../gen/Tst_pirTest/LUTTest_2/log/,../gen/Tst_pirTest/LUTTest_2/log/gentst.log,../gen/Tst_pirTest/LUTTest_2/log/maketst.log,../gen/Tst_pirTest/LUTTest_2/log/runp2p.log,../gen/Tst_pirTest/LUTTest_2/log/runhybrid.log,True,,,7.906028601,,,,,,18,18,route_min_directed_valient,checkerboard,4,3,-1,4,,0:45.36,0,0,10,256,1.00,0,261,0.0000,0.0000,0.0000,2,-nan,0.0000,,0:19.97,101,,True,False,True,0.0,0.0,0.0,0:00.24,248,,True,False,True,0.0,0.0,0.0,0:02.00,True
e4c1ac71,2019-07-15 19:44:11,LUTTest_3,pirTest,Tst,1000000000.0,../gen/Tst_pirTest/LUTTest_3/log/runproute.log,../gen/Tst_pirTest/LUTTest_3/log/runproute.sh,../gen/Tst_pirTest/LUTTest_3/plastisim/summary.csv,../gen/Tst_pirTest/LUTTest_3/pir/AccelMain.scala,../gen/Tst_pirTest/LUTTest_3/log/,../gen/Tst_pirTest/LUTTest_3/log/gentst.log,../gen/Tst_pirTest/LUTTest_3/log/maketst.log,../gen/Tst_pirTest/LUTTest_3/log/runp2p.log,../gen/Tst_pirTest/LUTTest_3/log/runhybrid.log,True,,,7.904091333,,,,,,18,18,route_min_directed_valient,checkerboard,4,3,-1,4,,1:11.52,0,0,25,16,4.50,0,21,0.0000,0.0000,0.0000,9,-nan,0.0000,,0:23.16,46,,True,False,True,0.0,0.0,0.0,0:00.21,155,,True,False,True,0.0,0.0,0.0,0:01.57,True
e4c1ac71,2019-07-15 19:44:11,LUTTest_4,pirTest,Tst,1000000000.0,../gen/Tst_pirTest/LUTTest_4/log/runproute.log,../gen/Tst_pirTest/LUTTest_4/log/runproute.sh,../gen/Tst_pirTest/LUTTest_4/plastisim/summary.csv,../gen/Tst_pirTest/LUTTest_4/pir/AccelMain.scala,../gen/Tst_pirTest/LUTTest_4/log/,../gen/Tst_pirTest/LUTTest_4/log/gentst.log,../gen/Tst_pirTest/LUTTest_4/log/maketst.log,../gen/Tst_pirTest/LUTTest_4/log/runp2p.log,../gen/Tst_pirTest/LUTTest_4/log/runhybrid.log,True,,,4.818390177,,,,,,18,18,route_min_directed_valient,checkerboard,4,3,-1,4,,0:53.57,0,0,13,0,4.50,0,3,0.0000,0.0000,0.0000,9,-nan,0.0000,,0:16.06,19,,True,False,True,0.0,0.0,0.0,0:00.18,90,,True,False,True,0.0,0.0,0.0,0:00.61,True
e4c1ac71,2019-07-15 19:44:11,LogReg_0,pirTest,Tst,1000000000.0,../gen/Tst_pirTest/LogReg_0/log/runproute.log,../gen/Tst_pirTest/LogReg_0/log/runproute.sh,../gen/Tst_pirTest/LogReg_0/plastisim/summary.csv,../gen/Tst_pirTest/LogReg_0/pir/AccelMain.scala,../gen/Tst_pirTest/LogReg_0/log/,../gen/Tst_pirTest/LogReg_0/log/gentst.log,../gen/Tst_pirTest/LogReg_0/log/maketst.log,../gen/Tst_pirTest/LogReg_0/log/runp2p.log,../gen/Tst_pirTest/LogReg_0/log/runhybrid.log,True,,,22.054773934,,,,,,18,18,route_min_directed_valient,checkerboard,4,3,-1,4,,2:37.72,1,0,3129,39322,5.99,1,13034,0.0010,0.0010,0.0010,11,100.00,0.0000,,0:47.02,12229,,True,False,True,0.0,5.537,0.01,0:02.71,26313,,True,False,True,0.0,2.573,0.005,2:07.05,True
e4c1ac71,2019-07-15 19:44:11,LogReg_1,pirTest,Tst,1000000000.0,../gen/Tst_pirTest/LogReg_1/log/runproute.log,../gen/Tst_pirTest/LogReg_1/log/runproute.sh,../gen/Tst_pirTest/LogReg_1/plastisim/summary.csv,../gen/Tst_pirTest/LogReg_1/pir/AccelMain.scala,../gen/Tst_pirTest/LogReg_1/log/,../gen/Tst_pirTest/LogReg_1/log/gentst.log,../gen/Tst_pirTest/LogReg_1/log/maketst.log,../gen/Tst_pirTest/LogReg_1/log/runp2p.log,../gen/Tst_pirTest/LogReg_1/log/runhybrid.log,True,,,30.606159536,,,,,,18,18,route_min_directed_valient,checkerboard,4,3,-1,4,,4:04.82,0,0,16956,54220,5.50,0,37354,0.0000,0.0000,0.0000,11,-nan,0.0000,,0:56.34,6352,,True,False,True,0.0,10.66,0.02,0:02.38,13787,,True,False,True,0.0,4.911,0.009,1:15.60,True
e4c1ac71,2019-07-15 19:44:11,LogReg_2,pirTest,Tst,1000000000.0,../gen/Tst_pirTest/LogReg_2/log/runproute.log,../gen/Tst_pirTest/LogReg_2/log/runproute.sh,../gen/Tst_pirTest/LogReg_2/plastisim/summary.csv,../gen/Tst_pirTest/LogReg_2/pir/AccelMain.scala,../gen/Tst_pirTest/LogReg_2/log/,../gen/Tst_pirTest/LogReg_2/log/gentst.log,../gen/Tst_pirTest/LogReg_2/log/maketst.log,../gen/Tst_pirTest/LogReg_2/log/runp2p.log,../gen/Tst_pirTest/LogReg_2/log/runhybrid.log,True,,,23.917302655,,,,,,18,18,route_min_directed_valient,checkerboard,4,3,-1,4,,3:34.95,0,0,2687,34218,6.00,0,12988,0.0000,0.0000,0.0000,12,-nan,0.0000,,0:55.69,6359,,True,False,True,0.0,10.648,0.02,0:02.21,13704,,True,False,True,0.0,4.941,0.009,1:48.71,True
e4c1ac71,2019-07-15 19:44:11,LogReg_3,pirTest,Tst,1000000000.0,../gen/Tst_pirTest/LogReg_3/log/runproute.log,../gen/Tst_pirTest/LogReg_3/log/runproute.sh,../gen/Tst_pirTest/LogReg_3/plastisim/summary.csv,../gen/Tst_pirTest/LogReg_3/pir/AccelMain.scala,../gen/Tst_pirTest/LogReg_3/log/,../gen/Tst_pirTest/LogReg_3/log/gentst.log,../gen/Tst_pirTest/LogReg_3/log/maketst.log,../gen/Tst_pirTest/LogReg_3/log/runp2p.log,../gen/Tst_pirTest/LogReg_3/log/runhybrid.log,True,,,51.881101571,,,,,,18,18,route_min_directed_valient,checkerboard,4,3,-1,4,,6:31.71,0,0,16979,55854,6.50,0,35772,0.0000,0.0000,0.0000,13,-nan,0.0000,,1:43.20,3426,,True,False,True,0.0,19.764,0.037,0:02.61,7632,,True,False,True,0.0,8.872,0.017,1:25.61,True
e4c1ac71,2019-07-15 19:44:11,LogReg_4,pirTest,Tst,1000000000.0,../gen/Tst_pirTest/LogReg_4/log/runproute.log,../gen/Tst_pirTest/LogReg_4/log/runproute.sh,../gen/Tst_pirTest/LogReg_4/plastisim/summary.csv,../gen/Tst_pirTest/LogReg_4/pir/AccelMain.scala,../gen/Tst_pirTest/LogReg_4/log/,../gen/Tst_pirTest/LogReg_4/log/gentst.log,../gen/Tst_pirTest/LogReg_4/log/maketst.log,../gen/Tst_pirTest/LogReg_4/log/runp2p.log,../gen/Tst_pirTest/LogReg_4/log/runhybrid.log,True,,,88.024840853,,,,,,18,18,route_min_directed_valient,checkerboard,4,3,-1,4,,13:48.60,0,0,59362,133214,8.99,0,63164,0.0000,0.0020,0.0020,17,100.00,0.0000,,2:34.13,1945,,True,False,True,0.0,34.813,0.066,0:02.74,9597,,True,False,True,0.0,7.056,0.013,2:02.07,True
e4c1ac71,2019-07-15 19:44:11,LogReg_5,pirTest,Tst,1000000000.0,../gen/Tst_pirTest/LogReg_5/log/runproute.log,../gen/Tst_pirTest/LogReg_5/log/runproute.sh,../gen/Tst_pirTest/LogReg_5/plastisim/summary.csv,../gen/Tst_pirTest/LogReg_5/pir/AccelMain.scala,../gen/Tst_pirTest/LogReg_5/log/,../gen/Tst_pirTest/LogReg_5/log/gentst.log,../gen/Tst_pirTest/LogReg_5/log/maketst.log,../gen/Tst_pirTest/LogReg_5/log/runp2p.log,../gen/Tst_pirTest/LogReg_5/log/runhybrid.log,True,,,96.292307589,,,,,,18,18,route_min_directed_valient,checkerboard,4,3,-1,4,,15:42.03,15,0,23586,77366,11.45,1,36008,0.0039,0.0039,0.0039,19,100.00,0.0000,,3:11.25,2114,,True,False,True,0.0,32.03,0.061,0:03.86,4645,,True,False,True,0.0,14.577,0.028,0:51.40,True
e4c1ac71,2019-07-15 19:44:11,OuterProduct_0,pirTest,Tst,1000000000.0,../gen/Tst_pirTest/OuterProduct_0/log/runproute.log,../gen/Tst_pirTest/OuterProduct_0/log/runproute.sh,../gen/Tst_pirTest/OuterProduct_0/plastisim/summary.csv,../gen/Tst_pirTest/OuterProduct_0/pir/AccelMain.scala,../gen/Tst_pirTest/OuterProduct_0/log/,../gen/Tst_pirTest/OuterProduct_0/log/gentst.log,../gen/Tst_pirTest/OuterProduct_0/log/maketst.log,../gen/Tst_pirTest/OuterProduct_0/log/runp2p.log,../gen/Tst_pirTest/OuterProduct_0/log/runhybrid.log,True,,,10.419027885,,,,,,18,18,route_min_directed_valient,checkerboard,4,3,-1,4,,2:06.78,0,0,12325,74048,5.00,0,30876,0.0000,0.0000,0.0000,10,-nan,0.0000,,0:28.79,18444,,True,False,True,0.0,0.278,14.213,0:01.15,11009,"Assertion fail:
",True,True,False,0.0,0.465,0.064,1:13.31,False
e4c1ac71,2019-07-15 19:44:11,OuterProduct_1,pirTest,Tst,1000000000.0,../gen/Tst_pirTest/OuterProduct_1/log/runproute.log,../gen/Tst_pirTest/OuterProduct_1/log/runproute.sh,../gen/Tst_pirTest/OuterProduct_1/plastisim/summary.csv,../gen/Tst_pirTest/OuterProduct_1/pir/AccelMain.scala,../gen/Tst_pirTest/OuterProduct_1/log/,../gen/Tst_pirTest/OuterProduct_1/log/gentst.log,../gen/Tst_pirTest/OuterProduct_1/log/maketst.log,../gen/Tst_pirTest/OuterProduct_1/log/runp2p.log,../gen/Tst_pirTest/OuterProduct_1/log/runhybrid.log,True,,,10.163475512,,,,,,18,18,,,,,,,,,,,,,,,,,,,,,,"src/Context241.h:183:30: error: invalid conversion from ‘int*’ to ‘int’ [-fpermissive]
",0:05.46,,,,False,False,,,,,,,,False,False,,,,,False
e4c1ac71,2019-07-15 19:44:11,OuterProduct_2,pirTest,Tst,1000000000.0,../gen/Tst_pirTest/OuterProduct_2/log/runproute.log,../gen/Tst_pirTest/OuterProduct_2/log/runproute.sh,../gen/Tst_pirTest/OuterProduct_2/plastisim/summary.csv,../gen/Tst_pirTest/OuterProduct_2/pir/AccelMain.scala,../gen/Tst_pirTest/OuterProduct_2/log/,../gen/Tst_pirTest/OuterProduct_2/log/gentst.log,../gen/Tst_pirTest/OuterProduct_2/log/maketst.log,../gen/Tst_pirTest/OuterProduct_2/log/runp2p.log,../gen/Tst_pirTest/OuterProduct_2/log/runhybrid.log,True,,,16.404352127,,,,,,18,18,,,,,,,,,,,,,,,,,,,,,,"src/Context395.h:194:32: error: invalid conversion from ‘int*’ to ‘int’ [-fpermissive]
",0:05.74,,,,False,False,,,,,,,,False,False,,,,,False
e4c1ac71,2019-07-15 19:44:11,OuterProduct_3,pirTest,Tst,1000000000.0,../gen/Tst_pirTest/OuterProduct_3/log/runproute.log,../gen/Tst_pirTest/OuterProduct_3/log/runproute.sh,../gen/Tst_pirTest/OuterProduct_3/plastisim/summary.csv,../gen/Tst_pirTest/OuterProduct_3/pir/AccelMain.scala,../gen/Tst_pirTest/OuterProduct_3/log/,../gen/Tst_pirTest/OuterProduct_3/log/gentst.log,../gen/Tst_pirTest/OuterProduct_3/log/maketst.log,../gen/Tst_pirTest/OuterProduct_3/log/runp2p.log,../gen/Tst_pirTest/OuterProduct_3/log/runhybrid.log,True,,,17.007544339,,,,,,18,18,,,,,,,,,,,,,,,,,,,,,,"src/Context441.h:194:32: error: invalid conversion from ‘int*’ to ‘int’ [-fpermissive]
",0:05.97,,,,False,False,,,,,,,,False,False,,,,,False
e4c1ac71,2019-07-15 19:44:11,OuterProduct_4,pirTest,Tst,1000000000.0,../gen/Tst_pirTest/OuterProduct_4/log/runproute.log,../gen/Tst_pirTest/OuterProduct_4/log/runproute.sh,../gen/Tst_pirTest/OuterProduct_4/plastisim/summary.csv,../gen/Tst_pirTest/OuterProduct_4/pir/AccelMain.scala,../gen/Tst_pirTest/OuterProduct_4/log/,../gen/Tst_pirTest/OuterProduct_4/log/gentst.log,../gen/Tst_pirTest/OuterProduct_4/log/maketst.log,../gen/Tst_pirTest/OuterProduct_4/log/runp2p.log,../gen/Tst_pirTest/OuterProduct_4/log/runhybrid.log,True,,,30.237011538,,,,,,18,18,,,,,,,,,,,,,,,,,,,,,,"src/Context749.h:205:34: error: invalid conversion from ‘int*’ to ‘int’ [-fpermissive]
",0:06.54,,,,False,False,,,,,,,,False,False,,,,,False
e4c1ac71,2019-07-15 19:44:11,OuterProduct_5,pirTest,Tst,1000000000.0,../gen/Tst_pirTest/OuterProduct_5/log/runproute.log,../gen/Tst_pirTest/OuterProduct_5/log/runproute.sh,../gen/Tst_pirTest/OuterProduct_5/plastisim/summary.csv,../gen/Tst_pirTest/OuterProduct_5/pir/AccelMain.scala,../gen/Tst_pirTest/OuterProduct_5/log/,../gen/Tst_pirTest/OuterProduct_5/log/gentst.log,../gen/Tst_pirTest/OuterProduct_5/log/maketst.log,../gen/Tst_pirTest/OuterProduct_5/log/runp2p.log,../gen/Tst_pirTest/OuterProduct_5/log/runhybrid.log,True,,,21.052712901,,,,,,18,18,route_min_directed_valient,checkerboard,4,3,-1,4,,4:54.35,11,0,15524,82216,7.49,1,32934,0.0010,0.0010,0.0010,14,100.00,0.0000,,0:53.02,9222,,True,False,True,0.0,0.555,28.426,0:03.06,11098,"Assertion fail:
",True,True,False,0.0,0.461,0.185,1:13.41,False
e4c1ac71,2019-07-15 19:44:11,OuterProduct_6,pirTest,Tst,1000000000.0,../gen/Tst_pirTest/OuterProduct_6/log/runproute.log,../gen/Tst_pirTest/OuterProduct_6/log/runproute.sh,../gen/Tst_pirTest/OuterProduct_6/plastisim/summary.csv,../gen/Tst_pirTest/OuterProduct_6/pir/AccelMain.scala,../gen/Tst_pirTest/OuterProduct_6/log/,../gen/Tst_pirTest/OuterProduct_6/log/gentst.log,../gen/Tst_pirTest/OuterProduct_6/log/maketst.log,../gen/Tst_pirTest/OuterProduct_6/log/runp2p.log,../gen/Tst_pirTest/OuterProduct_6/log/runhybrid.log,True,,,13.024350294,,,,,,18,18,route_min_directed_valient,checkerboard,4,3,-1,4,,2:15.72,0,0,10281,98944,5.50,0,55452,0.0000,0.0000,0.0000,11,-nan,0.0000,,0:31.67,18535,,True,False,True,0.0,0.276,14.143,0:01.84,19143,,True,False,True,0.0,0.267,13.694,1:37.62,True
e4c1ac71,2019-07-15 19:44:11,OuterProduct_7,pirTest,Tst,1000000000.0,../gen/Tst_pirTest/OuterProduct_7/log/runproute.log,../gen/Tst_pirTest/OuterProduct_7/log/runproute.sh,../gen/Tst_pirTest/OuterProduct_7/plastisim/summary.csv,../gen/Tst_pirTest/OuterProduct_7/pir/AccelMain.scala,../gen/Tst_pirTest/OuterProduct_7/log/,../gen/Tst_pirTest/OuterProduct_7/log/gentst.log,../gen/Tst_pirTest/OuterProduct_7/log/maketst.log,../gen/Tst_pirTest/OuterProduct_7/log/runp2p.log,../gen/Tst_pirTest/OuterProduct_7/log/runhybrid.log,True,,,16.008237294,,,,,,18,18,route_min_directed_valient,checkerboard,4,3,-1,4,,3:16.89,0,0,18507,106688,6.00,0,53407,0.0000,0.0000,0.0000,12,-nan,0.0000,,0:35.84,9642,,True,False,True,0.0,0.531,27.188,0:01.52,10018,,True,False,True,0.0,0.511,26.167,1:07.31,True
e4c1ac71,2019-07-15 19:44:11,OuterProduct_8,pirTest,Tst,1000000000.0,../gen/Tst_pirTest/OuterProduct_8/log/runproute.log,../gen/Tst_pirTest/OuterProduct_8/log/runproute.sh,../gen/Tst_pirTest/OuterProduct_8/plastisim/summary.csv,../gen/Tst_pirTest/OuterProduct_8/pir/AccelMain.scala,../gen/Tst_pirTest/OuterProduct_8/log/,../gen/Tst_pirTest/OuterProduct_8/log/gentst.log,../gen/Tst_pirTest/OuterProduct_8/log/maketst.log,../gen/Tst_pirTest/OuterProduct_8/log/runp2p.log,../gen/Tst_pirTest/OuterProduct_8/log/runhybrid.log,True,,,17.166151835,,,,,,18,18,route_min_directed_valient,checkerboard,4,3,-1,4,,3:22.14,0,0,36939,143600,6.00,0,71839,0.0000,0.0000,0.0000,12,-nan,0.0000,,0:39.29,9434,,True,False,True,0.0,0.543,27.787,0:01.72,10023,,True,False,True,0.0,0.511,26.154,1:27.05,True
e4c1ac71,2019-07-15 19:44:11,SGD_0,pirTest,Tst,1000000000.0,../gen/Tst_pirTest/SGD_0/log/runproute.log,../gen/Tst_pirTest/SGD_0/log/runproute.sh,../gen/Tst_pirTest/SGD_0/plastisim/summary.csv,../gen/Tst_pirTest/SGD_0/pir/AccelMain.scala,../gen/Tst_pirTest/SGD_0/log/,../gen/Tst_pirTest/SGD_0/log/gentst.log,../gen/Tst_pirTest/SGD_0/log/maketst.log,../gen/Tst_pirTest/SGD_0/log/runp2p.log,../gen/Tst_pirTest/SGD_0/log/runhybrid.log,True,,,15.783786755,,,,,,18,18,route_min_directed_valient,checkerboard,4,3,-1,4,,2:16.21,0,0,132395,42262,5.00,0,78637,0.0000,0.0000,0.0000,10,-nan,0.0000,,0:37.34,15203,,True,False,True,0.0,2.223,0.008,0:01.90,40492,,True,False,True,0.0,0.835,0.003,5:03.02,True
e4c1ac71,2019-07-15 19:44:11,SGD_1,pirTest,Tst,1000000000.0,../gen/Tst_pirTest/SGD_1/log/runproute.log,../gen/Tst_pirTest/SGD_1/log/runproute.sh,../gen/Tst_pirTest/SGD_1/plastisim/summary.csv,../gen/Tst_pirTest/SGD_1/pir/AccelMain.scala,../gen/Tst_pirTest/SGD_1/log/,../gen/Tst_pirTest/SGD_1/log/gentst.log,../gen/Tst_pirTest/SGD_1/log/maketst.log,../gen/Tst_pirTest/SGD_1/log/runp2p.log,../gen/Tst_pirTest/SGD_1/log/runhybrid.log,True,,,26.722769046,,,,,,18,18,route_min_directed_valient,checkerboard,4,3,-1,4,,3:30.92,0,0,70957,110408,5.50,0,52781,0.0000,0.0000,0.0000,11,-nan,0.0000,,0:52.23,8227,,True,False,True,0.0,4.107,0.016,0:02.52,25399,,True,False,True,0.0,1.33,0.005,2:13.20,True
e4c1ac71,2019-07-15 19:44:11,SGD_2,pirTest,Tst,1000000000.0,../gen/Tst_pirTest/SGD_2/log/runproute.log,../gen/Tst_pirTest/SGD_2/log/runproute.sh,../gen/Tst_pirTest/SGD_2/plastisim/summary.csv,../gen/Tst_pirTest/SGD_2/pir/AccelMain.scala,../gen/Tst_pirTest/SGD_2/log/,../gen/Tst_pirTest/SGD_2/log/gentst.log,../gen/Tst_pirTest/SGD_2/log/maketst.log,../gen/Tst_pirTest/SGD_2/log/runp2p.log,../gen/Tst_pirTest/SGD_2/log/runhybrid.log,True,,,20.527956858,,,,,,18,18,route_min_directed_valient,checkerboard,4,3,-1,4,,3:24.69,0,0,127661,113464,6.00,0,85933,0.0000,0.0000,0.0000,12,-nan,0.0000,,0:44.66,15080,,True,False,True,0.0,2.241,0.008,0:03.47,45412,,True,False,True,0.0,0.744,0.003,4:46.14,True
e4c1ac71,2019-07-15 19:44:11,SGD_3,pirTest,Tst,1000000000.0,../gen/Tst_pirTest/SGD_3/log/runproute.log,../gen/Tst_pirTest/SGD_3/log/runproute.sh,../gen/Tst_pirTest/SGD_3/plastisim/summary.csv,../gen/Tst_pirTest/SGD_3/pir/AccelMain.scala,../gen/Tst_pirTest/SGD_3/log/,../gen/Tst_pirTest/SGD_3/log/gentst.log,../gen/Tst_pirTest/SGD_3/log/maketst.log,../gen/Tst_pirTest/SGD_3/log/runp2p.log,../gen/Tst_pirTest/SGD_3/log/runhybrid.log,True,,,25.033937827,,,,,,18,18,route_min_directed_valient,checkerboard,4,3,-1,4,,4:10.35,0,0,69043,77778,6.00,0,60205,0.0000,0.0000,0.0000,12,-nan,0.0000,,0:58.14,8056,,True,False,True,0.0,4.195,0.016,0:02.64,24961,,True,False,True,0.0,1.354,0.005,3:49.48,True
e4c1ac71,2019-07-15 19:44:11,SimpleDotProduct_0,pirTest,Tst,1000000000.0,../gen/Tst_pirTest/SimpleDotProduct_0/log/runproute.log,../gen/Tst_pirTest/SimpleDotProduct_0/log/runproute.sh,../gen/Tst_pirTest/SimpleDotProduct_0/plastisim/summary.csv,../gen/Tst_pirTest/SimpleDotProduct_0/pir/AccelMain.scala,../gen/Tst_pirTest/SimpleDotProduct_0/log/,../gen/Tst_pirTest/SimpleDotProduct_0/log/gentst.log,../gen/Tst_pirTest/SimpleDotProduct_0/log/maketst.log,../gen/Tst_pirTest/SimpleDotProduct_0/log/runp2p.log,../gen/Tst_pirTest/SimpleDotProduct_0/log/runhybrid.log,True,,,7.002212307,,,,,,18,18,route_min_directed_valient,checkerboard,4,3,-1,4,,0:50.52,0,0,2112,0,1.00,0,2081,0.0000,0.0000,0.0000,2,-nan,0.0000,,0:21.88,1089,,True,False,True,0.0,0.0,0.0,0:00.32,2815,,True,False,True,0.0,0.0,0.0,0:14.15,True
e4c1ac71,2019-07-15 19:44:11,SimpleDotProduct_1,pirTest,Tst,1000000000.0,../gen/Tst_pirTest/SimpleDotProduct_1/log/runproute.log,../gen/Tst_pirTest/SimpleDotProduct_1/log/runproute.sh,../gen/Tst_pirTest/SimpleDotProduct_1/plastisim/summary.csv,../gen/Tst_pirTest/SimpleDotProduct_1/pir/AccelMain.scala,../gen/Tst_pirTest/SimpleDotProduct_1/log/,../gen/Tst_pirTest/SimpleDotProduct_1/log/gentst.log,../gen/Tst_pirTest/SimpleDotProduct_1/log/maketst.log,../gen/Tst_pirTest/SimpleDotProduct_1/log/runp2p.log,../gen/Tst_pirTest/SimpleDotProduct_1/log/runhybrid.log,True,,,9.943131095,,,,,,18,18,route_min_directed_valient,checkerboard,4,3,-1,4,,1:08.06,0,0,2114,0,1.00,0,2081,0.0000,0.0000,0.0000,2,-nan,0.0000,,0:23.70,577,,True,False,True,0.0,0.0,0.0,0:00.26,1497,,True,False,True,0.0,0.0,0.0,0:05.38,True
e4c1ac71,2019-07-15 19:44:11,StreamInOutStop,pirTest,Tst,1000000000.0,../gen/Tst_pirTest/StreamInOutStop/log/runproute.log,../gen/Tst_pirTest/StreamInOutStop/log/runproute.sh,../gen/Tst_pirTest/StreamInOutStop/plastisim/summary.csv,../gen/Tst_pirTest/StreamInOutStop/pir/AccelMain.scala,../gen/Tst_pirTest/StreamInOutStop/log/,../gen/Tst_pirTest/StreamInOutStop/log/gentst.log,../gen/Tst_pirTest/StreamInOutStop/log/maketst.log,../gen/Tst_pirTest/StreamInOutStop/log/runp2p.log,../gen/Tst_pirTest/StreamInOutStop/log/runhybrid.log,True,,,5.539580401,,,,,,18,18,route_min_directed_valient,checkerboard,4,3,-1,4,,1:07.69,0,0,13000000,0,4.50,0,4000000,0.0000,0.0000,0.0000,9,-nan,0.0000,,0:19.20,32,,True,False,True,0.0,0.0,0.0,0:00.25,125,,True,False,True,0.0,0.0,0.0,0:00.53,True
e4c1ac71,2019-07-15 19:44:11,StreamInfDotProduct_0,pirTest,Tst,1000000000.0,../gen/Tst_pirTest/StreamInfDotProduct_0/log/runproute.log,../gen/Tst_pirTest/StreamInfDotProduct_0/log/runproute.sh,../gen/Tst_pirTest/StreamInfDotProduct_0/plastisim/summary.csv,../gen/Tst_pirTest/StreamInfDotProduct_0/pir/AccelMain.scala,../gen/Tst_pirTest/StreamInfDotProduct_0/log/,../gen/Tst_pirTest/StreamInfDotProduct_0/log/gentst.log,../gen/Tst_pirTest/StreamInfDotProduct_0/log/maketst.log,../gen/Tst_pirTest/StreamInfDotProduct_0/log/runp2p.log,../gen/Tst_pirTest/StreamInfDotProduct_0/log/runhybrid.log,True,,,9.741563734,,,,,,18,18,route_min_directed_valient,checkerboard,4,3,-1,4,,1:22.93,0,0,16000000,11000000,4.50,0,11000000,0.0000,0.0000,0.0000,9,-nan,0.0000,,0:22.14,177,,True,False,True,0.0,0.0,0.0,0:00.26,533,,True,False,True,0.0,0.0,0.0,0:01.79,True
e4c1ac71,2019-07-15 19:44:11,StreamInfDotProduct_1,pirTest,Tst,1000000000.0,../gen/Tst_pirTest/StreamInfDotProduct_1/log/runproute.log,../gen/Tst_pirTest/StreamInfDotProduct_1/log/runproute.sh,../gen/Tst_pirTest/StreamInfDotProduct_1/plastisim/summary.csv,../gen/Tst_pirTest/StreamInfDotProduct_1/pir/AccelMain.scala,../gen/Tst_pirTest/StreamInfDotProduct_1/log/,../gen/Tst_pirTest/StreamInfDotProduct_1/log/gentst.log,../gen/Tst_pirTest/StreamInfDotProduct_1/log/maketst.log,../gen/Tst_pirTest/StreamInfDotProduct_1/log/runp2p.log,../gen/Tst_pirTest/StreamInfDotProduct_1/log/runhybrid.log,True,,,11.087992018,,,,,,18,18,route_min_directed_valient,checkerboard,4,3,-1,4,,1:41.23,0,0,19000000,28000000,4.50,0,20000000,0.0000,0.0000,0.0000,9,-nan,0.0000,,0:24.68,298,,True,False,True,0.0,0.0,0.0,0:00.23,737,,True,False,True,0.0,0.0,0.0,0:04.36,True
e4c1ac71,2019-07-15 19:44:11,StreamInfDotProduct_2,pirTest,Tst,1000000000.0,../gen/Tst_pirTest/StreamInfDotProduct_2/log/runproute.log,../gen/Tst_pirTest/StreamInfDotProduct_2/log/runproute.sh,../gen/Tst_pirTest/StreamInfDotProduct_2/plastisim/summary.csv,../gen/Tst_pirTest/StreamInfDotProduct_2/pir/AccelMain.scala,../gen/Tst_pirTest/StreamInfDotProduct_2/log/,../gen/Tst_pirTest/StreamInfDotProduct_2/log/gentst.log,../gen/Tst_pirTest/StreamInfDotProduct_2/log/maketst.log,../gen/Tst_pirTest/StreamInfDotProduct_2/log/runp2p.log,../gen/Tst_pirTest/StreamInfDotProduct_2/log/runhybrid.log,True,,,8.375583833,,,,,,18,18,route_min_directed_valient,checkerboard,4,3,-1,4,,1:24.63,0,0,16000000,16000000,4.50,0,12000000,0.0000,0.0000,0.0000,9,-nan,0.0000,,0:21.71,181,,True,False,True,0.0,0.0,0.0,0:00.24,561,,True,False,True,0.0,0.0,0.0,0:03.91,True
e4c1ac71,2019-07-15 19:44:11,StreamInfDotProduct_3,pirTest,Tst,1000000000.0,../gen/Tst_pirTest/StreamInfDotProduct_3/log/runproute.log,../gen/Tst_pirTest/StreamInfDotProduct_3/log/runproute.sh,../gen/Tst_pirTest/StreamInfDotProduct_3/plastisim/summary.csv,../gen/Tst_pirTest/StreamInfDotProduct_3/pir/AccelMain.scala,../gen/Tst_pirTest/StreamInfDotProduct_3/log/,../gen/Tst_pirTest/StreamInfDotProduct_3/log/gentst.log,../gen/Tst_pirTest/StreamInfDotProduct_3/log/maketst.log,../gen/Tst_pirTest/StreamInfDotProduct_3/log/runp2p.log,../gen/Tst_pirTest/StreamInfDotProduct_3/log/runhybrid.log,True,,,12.129500176,,,,,,18,18,route_min_directed_valient,checkerboard,4,3,-1,4,,2:12.61,0,0,25000000,42000000,4.50,0,30000000,0.0000,0.0000,0.0000,9,-nan,0.0000,,0:27.04,309,,True,False,True,0.0,0.0,0.0,0:00.24,743,,True,False,True,0.0,0.0,0.0,0:05.26,True
e4c1ac71,2019-07-15 19:44:11,StreamInfDotProduct_4,pirTest,Tst,1000000000.0,../gen/Tst_pirTest/StreamInfDotProduct_4/log/runproute.log,../gen/Tst_pirTest/StreamInfDotProduct_4/log/runproute.sh,../gen/Tst_pirTest/StreamInfDotProduct_4/plastisim/summary.csv,../gen/Tst_pirTest/StreamInfDotProduct_4/pir/AccelMain.scala,../gen/Tst_pirTest/StreamInfDotProduct_4/log/,../gen/Tst_pirTest/StreamInfDotProduct_4/log/gentst.log,../gen/Tst_pirTest/StreamInfDotProduct_4/log/maketst.log,../gen/Tst_pirTest/StreamInfDotProduct_4/log/runp2p.log,../gen/Tst_pirTest/StreamInfDotProduct_4/log/runhybrid.log,True,,,13.002059346,,,,,,18,18,route_min_directed_valient,checkerboard,4,3,-1,4,,2:50.14,0,0,38000000,50000000,4.50,0,36000000,0.0000,0.0000,0.0000,9,-nan,0.0000,,0:30.33,188,,True,False,True,0.0,0.0,0.0,0:00.27,650,,True,False,True,0.0,0.0,0.0,0:03.82,True
e4c1ac71,2019-07-15 19:44:11,StreamInfKmeans_0,pirTest,Tst,1000000000.0,../gen/Tst_pirTest/StreamInfKmeans_0/log/runproute.log,../gen/Tst_pirTest/StreamInfKmeans_0/log/runproute.sh,../gen/Tst_pirTest/StreamInfKmeans_0/plastisim/summary.csv,../gen/Tst_pirTest/StreamInfKmeans_0/pir/AccelMain.scala,../gen/Tst_pirTest/StreamInfKmeans_0/log/,../gen/Tst_pirTest/StreamInfKmeans_0/log/gentst.log,../gen/Tst_pirTest/StreamInfKmeans_0/log/maketst.log,../gen/Tst_pirTest/StreamInfKmeans_0/log/runp2p.log,../gen/Tst_pirTest/StreamInfKmeans_0/log/runhybrid.log,True,,,10.913702827,,,,,,18,18,route_min_directed_valient,checkerboard,4,3,-1,4,,1:46.06,0,0,27000000,15000000,4.50,0,18000000,0.0000,0.0000,0.0000,9,-nan,0.0000,,0:29.12,1133,,True,False,True,0.0,0.0,0.0,0:00.27,3030,,True,False,True,0.0,0.0,0.0,0:25.44,True
e4c1ac71,2019-07-15 19:44:11,StreamInfKmeans_1,pirTest,Tst,1000000000.0,../gen/Tst_pirTest/StreamInfKmeans_1/log/runproute.log,../gen/Tst_pirTest/StreamInfKmeans_1/log/runproute.sh,../gen/Tst_pirTest/StreamInfKmeans_1/plastisim/summary.csv,../gen/Tst_pirTest/StreamInfKmeans_1/pir/AccelMain.scala,../gen/Tst_pirTest/StreamInfKmeans_1/log/,../gen/Tst_pirTest/StreamInfKmeans_1/log/gentst.log,../gen/Tst_pirTest/StreamInfKmeans_1/log/maketst.log,../gen/Tst_pirTest/StreamInfKmeans_1/log/runp2p.log,../gen/Tst_pirTest/StreamInfKmeans_1/log/runhybrid.log,True,,,16.105219197,,,,,,18,18,route_min_directed_valient,checkerboard,4,3,-1,4,,2:21.99,0,0,36000000,29000000,4.50,0,34000000,0.0000,0.0000,0.0000,9,-nan,0.0000,,0:34.21,639,,True,False,True,0.0,0.0,0.0,0:00.32,1858,,True,False,True,0.0,0.0,0.0,0:11.77,True
e4c1ac71,2019-07-15 19:44:11,StreamInfKmeans_2,pirTest,Tst,1000000000.0,../gen/Tst_pirTest/StreamInfKmeans_2/log/runproute.log,../gen/Tst_pirTest/StreamInfKmeans_2/log/runproute.sh,../gen/Tst_pirTest/StreamInfKmeans_2/plastisim/summary.csv,../gen/Tst_pirTest/StreamInfKmeans_2/pir/AccelMain.scala,../gen/Tst_pirTest/StreamInfKmeans_2/log/,../gen/Tst_pirTest/StreamInfKmeans_2/log/gentst.log,../gen/Tst_pirTest/StreamInfKmeans_2/log/maketst.log,../gen/Tst_pirTest/StreamInfKmeans_2/log/runp2p.log,../gen/Tst_pirTest/StreamInfKmeans_2/log/runhybrid.log,True,,,15.017456647,,,,,,18,18,route_min_directed_valient,checkerboard,4,3,-1,4,,2:10.40,0,0,40000000,40000000,4.50,0,33000000,0.0000,0.0000,0.0000,9,-nan,0.0000,,0:30.36,1137,,True,False,True,0.0,0.0,0.0,0:00.37,3364,,True,False,True,0.0,0.0,0.0,0:24.86,True
e4c1ac71,2019-07-15 19:44:11,StreamInfKmeans_3,pirTest,Tst,1000000000.0,../gen/Tst_pirTest/StreamInfKmeans_3/log/runproute.log,../gen/Tst_pirTest/StreamInfKmeans_3/log/runproute.sh,../gen/Tst_pirTest/StreamInfKmeans_3/plastisim/summary.csv,../gen/Tst_pirTest/StreamInfKmeans_3/pir/AccelMain.scala,../gen/Tst_pirTest/StreamInfKmeans_3/log/,../gen/Tst_pirTest/StreamInfKmeans_3/log/gentst.log,../gen/Tst_pirTest/StreamInfKmeans_3/log/maketst.log,../gen/Tst_pirTest/StreamInfKmeans_3/log/runp2p.log,../gen/Tst_pirTest/StreamInfKmeans_3/log/runhybrid.log,True,,,12.877302403,,,,,,18,18,route_min_directed_valient,checkerboard,4,3,-1,4,,1:39.60,0,0,27000000,15000000,4.50,0,18000000,0.0000,0.0000,0.0000,9,-nan,0.0000,,0:27.31,2159,,True,False,True,0.0,0.0,0.0,0:00.43,5689,,True,False,True,0.0,0.0,0.0,0:27.85,True
e4c1ac71,2019-07-15 19:44:11,StreamInfKmeans_4,pirTest,Tst,1000000000.0,../gen/Tst_pirTest/StreamInfKmeans_4/log/runproute.log,../gen/Tst_pirTest/StreamInfKmeans_4/log/runproute.sh,../gen/Tst_pirTest/StreamInfKmeans_4/plastisim/summary.csv,../gen/Tst_pirTest/StreamInfKmeans_4/pir/AccelMain.scala,../gen/Tst_pirTest/StreamInfKmeans_4/log/,../gen/Tst_pirTest/StreamInfKmeans_4/log/gentst.log,../gen/Tst_pirTest/StreamInfKmeans_4/log/maketst.log,../gen/Tst_pirTest/StreamInfKmeans_4/log/runp2p.log,../gen/Tst_pirTest/StreamInfKmeans_4/log/runhybrid.log,True,,,17.742113049,,,,,,18,18,route_min_directed_valient,checkerboard,4,3,-1,4,,2:29.49,0,0,40000000,40000000,4.50,0,33000000,0.0000,0.0000,0.0000,9,-nan,0.0000,,0:32.30,1274,,True,False,True,0.0,0.0,0.0,0:00.47,3007,,True,False,True,0.0,0.0,0.0,0:17.11,True
e4c1ac71,2019-07-15 19:44:11,StreamInfKmeans_6,pirTest,Tst,1000000000.0,../gen/Tst_pirTest/StreamInfKmeans_6/log/runproute.log,../gen/Tst_pirTest/StreamInfKmeans_6/log/runproute.sh,../gen/Tst_pirTest/StreamInfKmeans_6/plastisim/summary.csv,../gen/Tst_pirTest/StreamInfKmeans_6/pir/AccelMain.scala,../gen/Tst_pirTest/StreamInfKmeans_6/log/,../gen/Tst_pirTest/StreamInfKmeans_6/log/gentst.log,../gen/Tst_pirTest/StreamInfKmeans_6/log/maketst.log,../gen/Tst_pirTest/StreamInfKmeans_6/log/runp2p.log,../gen/Tst_pirTest/StreamInfKmeans_6/log/runhybrid.log,True,,,21.928563049,,,,,,18,18,route_min_directed_valient,checkerboard,4,3,-1,4,,4:28.52,0,0,58000000,107000000,4.50,0,69000000,0.0000,0.0000,0.0000,9,-nan,0.0000,,0:44.93,1135,,True,False,True,0.0,0.0,0.0,0:00.59,3461,,True,False,True,0.0,0.0,0.0,0:22.01,True
e4c1ac71,2019-07-15 19:44:11,StreamInfKmeans_7,pirTest,Tst,1000000000.0,../gen/Tst_pirTest/StreamInfKmeans_7/log/runproute.log,../gen/Tst_pirTest/StreamInfKmeans_7/log/runproute.sh,../gen/Tst_pirTest/StreamInfKmeans_7/plastisim/summary.csv,../gen/Tst_pirTest/StreamInfKmeans_7/pir/AccelMain.scala,../gen/Tst_pirTest/StreamInfKmeans_7/log/,../gen/Tst_pirTest/StreamInfKmeans_7/log/gentst.log,../gen/Tst_pirTest/StreamInfKmeans_7/log/maketst.log,../gen/Tst_pirTest/StreamInfKmeans_7/log/runp2p.log,../gen/Tst_pirTest/StreamInfKmeans_7/log/runhybrid.log,True,,,42.344453424,,,,,,18,18,route_min_directed_valient,checkerboard,4,3,-1,4,,9:22.36,0,0,209000000,423000000,9.00,0,126000000,0.0000,0.0000,0.0000,18,-nan,0.0000,,1:15.23,641,,True,False,True,0.0,0.0,0.0,0:00.60,1978,,True,False,True,0.0,0.0,0.0,0:17.09,True
e4c1ac71,2019-07-15 19:44:11,StreamInfLogReg_0,pirTest,Tst,1000000000.0,../gen/Tst_pirTest/StreamInfLogReg_0/log/runproute.log,../gen/Tst_pirTest/StreamInfLogReg_0/log/runproute.sh,../gen/Tst_pirTest/StreamInfLogReg_0/plastisim/summary.csv,../gen/Tst_pirTest/StreamInfLogReg_0/pir/AccelMain.scala,../gen/Tst_pirTest/StreamInfLogReg_0/log/,../gen/Tst_pirTest/StreamInfLogReg_0/log/gentst.log,../gen/Tst_pirTest/StreamInfLogReg_0/log/maketst.log,../gen/Tst_pirTest/StreamInfLogReg_0/log/runp2p.log,../gen/Tst_pirTest/StreamInfLogReg_0/log/runhybrid.log,True,,,9.491990253,,,,,,18,18,route_min_directed_valient,checkerboard,4,3,-1,4,,1:36.29,0,0,25000000,10000000,4.50,0,12000000,0.0000,0.0000,0.0000,9,-nan,0.0000,,0:24.01,186,,True,False,True,0.0,0.0,0.0,0:00.25,582,,True,False,True,0.0,0.0,0.0,0:04.30,True
e4c1ac71,2019-07-15 19:44:11,StreamInfLogReg_1,pirTest,Tst,1000000000.0,../gen/Tst_pirTest/StreamInfLogReg_1/log/runproute.log,../gen/Tst_pirTest/StreamInfLogReg_1/log/runproute.sh,../gen/Tst_pirTest/StreamInfLogReg_1/plastisim/summary.csv,../gen/Tst_pirTest/StreamInfLogReg_1/pir/AccelMain.scala,../gen/Tst_pirTest/StreamInfLogReg_1/log/,../gen/Tst_pirTest/StreamInfLogReg_1/log/gentst.log,../gen/Tst_pirTest/StreamInfLogReg_1/log/maketst.log,../gen/Tst_pirTest/StreamInfLogReg_1/log/runp2p.log,../gen/Tst_pirTest/StreamInfLogReg_1/log/runhybrid.log,True,,,10.545726303,,,,,,18,18,route_min_directed_valient,checkerboard,4,3,-1,4,,1:45.52,0,0,36000000,22000000,4.50,0,20000000,0.0000,0.0000,0.0000,9,-nan,0.0000,,0:25.29,304,,True,False,True,0.0,0.0,0.0,0:00.24,722,,True,False,True,0.0,0.0,0.0,0:06.66,True
e4c1ac71,2019-07-15 19:44:11,StreamInfLogReg_2,pirTest,Tst,1000000000.0,../gen/Tst_pirTest/StreamInfLogReg_2/log/runproute.log,../gen/Tst_pirTest/StreamInfLogReg_2/log/runproute.sh,../gen/Tst_pirTest/StreamInfLogReg_2/plastisim/summary.csv,../gen/Tst_pirTest/StreamInfLogReg_2/pir/AccelMain.scala,../gen/Tst_pirTest/StreamInfLogReg_2/log/,../gen/Tst_pirTest/StreamInfLogReg_2/log/gentst.log,../gen/Tst_pirTest/StreamInfLogReg_2/log/maketst.log,../gen/Tst_pirTest/StreamInfLogReg_2/log/runp2p.log,../gen/Tst_pirTest/StreamInfLogReg_2/log/runhybrid.log,True,,,8.604774545,,,,,,18,18,route_min_directed_valient,checkerboard,4,3,-1,4,,1:28.89,0,0,27000000,7000000,4.50,0,13000000,0.0000,0.0000,0.0000,9,-nan,0.0000,,0:21.56,190,,True,False,True,0.0,0.0,0.0,0:00.22,595,,True,False,True,0.0,0.0,0.0,0:02.26,True
e4c1ac71,2019-07-15 19:44:11,StreamInfLogReg_3,pirTest,Tst,1000000000.0,../gen/Tst_pirTest/StreamInfLogReg_3/log/runproute.log,../gen/Tst_pirTest/StreamInfLogReg_3/log/runproute.sh,../gen/Tst_pirTest/StreamInfLogReg_3/plastisim/summary.csv,../gen/Tst_pirTest/StreamInfLogReg_3/pir/AccelMain.scala,../gen/Tst_pirTest/StreamInfLogReg_3/log/,../gen/Tst_pirTest/StreamInfLogReg_3/log/gentst.log,../gen/Tst_pirTest/StreamInfLogReg_3/log/maketst.log,../gen/Tst_pirTest/StreamInfLogReg_3/log/runp2p.log,../gen/Tst_pirTest/StreamInfLogReg_3/log/runhybrid.log,True,,,13.847119484,,,,,,18,18,route_min_directed_valient,checkerboard,4,3,-1,4,,2:18.42,0,0,30000000,34000000,4.50,0,30000000,0.0000,0.0000,0.0000,9,-nan,0.0000,,0:33.06,315,,True,False,True,0.0,0.0,0.0,0:00.33,713,,True,False,True,0.0,0.0,0.0,0:02.64,True
e4c1ac71,2019-07-15 19:44:11,StreamInfLogReg_4,pirTest,Tst,1000000000.0,../gen/Tst_pirTest/StreamInfLogReg_4/log/runproute.log,../gen/Tst_pirTest/StreamInfLogReg_4/log/runproute.sh,../gen/Tst_pirTest/StreamInfLogReg_4/plastisim/summary.csv,../gen/Tst_pirTest/StreamInfLogReg_4/pir/AccelMain.scala,../gen/Tst_pirTest/StreamInfLogReg_4/log/,../gen/Tst_pirTest/StreamInfLogReg_4/log/gentst.log,../gen/Tst_pirTest/StreamInfLogReg_4/log/maketst.log,../gen/Tst_pirTest/StreamInfLogReg_4/log/runp2p.log,../gen/Tst_pirTest/StreamInfLogReg_4/log/runhybrid.log,True,,,12.502328717,,,,,,18,18,route_min_directed_valient,checkerboard,4,3,-1,4,,3:11.32,0,0,44000000,24000000,4.50,0,36000000,0.0000,0.0000,0.0000,9,-nan,0.0000,,0:30.02,194,,True,False,True,0.0,0.0,0.0,0:00.25,626,,True,False,True,0.0,0.0,0.0,0:02.48,True
e4c1ac71,2019-07-15 19:44:11,StreamInfLogReg_5,pirTest,Tst,1000000000.0,../gen/Tst_pirTest/StreamInfLogReg_5/log/runproute.log,../gen/Tst_pirTest/StreamInfLogReg_5/log/runproute.sh,../gen/Tst_pirTest/StreamInfLogReg_5/plastisim/summary.csv,../gen/Tst_pirTest/StreamInfLogReg_5/pir/AccelMain.scala,../gen/Tst_pirTest/StreamInfLogReg_5/log/,../gen/Tst_pirTest/StreamInfLogReg_5/log/gentst.log,../gen/Tst_pirTest/StreamInfLogReg_5/log/maketst.log,../gen/Tst_pirTest/StreamInfLogReg_5/log/runp2p.log,../gen/Tst_pirTest/StreamInfLogReg_5/log/runhybrid.log,True,,,11.877371811,,,,,,18,18,route_min_directed_valient,checkerboard,4,3,-1,4,,3:27.14,0,0,62000000,22000000,4.50,0,36000000,0.0000,0.0000,0.0000,9,-nan,0.0000,,0:27.73,194,,True,False,True,0.0,0.0,0.0,0:00.26,656,,True,False,True,0.0,0.0,0.0,0:06.65,True
e4c1ac71,2019-07-15 19:44:11,StreamInfNN_0,pirTest,Tst,1000000000.0,../gen/Tst_pirTest/StreamInfNN_0/log/runproute.log,../gen/Tst_pirTest/StreamInfNN_0/log/runproute.sh,../gen/Tst_pirTest/StreamInfNN_0/plastisim/summary.csv,../gen/Tst_pirTest/StreamInfNN_0/pir/AccelMain.scala,../gen/Tst_pirTest/StreamInfNN_0/log/,../gen/Tst_pirTest/StreamInfNN_0/log/gentst.log,../gen/Tst_pirTest/StreamInfNN_0/log/maketst.log,../gen/Tst_pirTest/StreamInfNN_0/log/runp2p.log,../gen/Tst_pirTest/StreamInfNN_0/log/runhybrid.log,True,,,14.183629847,,,,,,18,18,route_min_directed_valient,checkerboard,4,3,-1,4,,2:08.82,0,0,25000000,15000000,4.50,0,21000000,0.0000,0.0000,0.0000,9,-nan,0.0000,,0:31.81,4240,,True,False,True,0.0,0.0,0.0,0:00.79,11040,,True,False,True,0.0,0.0,0.0,0:37.05,True
e4c1ac71,2019-07-15 19:44:11,StreamInfNN_1,pirTest,Tst,1000000000.0,../gen/Tst_pirTest/StreamInfNN_1/log/runproute.log,../gen/Tst_pirTest/StreamInfNN_1/log/runproute.sh,../gen/Tst_pirTest/StreamInfNN_1/plastisim/summary.csv,../gen/Tst_pirTest/StreamInfNN_1/pir/AccelMain.scala,../gen/Tst_pirTest/StreamInfNN_1/log/,../gen/Tst_pirTest/StreamInfNN_1/log/gentst.log,../gen/Tst_pirTest/StreamInfNN_1/log/maketst.log,../gen/Tst_pirTest/StreamInfNN_1/log/runp2p.log,../gen/Tst_pirTest/StreamInfNN_1/log/runhybrid.log,True,,,17.218611765,,,,,,18,18,route_min_directed_valient,checkerboard,4,3,-1,4,,2:50.34,0,0,44000000,43000000,4.50,0,40000000,0.0000,0.0000,0.0000,9,-nan,0.0000,,0:36.56,2210,,True,False,True,0.0,0.0,0.0,0:00.71,5838,,True,False,True,0.0,0.0,0.0,0:33.94,True
e4c1ac71,2019-07-15 19:44:11,StreamInfNN_2,pirTest,Tst,1000000000.0,../gen/Tst_pirTest/StreamInfNN_2/log/runproute.log,../gen/Tst_pirTest/StreamInfNN_2/log/runproute.sh,../gen/Tst_pirTest/StreamInfNN_2/plastisim/summary.csv,../gen/Tst_pirTest/StreamInfNN_2/pir/AccelMain.scala,../gen/Tst_pirTest/StreamInfNN_2/log/,../gen/Tst_pirTest/StreamInfNN_2/log/gentst.log,../gen/Tst_pirTest/StreamInfNN_2/log/maketst.log,../gen/Tst_pirTest/StreamInfNN_2/log/runp2p.log,../gen/Tst_pirTest/StreamInfNN_2/log/runhybrid.log,True,,,14.613237839,,,,,,18,18,route_min_directed_valient,checkerboard,4,3,-1,4,,2:15.05,0,0,31000000,22000000,4.50,0,23000000,0.0000,0.0000,0.0000,9,-nan,0.0000,,0:32.76,57545,,True,False,True,0.0,0.0,0.0,0:04.71,57809,,True,False,True,0.0,0.0,0.0,4:08.01,True
e4c1ac71,2019-07-15 19:44:11,StreamInfNN_3,pirTest,Tst,1000000000.0,../gen/Tst_pirTest/StreamInfNN_3/log/runproute.log,../gen/Tst_pirTest/StreamInfNN_3/log/runproute.sh,../gen/Tst_pirTest/StreamInfNN_3/plastisim/summary.csv,../gen/Tst_pirTest/StreamInfNN_3/pir/AccelMain.scala,../gen/Tst_pirTest/StreamInfNN_3/log/,../gen/Tst_pirTest/StreamInfNN_3/log/gentst.log,../gen/Tst_pirTest/StreamInfNN_3/log/maketst.log,../gen/Tst_pirTest/StreamInfNN_3/log/runp2p.log,../gen/Tst_pirTest/StreamInfNN_3/log/runhybrid.log,True,,,18.53281638,,,,,,18,18,route_min_directed_valient,checkerboard,4,3,-1,4,,2:44.50,0,0,46000000,55000000,4.50,0,40000000,0.0000,0.0000,0.0000,9,-nan,0.0000,,0:35.22,28831,,True,False,True,0.0,0.0,0.0,0:05.25,29165,,True,False,True,0.0,0.0,0.0,3:08.79,True
e4c1ac71,2019-07-15 19:44:11,StreamInfNN_4,pirTest,Tst,1000000000.0,../gen/Tst_pirTest/StreamInfNN_4/log/runproute.log,../gen/Tst_pirTest/StreamInfNN_4/log/runproute.sh,../gen/Tst_pirTest/StreamInfNN_4/plastisim/summary.csv,../gen/Tst_pirTest/StreamInfNN_4/pir/AccelMain.scala,../gen/Tst_pirTest/StreamInfNN_4/log/,../gen/Tst_pirTest/StreamInfNN_4/log/gentst.log,../gen/Tst_pirTest/StreamInfNN_4/log/maketst.log,../gen/Tst_pirTest/StreamInfNN_4/log/runp2p.log,../gen/Tst_pirTest/StreamInfNN_4/log/runhybrid.log,True,,,28.885709811,,,,,,18,18,route_min_directed_valient,checkerboard,4,3,-1,4,,4:44.51,0,0,119000000,192000000,5.50,0,80000000,0.0000,0.0000,0.0000,11,-nan,0.0000,,0:47.14,14515,,True,False,True,0.0,0.0,0.0,0:04.86,15053,,True,False,True,0.0,0.0,0.0,1:57.81,True
e4c1ac71,2019-07-15 19:44:11,StreamInfNN_5,pirTest,Tst,1000000000.0,../gen/Tst_pirTest/StreamInfNN_5/log/runproute.log,../gen/Tst_pirTest/StreamInfNN_5/log/runproute.sh,../gen/Tst_pirTest/StreamInfNN_5/plastisim/summary.csv,../gen/Tst_pirTest/StreamInfNN_5/pir/AccelMain.scala,../gen/Tst_pirTest/StreamInfNN_5/log/,../gen/Tst_pirTest/StreamInfNN_5/log/gentst.log,../gen/Tst_pirTest/StreamInfNN_5/log/maketst.log,../gen/Tst_pirTest/StreamInfNN_5/log/runp2p.log,../gen/Tst_pirTest/StreamInfNN_5/log/runhybrid.log,True,,,13.13749261,,,,,,18,18,route_min_directed_valient,checkerboard,4,3,-1,4,,2:07.60,0,0,28000000,37000000,4.50,0,30000000,0.0000,0.0000,0.0000,9,-nan,0.0000,,0:29.46,358,,True,False,True,0.0,0.0,0.0,0:00.26,1044,,True,False,True,0.0,0.0,0.0,0:09.85,True
e4c1ac71,2019-07-15 19:44:11,StreamInfNN_6,pirTest,Tst,1000000000.0,../gen/Tst_pirTest/StreamInfNN_6/log/runproute.log,../gen/Tst_pirTest/StreamInfNN_6/log/runproute.sh,../gen/Tst_pirTest/StreamInfNN_6/plastisim/summary.csv,../gen/Tst_pirTest/StreamInfNN_6/pir/AccelMain.scala,../gen/Tst_pirTest/StreamInfNN_6/log/,../gen/Tst_pirTest/StreamInfNN_6/log/gentst.log,../gen/Tst_pirTest/StreamInfNN_6/log/maketst.log,../gen/Tst_pirTest/StreamInfNN_6/log/runp2p.log,../gen/Tst_pirTest/StreamInfNN_6/log/runhybrid.log,True,,,11.051867103,,,,,,18,18,route_min_directed_valient,checkerboard,4,3,-1,4,,1:52.87,0,0,31000000,23000000,4.50,0,22000000,0.0000,0.0000,0.0000,9,-nan,0.0000,,0:27.19,4249,,True,False,True,0.0,0.0,0.0,0:00.59,11112,,True,False,True,0.0,0.0,0.0,1:01.07,True
e4c1ac71,2019-07-15 19:44:11,StreamInfSVM_0,pirTest,Tst,1000000000.0,../gen/Tst_pirTest/StreamInfSVM_0/log/runproute.log,../gen/Tst_pirTest/StreamInfSVM_0/log/runproute.sh,../gen/Tst_pirTest/StreamInfSVM_0/plastisim/summary.csv,../gen/Tst_pirTest/StreamInfSVM_0/pir/AccelMain.scala,../gen/Tst_pirTest/StreamInfSVM_0/log/,../gen/Tst_pirTest/StreamInfSVM_0/log/gentst.log,../gen/Tst_pirTest/StreamInfSVM_0/log/maketst.log,../gen/Tst_pirTest/StreamInfSVM_0/log/runp2p.log,../gen/Tst_pirTest/StreamInfSVM_0/log/runhybrid.log,True,,,11.12745221,,,,,,18,18,route_min_directed_valient,checkerboard,4,3,-1,4,,1:41.24,0,0,34000000,8000000,4.50,0,17000000,0.0000,0.0000,0.0000,9,-nan,0.0000,,0:26.92,3658,,True,False,True,0.0,0.0,0.0,0:00.41,3909,,True,False,True,0.0,0.0,0.0,0:09.84,True
e4c1ac71,2019-07-15 19:44:11,StreamInfSVM_1,pirTest,Tst,1000000000.0,../gen/Tst_pirTest/StreamInfSVM_1/log/runproute.log,../gen/Tst_pirTest/StreamInfSVM_1/log/runproute.sh,../gen/Tst_pirTest/StreamInfSVM_1/plastisim/summary.csv,../gen/Tst_pirTest/StreamInfSVM_1/pir/AccelMain.scala,../gen/Tst_pirTest/StreamInfSVM_1/log/,../gen/Tst_pirTest/StreamInfSVM_1/log/gentst.log,../gen/Tst_pirTest/StreamInfSVM_1/log/maketst.log,../gen/Tst_pirTest/StreamInfSVM_1/log/runp2p.log,../gen/Tst_pirTest/StreamInfSVM_1/log/runhybrid.log,True,,,12.741330708,,,,,,18,18,route_min_directed_valient,checkerboard,4,3,-1,4,,2:07.33,0,0,47000000,27000000,4.50,0,30000000,0.0000,0.0000,0.0000,9,-nan,0.0000,,0:30.24,1881,,True,False,True,0.0,0.0,0.0,0:00.47,2179,,True,False,True,0.0,0.0,0.0,0:16.73,True
e4c1ac71,2019-07-15 19:44:11,StreamInfSVM_3,pirTest,Tst,1000000000.0,../gen/Tst_pirTest/StreamInfSVM_3/log/runproute.log,../gen/Tst_pirTest/StreamInfSVM_3/log/runproute.sh,../gen/Tst_pirTest/StreamInfSVM_3/plastisim/summary.csv,../gen/Tst_pirTest/StreamInfSVM_3/pir/AccelMain.scala,../gen/Tst_pirTest/StreamInfSVM_3/log/,../gen/Tst_pirTest/StreamInfSVM_3/log/gentst.log,../gen/Tst_pirTest/StreamInfSVM_3/log/maketst.log,../gen/Tst_pirTest/StreamInfSVM_3/log/runp2p.log,../gen/Tst_pirTest/StreamInfSVM_3/log/runhybrid.log,True,,,13.483864933,,,,,,18,18,route_min_directed_valient,checkerboard,4,3,-1,4,,1:36.43,0,0,34000000,8000000,4.50,0,17000000,0.0000,0.0000,0.0000,9,-nan,0.0000,,0:28.33,3659,,True,False,True,0.0,0.0,0.0,0:00.45,3911,,True,False,True,0.0,0.0,0.0,0:18.62,True
e4c1ac71,2019-07-15 19:44:11,StreamInfSVM_4,pirTest,Tst,1000000000.0,../gen/Tst_pirTest/StreamInfSVM_4/log/runproute.log,../gen/Tst_pirTest/StreamInfSVM_4/log/runproute.sh,../gen/Tst_pirTest/StreamInfSVM_4/plastisim/summary.csv,../gen/Tst_pirTest/StreamInfSVM_4/pir/AccelMain.scala,../gen/Tst_pirTest/StreamInfSVM_4/log/,../gen/Tst_pirTest/StreamInfSVM_4/log/gentst.log,../gen/Tst_pirTest/StreamInfSVM_4/log/maketst.log,../gen/Tst_pirTest/StreamInfSVM_4/log/runp2p.log,../gen/Tst_pirTest/StreamInfSVM_4/log/runhybrid.log,True,,,16.93592936,,,,,,18,18,route_min_directed_valient,checkerboard,4,3,-1,4,,2:30.65,0,0,41000000,49000000,4.50,0,38000000,0.0000,0.0000,0.0000,9,-nan,0.0000,,0:32.13,1889,,True,False,True,0.0,0.0,0.0,0:00.44,2165,,True,False,True,0.0,0.0,0.0,0:11.83,True
e4c1ac71,2019-07-15 19:44:11,StreamInfSVM_5,pirTest,Tst,1000000000.0,../gen/Tst_pirTest/StreamInfSVM_5/log/runproute.log,../gen/Tst_pirTest/StreamInfSVM_5/log/runproute.sh,../gen/Tst_pirTest/StreamInfSVM_5/plastisim/summary.csv,../gen/Tst_pirTest/StreamInfSVM_5/pir/AccelMain.scala,../gen/Tst_pirTest/StreamInfSVM_5/log/,../gen/Tst_pirTest/StreamInfSVM_5/log/gentst.log,../gen/Tst_pirTest/StreamInfSVM_5/log/maketst.log,../gen/Tst_pirTest/StreamInfSVM_5/log/runp2p.log,../gen/Tst_pirTest/StreamInfSVM_5/log/runhybrid.log,True,,,17.217965045,,,,,,18,18,route_min_directed_valient,checkerboard,4,3,-1,4,,3:41.64,0,0,74000000,41000000,4.50,0,56000000,0.0000,0.0000,0.0000,9,-nan,0.0000,,0:40.18,981,,True,False,True,0.0,0.0,0.0,0:00.45,1287,,True,False,True,0.0,0.0,0.0,0:08.96,True
e4c1ac71,2019-07-15 19:44:11,StreamSumFields_0,pirTest,Tst,1000000000.0,../gen/Tst_pirTest/StreamSumFields_0/log/runproute.log,../gen/Tst_pirTest/StreamSumFields_0/log/runproute.sh,../gen/Tst_pirTest/StreamSumFields_0/plastisim/summary.csv,../gen/Tst_pirTest/StreamSumFields_0/pir/AccelMain.scala,../gen/Tst_pirTest/StreamSumFields_0/log/,../gen/Tst_pirTest/StreamSumFields_0/log/gentst.log,../gen/Tst_pirTest/StreamSumFields_0/log/maketst.log,../gen/Tst_pirTest/StreamSumFields_0/log/runp2p.log,../gen/Tst_pirTest/StreamSumFields_0/log/runhybrid.log,True,,,10.467935847,,,,,,18,18,route_min_directed_valient,checkerboard,4,3,-1,4,,1:23.71,0,0,16000000,11000000,4.50,0,11000000,0.0000,0.0000,0.0000,9,-nan,0.0000,,0:25.17,177,,True,False,True,0.0,0.0,0.0,0:00.22,533,,True,False,True,0.0,0.0,0.0,0:01.75,True
e4c1ac71,2019-07-15 19:44:11,StreamSumFields_1,pirTest,Tst,1000000000.0,../gen/Tst_pirTest/StreamSumFields_1/log/runproute.log,../gen/Tst_pirTest/StreamSumFields_1/log/runproute.sh,../gen/Tst_pirTest/StreamSumFields_1/plastisim/summary.csv,../gen/Tst_pirTest/StreamSumFields_1/pir/AccelMain.scala,../gen/Tst_pirTest/StreamSumFields_1/log/,../gen/Tst_pirTest/StreamSumFields_1/log/gentst.log,../gen/Tst_pirTest/StreamSumFields_1/log/maketst.log,../gen/Tst_pirTest/StreamSumFields_1/log/runp2p.log,../gen/Tst_pirTest/StreamSumFields_1/log/runhybrid.log,True,,,13.622308593,,,,,,18,18,route_min_directed_valient,checkerboard,4,3,-1,4,,1:51.49,0,0,21000000,26000000,4.50,0,20000000,0.0000,0.0000,0.0000,9,-nan,0.0000,,0:25.49,298,,True,False,True,0.0,0.0,0.0,0:00.24,732,,True,False,True,0.0,0.0,0.0,0:03.38,True
e4c1ac71,2019-07-15 19:44:11,StreamTrainLogReg_0,pirTest,Tst,1000000000.0,../gen/Tst_pirTest/StreamTrainLogReg_0/log/runproute.log,../gen/Tst_pirTest/StreamTrainLogReg_0/log/runproute.sh,../gen/Tst_pirTest/StreamTrainLogReg_0/plastisim/summary.csv,../gen/Tst_pirTest/StreamTrainLogReg_0/pir/AccelMain.scala,../gen/Tst_pirTest/StreamTrainLogReg_0/log/,../gen/Tst_pirTest/StreamTrainLogReg_0/log/gentst.log,../gen/Tst_pirTest/StreamTrainLogReg_0/log/maketst.log,../gen/Tst_pirTest/StreamTrainLogReg_0/log/runp2p.log,../gen/Tst_pirTest/StreamTrainLogReg_0/log/runhybrid.log,True,,,19.687567932,,,,,,18,18,,,,,,,,,,,,,,,,,,,,,,,0:42.10,12155,"Assertion fail:
",True,True,False,0.0,0.068,0.068,0:02.40,,,,False,False,,,,,False
e4c1ac71,2019-07-15 19:44:11,StreamTrainTest_0,pirTest,Tst,1000000000.0,../gen/Tst_pirTest/StreamTrainTest_0/log/runproute.log,../gen/Tst_pirTest/StreamTrainTest_0/log/runproute.sh,../gen/Tst_pirTest/StreamTrainTest_0/plastisim/summary.csv,../gen/Tst_pirTest/StreamTrainTest_0/pir/AccelMain.scala,../gen/Tst_pirTest/StreamTrainTest_0/log/,../gen/Tst_pirTest/StreamTrainTest_0/log/gentst.log,../gen/Tst_pirTest/StreamTrainTest_0/log/maketst.log,../gen/Tst_pirTest/StreamTrainTest_0/log/runp2p.log,../gen/Tst_pirTest/StreamTrainTest_0/log/runhybrid.log,True,,,14.261809663,,,,,,18,18,,,,,,,,,,,,,,,,,,,,,,,0:30.14,11765,"Assertion fail:
",True,True,False,0.0,0.071,0.071,0:01.40,,,,False,False,,,,,False
e4c1ac71,2019-07-15 19:44:11,SumSquare_0,pirTest,Tst,1000000000.0,../gen/Tst_pirTest/SumSquare_0/log/runproute.log,../gen/Tst_pirTest/SumSquare_0/log/runproute.sh,../gen/Tst_pirTest/SumSquare_0/plastisim/summary.csv,../gen/Tst_pirTest/SumSquare_0/pir/AccelMain.scala,../gen/Tst_pirTest/SumSquare_0/log/,../gen/Tst_pirTest/SumSquare_0/log/gentst.log,../gen/Tst_pirTest/SumSquare_0/log/maketst.log,../gen/Tst_pirTest/SumSquare_0/log/runp2p.log,../gen/Tst_pirTest/SumSquare_0/log/runhybrid.log,True,,,5.574566021,,,,,,18,18,route_min_directed_valient,checkerboard,4,3,-1,4,,0:45.21,0,0,73,0,4.50,0,33,0.0000,0.0000,0.0000,9,-nan,0.0000,,0:16.77,237,,True,False,True,0.0,0.0,0.0,0:00.20,308,,True,False,True,0.0,0.0,0.0,0:02.57,True
e4c1ac71,2019-07-15 19:44:11,SumSquare_1,pirTest,Tst,1000000000.0,../gen/Tst_pirTest/SumSquare_1/log/runproute.log,../gen/Tst_pirTest/SumSquare_1/log/runproute.sh,../gen/Tst_pirTest/SumSquare_1/plastisim/summary.csv,../gen/Tst_pirTest/SumSquare_1/pir/AccelMain.scala,../gen/Tst_pirTest/SumSquare_1/log/,../gen/Tst_pirTest/SumSquare_1/log/gentst.log,../gen/Tst_pirTest/SumSquare_1/log/maketst.log,../gen/Tst_pirTest/SumSquare_1/log/runp2p.log,../gen/Tst_pirTest/SumSquare_1/log/runhybrid.log,True,,,5.746802166,,,,,,18,18,route_min_directed_valient,checkerboard,4,3,-1,4,,0:37.60,0,0,65,0,1.00,0,33,0.0000,0.0000,0.0000,2,-nan,0.0000,,0:19.89,1042,,True,False,True,0.0,0.0,0.0,0:00.26,1073,,True,False,True,0.0,0.0,0.0,0:07.11,True
e4c1ac71,2019-07-15 19:44:11,SumSquare_2,pirTest,Tst,1000000000.0,../gen/Tst_pirTest/SumSquare_2/log/runproute.log,../gen/Tst_pirTest/SumSquare_2/log/runproute.sh,../gen/Tst_pirTest/SumSquare_2/plastisim/summary.csv,../gen/Tst_pirTest/SumSquare_2/pir/AccelMain.scala,../gen/Tst_pirTest/SumSquare_2/log/,../gen/Tst_pirTest/SumSquare_2/log/gentst.log,../gen/Tst_pirTest/SumSquare_2/log/maketst.log,../gen/Tst_pirTest/SumSquare_2/log/runp2p.log,../gen/Tst_pirTest/SumSquare_2/log/runhybrid.log,True,,,5.614925577,,,,,,18,18,route_min_directed_valient,checkerboard,4,3,-1,4,,0:46.88,0,0,73,0,4.50,0,33,0.0000,0.0000,0.0000,9,-nan,0.0000,,0:16.92,370,,True,False,True,0.0,0.0,0.0,0:00.21,441,,True,False,True,0.0,0.0,0.0,0:03.57,True
e4c1ac71,2019-07-15 19:44:11,SumSquare_3,pirTest,Tst,1000000000.0,../gen/Tst_pirTest/SumSquare_3/log/runproute.log,../gen/Tst_pirTest/SumSquare_3/log/runproute.sh,../gen/Tst_pirTest/SumSquare_3/plastisim/summary.csv,../gen/Tst_pirTest/SumSquare_3/pir/AccelMain.scala,../gen/Tst_pirTest/SumSquare_3/log/,../gen/Tst_pirTest/SumSquare_3/log/gentst.log,../gen/Tst_pirTest/SumSquare_3/log/maketst.log,../gen/Tst_pirTest/SumSquare_3/log/runp2p.log,../gen/Tst_pirTest/SumSquare_3/log/runhybrid.log,True,,,6.225722093,,,,,,18,18,route_min_directed_valient,checkerboard,4,3,-1,4,,0:44.35,0,0,65,0,1.00,0,33,0.0000,0.0000,0.0000,2,-nan,0.0000,,0:18.88,530,,True,False,True,0.0,0.0,0.0,0:00.23,561,,True,False,True,0.0,0.0,0.0,0:03.52,True
e4c1ac71,2019-07-15 19:44:11,SumSquare_5,pirTest,Tst,1000000000.0,../gen/Tst_pirTest/SumSquare_5/log/runproute.log,../gen/Tst_pirTest/SumSquare_5/log/runproute.sh,../gen/Tst_pirTest/SumSquare_5/plastisim/summary.csv,../gen/Tst_pirTest/SumSquare_5/pir/AccelMain.scala,../gen/Tst_pirTest/SumSquare_5/log/,../gen/Tst_pirTest/SumSquare_5/log/gentst.log,../gen/Tst_pirTest/SumSquare_5/log/maketst.log,../gen/Tst_pirTest/SumSquare_5/log/runp2p.log,../gen/Tst_pirTest/SumSquare_5/log/runhybrid.log,True,,,6.663600427,,,,,,18,18,route_min_directed_valient,checkerboard,4,3,-1,4,,0:53.93,0,0,73,0,4.50,0,33,0.0000,0.0000,0.0000,9,-nan,0.0000,,0:19.60,194,,True,False,True,0.0,0.0,0.0,0:00.22,265,,True,False,True,0.0,0.0,0.0,0:02.40,True
e4c1ac71,2019-07-15 19:44:11,TPCHQ6_0,pirTest,Tst,1000000000.0,../gen/Tst_pirTest/TPCHQ6_0/log/runproute.log,../gen/Tst_pirTest/TPCHQ6_0/log/runproute.sh,../gen/Tst_pirTest/TPCHQ6_0/plastisim/summary.csv,../gen/Tst_pirTest/TPCHQ6_0/pir/AccelMain.scala,../gen/Tst_pirTest/TPCHQ6_0/log/,../gen/Tst_pirTest/TPCHQ6_0/log/gentst.log,../gen/Tst_pirTest/TPCHQ6_0/log/maketst.log,../gen/Tst_pirTest/TPCHQ6_0/log/runp2p.log,../gen/Tst_pirTest/TPCHQ6_0/log/runhybrid.log,True,,,13.766384278,,,,,,18,18,route_min_directed_valient,checkerboard,4,3,-1,4,,2:24.21,0,0,1096,1984,5.50,0,1173,0.0000,0.0000,0.0000,11,-nan,0.0000,,0:33.28,425,,True,False,True,0.0,38.551,0.0,0:00.27,630,,True,False,True,0.0,26.006,0.0,0:04.45,True
e4c1ac71,2019-07-15 19:44:11,TPCHQ6_1,pirTest,Tst,1000000000.0,../gen/Tst_pirTest/TPCHQ6_1/log/runproute.log,../gen/Tst_pirTest/TPCHQ6_1/log/runproute.sh,../gen/Tst_pirTest/TPCHQ6_1/plastisim/summary.csv,../gen/Tst_pirTest/TPCHQ6_1/pir/AccelMain.scala,../gen/Tst_pirTest/TPCHQ6_1/log/,../gen/Tst_pirTest/TPCHQ6_1/log/gentst.log,../gen/Tst_pirTest/TPCHQ6_1/log/maketst.log,../gen/Tst_pirTest/TPCHQ6_1/log/runp2p.log,../gen/Tst_pirTest/TPCHQ6_1/log/runhybrid.log,True,,,11.313528477,,,,,,18,18,route_min_directed_valient,checkerboard,4,3,-1,4,,2:18.23,0,0,41033,0,5.50,0,13461,0.0000,0.0000,0.0000,11,-nan,0.0000,,0:28.83,3906,,True,False,True,0.0,4.195,0.0,0:00.49,4412,,True,False,True,0.0,3.714,0.0,0:28.85,True
e4c1ac71,2019-07-15 19:44:11,TPCHQ6_2,pirTest,Tst,1000000000.0,../gen/Tst_pirTest/TPCHQ6_2/log/runproute.log,../gen/Tst_pirTest/TPCHQ6_2/log/runproute.sh,../gen/Tst_pirTest/TPCHQ6_2/plastisim/summary.csv,../gen/Tst_pirTest/TPCHQ6_2/pir/AccelMain.scala,../gen/Tst_pirTest/TPCHQ6_2/log/,../gen/Tst_pirTest/TPCHQ6_2/log/gentst.log,../gen/Tst_pirTest/TPCHQ6_2/log/maketst.log,../gen/Tst_pirTest/TPCHQ6_2/log/runp2p.log,../gen/Tst_pirTest/TPCHQ6_2/log/runhybrid.log,True,,,15.082232779,,,,,,18,18,route_min_directed_valient,checkerboard,4,3,-1,4,,3:42.22,0,0,810,2656,6.50,0,1049,0.0000,0.0000,0.0000,13,-nan,0.0000,,0:39.77,440,,True,False,True,0.0,37.236,0.0,0:00.30,682,,True,False,True,0.0,24.023,0.0,0:05.15,True
e4c1ac71,2019-07-15 19:44:11,TPCHQ6_3,pirTest,Tst,1000000000.0,../gen/Tst_pirTest/TPCHQ6_3/log/runproute.log,../gen/Tst_pirTest/TPCHQ6_3/log/runproute.sh,../gen/Tst_pirTest/TPCHQ6_3/plastisim/summary.csv,../gen/Tst_pirTest/TPCHQ6_3/pir/AccelMain.scala,../gen/Tst_pirTest/TPCHQ6_3/log/,../gen/Tst_pirTest/TPCHQ6_3/log/gentst.log,../gen/Tst_pirTest/TPCHQ6_3/log/maketst.log,../gen/Tst_pirTest/TPCHQ6_3/log/runp2p.log,../gen/Tst_pirTest/TPCHQ6_3/log/runhybrid.log,True,,,20.161121807,,,,,,18,18,route_min_directed_valient,checkerboard,4,3,-1,4,,4:09.89,0,0,53388,0,6.50,0,15513,0.0000,0.0000,0.0000,13,-nan,0.0000,,0:39.04,2044,,True,False,True,0.0,8.016,0.0,0:00.71,5902,,True,False,True,0.0,2.776,0.0,0:32.70,True
e4c1ac71,2019-07-15 19:44:11,TPCHQ6_4,pirTest,Tst,1000000000.0,../gen/Tst_pirTest/TPCHQ6_4/log/runproute.log,../gen/Tst_pirTest/TPCHQ6_4/log/runproute.sh,../gen/Tst_pirTest/TPCHQ6_4/plastisim/summary.csv,../gen/Tst_pirTest/TPCHQ6_4/pir/AccelMain.scala,../gen/Tst_pirTest/TPCHQ6_4/log/,../gen/Tst_pirTest/TPCHQ6_4/log/gentst.log,../gen/Tst_pirTest/TPCHQ6_4/log/maketst.log,../gen/Tst_pirTest/TPCHQ6_4/log/runp2p.log,../gen/Tst_pirTest/TPCHQ6_4/log/runhybrid.log,True,,,29.803827517,,,,,,18,18,route_min_directed_valient,checkerboard,4,3,-1,4,,12:41.04,78,0,943,2896,180.95,3,1105,0.1875,0.4375,0.0625,18,42.86,0.0625,,1:10.81,424,,True,False,True,0.0,38.642,0.0,0:00.47,705,,True,False,True,0.0,23.24,0.0,0:06.93,True
e4c1ac71,2019-07-15 19:44:11,VecTest,pirTest,Tst,1000000000.0,../gen/Tst_pirTest/VecTest/log/runproute.log,../gen/Tst_pirTest/VecTest/log/runproute.sh,../gen/Tst_pirTest/VecTest/plastisim/summary.csv,../gen/Tst_pirTest/VecTest/pir/AccelMain.scala,../gen/Tst_pirTest/VecTest/log/,../gen/Tst_pirTest/VecTest/log/gentst.log,../gen/Tst_pirTest/VecTest/log/maketst.log,../gen/Tst_pirTest/VecTest/log/runp2p.log,../gen/Tst_pirTest/VecTest/log/runhybrid.log,True,,,14.136031942,,,,,,18,18,route_min_directed_valient,checkerboard,4,3,-1,4,,2:23.00,0,0,701,5020,5.00,0,1837,0.0000,0.0000,0.0000,10,-nan,0.0000,,0:34.19,589,,True,False,True,0.0,0.217,6.954,0:00.29,1096,,True,False,True,0.0,0.117,3.737,0:02.82,True
